tipo_credito,fecha_prestamo,capital_prestado,plazo_meses,edad_cliente,tipo_laboral,salario_cliente,total_otros_prestamos,cuota_pactada,puntaje,puntaje_datacredito,cant_creditosvigentes,huella_consulta,saldo_mora,saldo_total,saldo_principal,saldo_mora_codeudor,creditos_sectorFinanciero,creditos_sectorCooperativo,creditos_sectorReal,promedio_ingresos_datacredito,tendencia_ingresos,Pago_atiempo
4,2025-04-22 09:47:35,840000.0,6,60,Empleado,3000000,2000000,124876,95.227787,789.0,3,1,0.0,8673.0,8673.0,0.0,0,0,2,939017.0,Creciente,1
9,2025-04-26 11:24:26,2781636.0,11,44,Empleado,5000000,4000000,217037,95.227787,771.0,4,6,0.0,204804.0,204804.0,0.0,3,0,1,933473.0,Creciente,1
4,2025-06-10 08:54:01,1031928.0,12,32,Empleado,2800000,800000,82872,95.227787,721.0,10,13,0.0,24399.0,24399.0,0.0,2,0,8,2808474.0,Creciente,1
4,2025-08-09 13:00:44,3064280.4,6,68,Independiente,1000000,22005000,461231,95.227787,814.0,11,8,0.0,211775.0,211775.0,0.0,6,3,0,969508.0,Creciente,1
4,2025-08-18 12:49:19,3619560.0,6,31,Empleado,3782303,305000,542079,95.227787,760.0,1,5,0.0,12078.0,12078.0,0.0,0,1,0,3782303.0,Creciente,1
4,2024-12-31 14:32:59,8400000.0,6,45,Empleado,14000000,5000000,1166667,95.227787,752.0,4,3,0.0,125383.0,125383.0,0.0,2,0,0,28889623.0,Creciente,1
4,2025-03-25 17:19:59,2236561.1999999997,12,58,Empleado,2800000,400000,175932,95.227787,754.0,10,2,0.0,56437.0,56437.0,0.0,5,0,3,3922859.0,Creciente,1
4,2024-12-17 10:40:13,2969520.0,12,61,Independiente,4000000,1500000,232992,95.227787,858.0,5,2,0.0,67246.0,56774.0,0.0,3,0,1,,,1
4,2025-04-04 10:21:53,4344000.0,6,43,Independiente,20000000,10000000,645827,95.227787,838.0,5,1,0.0,4223.0,4223.0,0.0,2,1,1,1000000.0,Estable,1
4,2025-06-15 16:25:06,1200000.0,6,68,Empleado,4000000,2500000,178476,49.161959,766.0,4,3,0.0,7506.0,7506.0,0.0,1,0,0,,,0
9,2025-04-30 16:38:32,878880.0,5,49,Independiente,5000000,2000000,142664,95.227787,820.0,13,12,0.0,36418.0,18861.0,0.0,6,0,4,941789.0,Creciente,1
9,2025-03-26 16:35:35,878880.0,11,45,Independiente,5000000,2000000,68496,95.227787,732.0,9,13,0.0,41386.0,41386.0,0.0,3,1,4,925157.0,Creciente,1
4,2025-06-20 11:28:52,7200000.0,12,60,Independiente,12000000,3000000,570791,95.227787,781.0,4,4,0.0,73341.0,73341.0,0.0,2,0,2,950105.0,Creciente,1
4,2024-12-28 17:28:36,1806840.0,6,62,Empleado,1100000,500000,268172,95.227787,812.0,5,0,0.0,797.0,797.0,0.0,2,0,0,1136219.0,Creciente,1
4,2025-02-17 12:13:35,3516000.0,6,53,Independiente,10000000,3000000,522198,95.227787,724.0,5,3,0.0,235751.0,235751.0,0.0,2,0,2,916841.0,Creciente,1
4,2024-12-30 12:11:31,3810308.4,12,55,Empleado,3000000,1000000,297986,95.227787,788.0,9,3,0.0,51322.0,51322.0,0.0,2,1,4,992011.0,Decreciente,1
4,2025-05-05 13:39:37,3661855.1999999997,6,61,Independiente,15000000,3000000,545699,84.730786,805.0,5,6,0.0,34467.0,34467.0,0.0,4,0,0,,,1
4,2025-04-05 17:06:44,1929480.0,6,49,Empleado,6800000,2500000,286841,95.227787,801.0,6,3,0.0,82874.0,82874.0,0.0,4,0,1,31156.0,Creciente,1
9,2025-04-05 12:28:58,878880.0,2,38,Independiente,4000000,2000000,346587,95.227787,779.0,10,7,0.0,100471.0,100471.0,0.0,5,1,2,931394.0,Creciente,1
9,2025-05-25 16:45:29,821208.0,2,20,Independiente,5000000,2000000,324034,95.227787,767.0,7,4,0.0,21034.0,18993.0,0.0,2,0,3,954263.0,Creciente,1
4,2025-01-11 19:03:29,2340000.0,12,37,Empleado,3100000,200000,183599,95.227787,737.0,3,10,0.0,27267.0,27267.0,0.0,2,0,0,3021448.0,Creciente,1
9,2024-12-06 17:11:19,677718.0,10,68,Empleado,0,0,57390,95.227787,799.0,1,1,0.0,71240.0,71240.0,0.0,1,0,0,2711627.0,Creciente,1
9,2025-01-15 17:12:09,2407514.4,10,67,Empleado,2000000,1500000,204194,95.227787,761.0,4,0,0.0,29817.0,29817.0,,2,0,2,,,1
9,2025-02-22 11:26:40,878880.0,8,63,Independiente,5000000,2000000,91585,95.227787,819.0,8,3,0.0,157476.0,108281.0,0.0,1,3,4,,,1
9,2025-03-12 14:30:09,5277316.8,9,68,Independiente,3500000,0,493328,95.227787,886.0,2,3,0.0,3681.0,3681.0,0.0,2,0,0,,,1
4,2025-06-09 14:55:24,420000.0,18,45,Empleado,3700000,1800000,23983,95.227787,731.0,13,7,0.0,9660.0,9660.0,0.0,6,0,5,,,1
9,2024-11-28 13:03:50,2429022.0,9,41,Independiente,8000000,3000000,226524,95.227787,844.0,4,3,0.0,36426.0,36426.0,0.0,3,1,0,1000000.0,Estable,1
9,2025-06-27 11:59:06,3387720.0,9,42,Empleado,5000000,2000000,317596,95.227787,890.0,7,2,0.0,14526.0,14526.0,0.0,5,0,0,7423500.0,Creciente,1
4,2025-04-01 13:45:32,669600.0,6,41,Independiente,3600000,500000,99948,95.227787,795.0,3,6,0.0,37627.0,37627.0,0.0,1,0,1,,,1
9,2025-04-07 11:42:19,1439079.5999999999,11,60,Empleado,5000000,3500000,112156,91.99794,815.0,3,4,0.0,3215.0,3215.0,0.0,0,0,2,991122.0,Creciente,1
9,2026-02-26 08:34:21,3823214.4,10,43,Empleado,18258000,4028000,342742,95.227787,880.0,12,2,0.0,424640.0,120655.0,0.0,9,0,0,13719347.0,Creciente,1
4,2025-05-18 11:48:17,1611759.5999999999,6,42,Independiente,2500000,1600000,241383,95.227787,731.0,2,3,0.0,1600.0,1600.0,0.0,1,0,0,,,1
4,2025-02-09 14:13:32,1404000.0,10,37,Empleado,3500000,2000000,129921,95.227787,774.0,2,1,0.0,0.0,0.0,0.0,0,0,0,3447484.0,Creciente,1
9,2025-06-08 12:47:02,744115.2,9,37,Empleado,2000000,1400000,69727,95.227787,735.0,5,5,0.0,8384.0,1057.0,0.0,0,0,2,2868897.0,Creciente,1
9,2025-11-12 10:09:15,3846830.4,10,40,Empleado,4824000,1638000,337499,95.227787,818.0,8,3,0.0,36056.0,36056.0,0.0,6,0,1,1084047.0,Creciente,1
4,2025-01-23 10:23:42,960000.0,6,62,Independiente,3000000,1050000,142489,95.227787,856.0,8,1,0.0,42809.0,40976.0,0.0,6,0,2,,,1
4,2025-06-22 11:57:43,734400.0,6,62,Independiente,2600000,450000,110397,95.227787,794.0,9,2,0.0,73820.0,73820.0,0.0,5,0,1,977131.0,Creciente,1
4,2024-12-07 08:33:22,2328000.0,12,42,Independiente,16000000,12000000,182670,-13.193985,762.0,10,7,0.0,185912.0,185912.0,0.0,7,0,1,860936.0,Decreciente,0
4,2025-01-23 12:11:58,4659840.0,6,39,Empleado,12000000,6000000,690914,95.227787,706.0,3,2,0.0,2407.0,2407.0,0.0,2,0,0,5615070.0,Creciente,1
4,2025-03-10 19:00:50,1092960.0,8,40,Empleado,1800000,500000,124065,95.227787,765.0,1,4,0.0,29.0,29.0,0.0,0,0,0,1196669.0,Creciente,1
4,2025-10-03 15:30:48,2067540.0,6,54,Independiente,4350000,1352000,312676,95.227787,748.0,10,3,0.0,54426.0,54426.0,0.0,6,0,1,1536363.0,Creciente,1
4,2024-12-09 18:45:22,1985520.0,6,55,Empleado,2000000,800000,294702,95.227787,848.0,3,2,0.0,6667.0,6667.0,0.0,1,0,0,3879984.0,Creciente,1
4,2025-02-23 15:08:54,12480000.0,6,42,Independiente,14000000,4000000,1853620,95.227787,708.0,5,5,0.0,39944.0,39944.0,0.0,3,0,0,908526.0,Estable,1
9,2025-02-09 12:56:34,1604400.0,6,62,Independiente,4000000,2000000,218705,95.227787,800.0,6,5,0.0,208519.0,208519.0,0.0,4,0,1,1565000.0,Estable,1
4,2025-03-15 15:32:33,6480000.0,6,38,Independiente,10000000,2000000,963064,95.227787,788.0,3,3,0.0,69588.0,69588.0,0.0,1,0,0,545426.0,Creciente,1
4,2025-04-27 14:33:10,3575997.6,6,48,Independiente,6000000,1800000,531648,95.227787,774.0,8,5,0.0,25755.0,22857.0,0.0,5,0,1,963410.0,Decreciente,1
4,2025-05-10 15:25:52,1144800.0,6,49,Empleado,2257000,1000000,170189,95.227787,827.0,4,2,0.0,4909.0,4909.0,0.0,1,0,1,2835797.0,Creciente,1
4,2025-02-17 09:14:24,3389690.4,6,60,Independiente,8000000,1500000,503439,95.227787,846.0,5,1,0.0,42035.0,42035.0,0.0,4,0,0,878310.0,Creciente,1
4,2025-03-06 12:30:12,3513480.0,12,62,Independiente,8000000,4000000,276351,95.227787,774.0,3,5,0.0,23628.0,23628.0,0.0,3,0,0,,,1
4,2025-03-16 10:13:38,1848600.0,6,58,Empleado,5000000,2000000,274568,95.227787,865.0,7,4,0.0,52913.0,52913.0,0.0,2,3,0,5011916.0,Decreciente,1
9,2025-04-10 16:31:10,878880.0,3,59,Independiente,4000000,2000000,233237,95.227787,830.0,1,2,0.0,15000.0,15000.0,0.0,1,0,0,,,1
4,2025-03-17 17:11:41,3042780.0,6,57,Independiente,3000000,400000,451936,95.227787,826.0,1,0,0.0,43.0,43.0,0.0,0,0,0,931394.0,Creciente,1
9,2024-11-29 14:27:32,1084186.8,2,50,Independiente,4000000,1500000,427173,95.227787,725.0,9,5,0.0,261947.0,261947.0,,4,0,1,,,1
4,2025-12-27 17:59:33,821760.0,6,41,Empleado,3600000,2878000,125367,95.227787,774.0,12,4,0.0,120117.0,120117.0,0.0,7,1,2,,,1
9,2025-05-17 10:11:35,878880.0,5,60,Independiente,4000000,2000000,142747,3.819022,815.0,6,3,0.0,16673.0,16673.0,0.0,3,0,2,908526.0,Creciente,0
4,2025-09-09 12:10:08,1583641.2,6,40,Empleado,1720000,1641000,239189,95.227787,816.0,8,4,0.0,85947.0,85947.0,0.0,5,0,0,,,1
4,2025-01-14 16:19:42,4953960.0,12,39,Empleado,2000000,800000,388216,95.227787,774.0,5,10,0.0,484.0,484.0,0.0,1,0,2,908526.0,Estable,1
9,2025-04-09 15:04:56,1185660.0,11,38,Independiente,5000000,2000000,92406,95.227787,799.0,10,7,0.0,193536.0,193536.0,0.0,7,0,2,,,1
4,2025-01-09 16:01:20,2033760.0,12,62,Independiente,2500000,500000,141233,95.227787,854.0,8,2,0.0,74179.0,74179.0,0.0,5,0,1,916148.0,Creciente,1
4,2025-07-19 11:40:45,1531200.0,6,69,Independiente,4000000,0,229318,95.227787,708.0,7,2,0.0,30319.0,30319.0,0.0,2,0,0,870542.0,Decreciente,1
4,2025-04-08 10:20:47,960000.0,6,58,Empleado,5000000,2000000,142724,95.227787,802.0,7,3,0.0,64535.0,37683.0,0.0,1,3,2,,,1
4,2025-02-18 11:44:38,2349999.6,8,49,Independiente,5000000,4000000,266771,95.227787,749.0,4,4,0.0,10315.0,10315.0,0.0,1,0,1,,,1
4,2025-10-13 14:39:31,963918.0,6,64,Independiente,2330000,0,146818,95.227787,856.0,1,1,0.0,0.0,0.0,0.0,0,0,0,2142000.0,Creciente,1
9,2025-04-10 15:25:16,2419717.1999999997,11,59,Empleado,3100000,1500000,188583,95.227787,724.0,2,4,0.0,15709.0,15709.0,0.0,2,0,0,,,1
4,2024-11-28 11:14:17,1560000.0,12,58,Empleado,1014000,500000,122255,95.227787,771.0,4,2,0.0,15060.0,15060.0,0.0,2,0,1,908526.0,Estable,1
9,2025-07-06 08:31:18,1269000.0,4,60,Independiente,5000000,2000000,255259,95.227787,767.0,5,5,0.0,118374.0,118374.0,0.0,2,0,3,,,1
4,2025-03-14 16:39:19,4224000.0,6,57,Independiente,20000000,1000000,627807,95.227787,863.0,2,5,0.0,37295.0,37295.0,0.0,1,0,0,926820.0,Creciente,1
4,2025-02-20 13:37:18,3288000.0,12,58,Independiente,5000000,3000000,258320,89.2295,798.0,2,2,0.0,12736.0,12736.0,0.0,0,1,0,,,1
9,2025-05-04 10:28:18,878880.0,5,63,Independiente,4000000,2000000,142664,95.227787,836.0,9,2,0.0,112432.0,112432.0,0.0,4,1,2,969508.0,Creciente,1
4,2025-01-02 18:43:11,2714280.0,12,42,Independiente,5000000,1500000,188492,95.227787,883.0,2,4,0.0,75370.0,75370.0,0.0,2,0,0,1028928.0,Creciente,1
4,2025-04-11 11:26:47,936000.0,6,41,Empleado,2000000,600000,139148,95.227787,811.0,4,3,0.0,49885.0,49885.0,0.0,2,0,0,,,1
4,2025-08-12 14:33:40,1850040.0,6,42,Empleado,1940000,0,278493,95.227787,828.0,3,0,0.0,0.0,0.0,0.0,2,0,0,,,1
9,2025-10-13 14:25:06,1838605.2,10,56,Independiente,10480000,3470000,159399,95.227787,843.0,11,4,0.0,117101.0,117101.0,0.0,8,0,1,1891994.0,Creciente,1
4,2025-01-20 13:15:41,3523921.1999999997,12,51,Independiente,3000000,1800000,244717,95.227787,879.0,8,7,0.0,27724.0,7900.0,0.0,4,0,1,916841.0,Creciente,1
9,2025-05-21 16:36:18,1185660.0,2,49,Independiente,5000000,2000000,467840,78.432586,769.0,8,10,0.0,85751.0,85751.0,0.0,1,0,2,941789.0,Creciente,1
4,2025-05-02 13:47:57,1618320.0,6,43,Empleado,3000000,500000,241181,95.227787,729.0,4,2,0.0,13754.0,12345.0,0.0,2,0,2,,,1
9,2025-09-22 17:52:14,2758813.1999999997,11,42,Empleado,2030000,0,217964,95.227787,812.0,1,3,0.0,0.0,0.0,0.0,0,0,0,931394.0,Creciente,1
4,2025-01-13 15:25:31,4253520.0,12,41,Independiente,4000000,500000,295383,95.227787,763.0,11,13,0.0,24205.0,24205.0,0.0,9,0,1,916148.0,Creciente,1
4,2025-01-16 08:10:36,2287080.0,12,40,Empleado,1800000,800000,158825,95.227787,852.0,1,4,0.0,0.0,0.0,0.0,1,0,0,1910696.0,Creciente,1
4,2025-10-11 16:04:15,3186480.0,6,57,Empleado,2890000,176000,485346,95.227787,750.0,5,3,0.0,17279.0,786.0,0.0,0,0,3,1739567.0,Creciente,1
4,2025-07-24 18:21:08,4632481.2,8,44,Empleado,3441577,0,524652,95.227787,851.0,2,0,0.0,0.0,0.0,0.0,1,0,0,3703549.0,Creciente,1
4,2025-01-21 17:40:43,839880.0,12,44,Empleado,6000000,3000000,58325,91.99794,885.0,8,3,0.0,73593.0,73593.0,0.0,7,0,0,6745432.0,Creciente,1
9,2025-04-09 08:53:34,821208.0,5,66,Independiente,3500000,1800000,133225,95.227787,774.0,5,2,0.0,6355.0,6355.0,0.0,2,0,3,,,1
4,2025-01-20 18:53:27,2523660.0,6,52,Empleado,2000000,600000,374320,95.227787,796.0,2,6,0.0,29047.0,29047.0,0.0,1,0,1,2343521.0,Creciente,1
4,2024-11-30 13:18:41,1476000.0,12,67,Empleado,850000,100000,115666,95.227787,793.0,0,5,0.0,0.0,,,0,0,0,905965.0,Creciente,1
4,2025-03-25 15:52:43,1008000.0,6,63,Empleado,3000000,1000000,150224,95.227787,834.0,9,11,0.0,33287.0,33287.0,0.0,6,0,2,,,1
4,2025-02-25 11:39:50,2952000.0,6,63,Independiente,10000000,4000000,438433,95.227787,819.0,12,4,0.0,129897.0,115230.0,0.0,4,2,3,1854160.0,Estable,1
9,2025-06-19 15:03:48,2851915.1999999997,9,40,Independiente,26000000,16000000,267365,95.227787,825.0,13,10,0.0,609034.0,589129.0,0.0,6,2,4,1830000.0,Creciente,1
4,2025-04-25 17:21:37,3307080.0,6,37,Empleado,3200000,1800000,491638,89.979287,753.0,4,4,0.0,27220.0,27220.0,0.0,2,0,0,,,1
4,2025-07-05 11:08:19,6284535.6,6,50,Independiente,12000000,2000000,938118,95.227787,798.0,3,6,0.0,820.0,820.0,0.0,0,0,1,1000000.0,Estable,1
4,2025-07-24 13:30:46,3389691.6,6,53,Independiente,2320000,14000,507699,25.419455,732.0,3,6,0.0,2503.0,2503.0,0.0,1,0,0,,,0
4,2025-03-03 16:28:20,5008346.399999999,36,53,Empleado,5000000,800000,165110,95.227787,841.0,3,6,0.0,67871.0,67871.0,0.0,3,0,0,1057500.0,Creciente,1
9,2024-12-21 09:59:32,3292321.1999999997,11,42,Empleado,12000000,4000000,256151,95.227787,457.0,4,1,5721.0,178218.0,178218.0,,2,0,1,,,1
4,2025-01-15 14:56:45,5505481.2,12,36,Empleado,6000000,2500000,382325,95.227787,793.0,10,2,0.0,9125.0,9125.0,0.0,6,0,1,1269533.0,Decreciente,1
4,2025-02-14 15:39:40,3600000.0,6,68,Independiente,5000000,1000000,533411,95.227787,887.0,6,7,0.0,28862.0,28862.0,0.0,3,0,1,916148.0,Creciente,1
4,2025-08-08 14:34:47,2280000.0,6,53,Independiente,1000000,1283000,343182,95.227787,780.0,6,5,0.0,33446.0,33446.0,0.0,2,1,1,1000000.0,Estable,1
4,2025-02-03 18:52:42,14208000.0,12,48,Independiente,25000000,18000000,1116242,95.227787,893.0,12,3,0.0,22552.0,22552.0,0.0,8,0,1,1216666.0,Creciente,1
4,2025-03-06 11:57:25,3312000.0,6,42,Independiente,11000000,5000000,492258,95.227787,798.0,6,4,0.0,16828.0,16828.0,0.0,4,0,0,925157.0,Creciente,1
9,2025-02-10 11:42:17,1269000.0,9,63,Empleado,4000000,2000000,118514,91.410695,681.0,17,3,67.0,157652.0,157652.0,0.0,6,0,8,29261.0,Creciente,1
4,2025-04-14 12:31:30,2160000.0,24,43,Empleado,2000000,300000,96249,-18.471029,711.0,1,6,0.0,0.0,0.0,0.0,0,0,0,909000.0,Decreciente,0
4,2025-09-26 12:08:48,4655520.0,6,53,Empleado,5610000,2141000,703164,95.227787,788.0,8,7,0.0,46800.0,46800.0,0.0,7,0,0,1954263.0,Creciente,1
9,2025-06-29 10:37:31,2274708.0,9,65,Empleado,2000000,1000000,213252,95.227787,837.0,3,3,0.0,19696.0,19696.0,0.0,0,2,0,3710985.0,Creciente,1
4,2025-03-06 15:41:02,5940000.0,12,62,Independiente,8000000,7000000,467252,95.227787,884.0,1,5,0.0,0.0,0.0,0.0,1,0,0,1000000.0,Estable,1
4,2025-06-14 16:12:57,1037640.0,12,62,Empleado,1700000,400000,82269,95.227787,798.0,3,3,0.0,3200.0,3200.0,0.0,1,0,2,1291304.0,Creciente,1
4,2025-08-08 16:54:02,2585400.0,8,59,Independiente,3500000,1200000,292844,95.227787,803.0,8,3,0.0,13779.0,13779.0,0.0,2,0,4,30285.0,Estable,1
4,2025-01-20 14:46:21,1702980.0,6,40,Empleado,4000000,1400000,252766,95.227787,796.0,6,2,0.0,52390.0,52390.0,0.0,3,0,0,,,1
4,2025-01-11 18:17:03,2113740.0,6,43,Empleado,4500000,1200000,313519,95.227787,765.0,5,6,0.0,3643.0,3643.0,0.0,0,0,3,908526.0,Estable,1
4,2025-09-09 11:42:08,3720000.0,6,47,Independiente,2040000,669000,561864,89.979287,807.0,2,7,0.0,1646.0,1646.0,0.0,1,0,1,816666.0,Creciente,1
4,2025-01-07 11:43:17,1657200.0,6,40,Independiente,6000000,2500000,246363,95.227787,788.0,7,4,0.0,42527.0,42527.0,0.0,4,0,3,1322812.0,Creciente,1
4,2025-01-10 18:22:12,7125772.8,6,43,Independiente,8000000,2000000,1055823,-4.491112,717.0,9,5,0.0,88335.0,79661.0,0.0,5,1,0,900955.0,Creciente,0
4,2025-05-19 13:28:26,1776000.0,12,59,Empleado,16500000,4000000,140394,95.227787,871.0,8,4,0.0,369613.0,369613.0,0.0,6,0,1,17232233.0,Estable,1
4,2025-01-06 15:26:24,1988280.0,12,51,Independiente,4000000,400000,138075,91.99794,870.0,8,3,0.0,11627.0,11627.0,0.0,5,0,0,908526.0,Estable,1
9,2025-01-02 17:38:16,3150078.0,10,49,Empleado,6000000,2500000,267175,95.227787,947.0,14,0,0.0,38009.0,38009.0,,4,0,9,,,1
9,2025-01-16 10:47:36,3424414.8,10,38,Independiente,0,0,290443,91.728786,786.0,3,2,0.0,56796.0,56796.0,0.0,0,2,0,,,1
9,2025-05-07 12:45:50,4811828.399999999,10,38,Independiente,5400000,4000000,409188,95.227787,839.0,3,2,0.0,3048.0,3048.0,0.0,1,0,0,2032200.0,Estable,1
4,2025-02-22 09:52:23,2232000.0,12,69,Independiente,6500000,2000000,175356,95.227787,838.0,8,7,0.0,165339.0,165339.0,0.0,5,0,2,626011.0,Creciente,1
4,2025-07-26 16:24:52,2304456.0,6,58,Empleado,4440000,249000,341681,95.227787,896.0,3,3,0.0,128.0,128.0,0.0,1,0,0,,,1
4,2025-01-15 13:20:03,2102106.0,8,52,Empleado,1600000,480000,238926,95.227787,787.0,7,3,0.0,21369.0,21369.0,0.0,3,0,1,916148.0,Creciente,1
9,2024-12-14 10:21:08,1784714.4,10,37,Empleado,2100000,300000,151133,70.034986,704.0,4,0,0.0,60596.0,7987.0,0.0,0,0,0,,,1
4,2024-12-30 10:17:02,3335280.0,36,37,Empleado,1800000,800000,107488,95.227787,821.0,4,2,0.0,13060.0,13060.0,0.0,2,0,2,1563106.0,Creciente,1
4,2025-05-31 11:40:46,890298.0,6,38,Empleado,3500000,1800000,133832,95.227787,788.0,5,7,0.0,74751.0,74751.0,0.0,2,0,1,,,1
9,2025-02-09 13:23:27,2472702.0,11,38,Empleado,1400000,500000,209350,95.227787,852.0,2,1,0.0,463.0,463.0,0.0,2,0,0,1494468.0,Creciente,1
4,2025-11-28 10:52:09,4185600.0,36,39,Empleado,3816000,803000,154614,95.227787,747.0,3,1,0.0,14612.0,14612.0,0.0,2,0,0,3382783.0,Creciente,1
4,2025-07-25 13:08:31,1578600.0,6,38,Empleado,3990000,1503000,237865,95.227787,777.0,7,4,0.0,82773.0,77711.0,0.0,3,1,2,,,1
4,2025-09-13 11:57:06,6456000.0,6,57,Independiente,5540000,0,975098,95.227787,881.0,3,4,0.0,56681.0,49.0,0.0,1,1,0,977131.0,Creciente,1
4,2025-04-06 15:09:56,912000.0,18,56,Empleado,2100000,400000,51133,95.227787,753.0,8,3,0.0,21184.0,21184.0,0.0,0,2,3,1424251.0,Creciente,1
9,2025-05-01 11:59:38,2352013.1999999997,9,42,Independiente,2200000,1500000,222577,95.227787,831.0,4,2,0.0,11063.0,11063.0,0.0,3,0,0,1827272.0,Creciente,1
4,2026-02-08 17:13:56,2775048.0,6,40,Independiente,6670000,3207000,427589,95.227787,805.0,7,8,0.0,87158.0,55657.0,0.0,4,0,1,1769540.0,Creciente,1
9,2025-07-24 09:59:20,1239232.8,9,38,Empleado,3200000,1800000,116399,95.227787,830.0,5,8,0.0,78565.0,78565.0,0.0,5,0,0,3416363.0,Creciente,1
4,2025-08-25 13:21:18,3634800.0,36,37,Empleado,4840000,2555000,125618,95.227787,777.0,8,3,0.0,138579.0,51168.0,0.0,3,3,0,2598961.0,Creciente,1
9,2025-06-27 10:18:14,1521682.8,4,39,Independiente,5000000,2000000,306086,95.227787,787.0,7,0,0.0,281986.0,281217.0,0.0,4,0,2,950105.0,Creciente,1
9,2025-05-05 09:28:40,816543.6,10,38,Empleado,1800000,1000000,69437,95.227787,711.0,9,0,0.0,14235.0,14235.0,0.0,3,0,3,1211224.0,Creciente,1
4,2025-06-03 16:47:12,2288040.0,12,38,Empleado,6000000,2500000,181388,95.227787,772.0,6,5,0.0,3217.0,3217.0,0.0,3,0,1,1200000.0,Creciente,1
4,2025-12-30 14:16:02,3960000.0,36,39,Independiente,2354000,365000,151185,95.227787,752.0,5,6,0.0,2436.0,2436.0,0.0,1,0,4,1000000.0,Estable,1
4,2024-12-28 17:32:36,970800.0,12,38,Empleado,1100000,550000,76397,95.227787,739.0,4,3,0.0,4490.0,2496.0,0.0,1,0,3,908526.0,Estable,1
4,2025-09-25 13:46:53,5543917.2,36,54,Empleado,4300000,807000,199172,95.227787,853.0,3,1,0.0,67294.0,47096.0,0.0,2,0,1,5960882.0,Creciente,1
9,2025-05-10 14:49:06,1546477.2,9,43,Independiente,3000000,2000000,144773,95.227787,746.0,2,2,0.0,11880.0,11880.0,0.0,1,0,0,,,1
9,2025-01-19 18:43:01,3301094.4,10,42,Independiente,3000000,2000000,279983,95.227787,844.0,2,3,0.0,0.0,0.0,0.0,0,0,1,900266.0,Estable,1
4,2025-06-23 17:54:31,4696560.0,12,42,Empleado,18000000,5000000,372327,95.227787,770.0,7,6,0.0,477429.0,477429.0,0.0,6,0,0,11125000.0,Creciente,1
4,2025-03-27 17:00:35,1694400.0,6,64,Empleado,5500000,1000000,252916,95.227787,834.0,5,4,0.0,25921.0,25921.0,0.0,2,0,1,615779.0,Creciente,1
9,2025-05-09 15:40:13,964018.7999999999,4,63,Independiente,2000000,600000,193771,95.227787,846.0,3,0,0.0,2748.0,2748.0,0.0,2,0,1,,,1
9,2025-05-09 16:07:16,964018.7999999999,6,56,Independiente,2000000,700000,131634,95.227787,799.0,1,2,0.0,2682.0,2682.0,0.0,1,0,0,,,1
4,2025-02-24 17:17:13,430730.39999999997,6,52,Empleado,1195000,400000,63972,95.227787,772.0,6,4,0.0,26645.0,25969.0,0.0,1,1,4,1619826.0,Creciente,1
4,2025-01-11 11:41:44,1988280.0,12,41,Empleado,2000000,400000,138075,71.297103,806.0,3,1,0.0,213.0,213.0,0.0,1,0,0,,,1
4,2025-05-27 11:37:44,433116.0,6,43,Empleado,5400000,500000,65107,95.227787,774.0,7,5,0.0,67292.0,67292.0,0.0,4,0,2,,,1
4,2025-03-07 13:05:56,2976000.0,6,46,Empleado,1300000,800000,442319,95.227787,729.0,1,3,0.0,1231.0,1231.0,0.0,0,0,1,925157.0,Creciente,1
9,2025-07-05 12:47:01,442560.0,3,40,Independiente,5000000,2000000,117561,95.227787,718.0,3,2,0.0,908.0,908.0,0.0,0,0,0,975000.0,Estable,1
9,2025-04-18 15:09:03,2105296.8,10,39,Empleado,3000000,1000000,179030,95.227787,834.0,6,4,0.0,136995.0,136995.0,0.0,5,0,0,,,1
4,2025-03-03 11:32:07,720000.0,6,63,Empleado,5000000,2300000,107013,95.227787,792.0,2,10,0.0,4507.0,4507.0,0.0,1,0,0,6032928.0,Estable,1
4,2025-08-12 19:41:07,2236800.0,6,61,Independiente,4400000,969000,334992,95.227787,796.0,6,2,0.0,14804.0,14804.0,0.0,5,0,0,302842.0,Creciente,1
4,2025-04-25 11:24:05,1224000.0,6,58,Empleado,1400000,400000,182701,16.762293,815.0,5,7,0.0,27424.0,2311.0,0.0,3,0,2,1454172.0,Estable,0
4,2025-03-04 15:55:19,948000.0,8,45,Empleado,3000000,800000,108084,95.227787,804.0,2,0,0.0,29403.0,29403.0,0.0,1,0,0,,,1
9,2025-07-09 08:33:56,6173552.399999999,10,45,Independiente,2500000,1300000,525813,95.227787,799.0,5,3,0.0,47610.0,28161.0,0.0,4,0,1,,,1
4,2025-01-23 16:35:23,1402200.0,6,50,Empleado,5000000,2000000,207974,95.227787,823.0,8,3,0.0,3735.0,3735.0,0.0,0,0,4,6258353.0,Decreciente,1
4,2025-07-20 14:30:45,7296000.0,6,54,Independiente,1000000,2175000,1092677,95.227787,810.0,4,1,0.0,4196.0,4196.0,0.0,4,0,0,961885.0,Creciente,1
9,2024-12-05 09:35:51,750708.0,2,41,Independiente,3000000,1000000,295782,95.227787,751.0,7,5,0.0,19504.0,17456.0,0.0,2,0,4,,,1
4,2025-05-30 16:02:08,1200000.0,6,40,Independiente,6000000,2000000,178827,95.227787,829.0,9,10,0.0,158492.0,158492.0,0.0,6,0,2,758333.0,Estable,1
4,2025-03-26 10:33:31,9000000.0,12,37,Independiente,5000000,2000000,707079,95.227787,831.0,7,2,0.0,26206.0,26206.0,0.0,6,0,0,767199.0,Decreciente,1
4,2025-03-22 09:59:44,416700.0,6,42,Empleado,3300000,1600000,61891,95.227787,811.0,4,2,0.0,0.0,0.0,0.0,4,0,0,4499672.0,Creciente,1
4,2025-02-08 09:24:14,752400.0,6,39,Empleado,3000000,1000000,111752,95.227787,861.0,6,3,0.0,7627.0,7627.0,0.0,2,0,1,917735.0,Decreciente,1
4,2025-01-01 16:49:13,2903640.0,12,38,Empleado,6000000,2500000,201642,95.227787,773.0,8,6,0.0,7477.0,7477.0,0.0,3,0,3,7466666.0,Creciente,1
4,2025-08-02 15:09:21,1091880.0,6,38,Empleado,1890662,789000,164348,95.227787,792.0,9,4,0.0,79445.0,79445.0,0.0,4,1,1,1913386.0,Creciente,1
4,2025-01-23 13:20:36,3720000.0,6,47,Empleado,5500000,1200000,552123,95.227787,747.0,13,11,0.0,68523.0,68523.0,0.0,6,0,5,908526.0,Estable,1
9,2024-11-27 10:21:57,1326964.8,11,60,Independiente,3000000,2000000,103065,95.227787,815.0,5,2,0.0,18123.0,18123.0,0.0,1,0,1,905965.0,Creciente,1
4,2025-04-25 14:53:48,720000.0,6,42,Empleado,2200000,0,107043,90.562453,802.0,5,7,0.0,68785.0,68785.0,0.0,1,0,1,,,1
9,2025-01-13 09:46:26,2241819.6,9,43,Empleado,8000000,5000000,209367,95.227787,821.0,5,0,0.0,0.0,0.0,0.0,1,0,2,2436742.0,Creciente,1
4,2025-02-07 11:53:03,1344000.0,6,57,Independiente,3500000,2000000,199612,89.979287,780.0,2,4,0.0,2033.0,2033.0,0.0,0,0,1,,,1
9,2024-12-27 17:05:07,1561766.4,10,65,Independiente,3211111,1545550,132462,71.297103,877.0,5,0,0.0,22192.0,22192.0,,2,0,1,,,1
4,2025-12-30 15:51:04,3749760.0,24,48,Empleado,4373000,1514000,182140,95.227787,805.0,7,3,0.0,138739.0,101903.0,0.0,4,0,1,1650457.0,Creciente,1
9,2025-05-31 12:32:27,821208.0,2,52,Independiente,5000000,2000000,324034,95.227787,799.0,8,6,0.0,100934.0,100934.0,0.0,5,0,2,,,1
4,2025-01-11 14:26:10,2129280.0,18,69,Empleado,2100000,1200000,117318,95.227787,787.0,3,2,0.0,14293.0,14293.0,0.0,3,0,0,9505821.0,Decreciente,1
9,2025-05-09 10:35:16,1269000.0,8,60,Independiente,5000000,2000000,132410,95.227787,808.0,8,1,0.0,20097.0,20097.0,0.0,2,2,2,,,1
4,2025-12-29 17:08:03,3255720.0,20,53,Empleado,5080000,420000,179532,95.227787,852.0,2,0,0.0,608.0,608.0,0.0,2,0,0,,,1
4,2025-08-19 12:05:40,720000.0,6,52,Independiente,2020000,0,108373,95.227787,799.0,1,0,0.0,0.0,0.0,0.0,0,0,0,969508.0,Creciente,1
9,2025-05-01 17:16:36,442560.0,5,52,Independiente,5000000,2000000,71838,95.227787,778.0,9,2,0.0,27475.0,27475.0,0.0,6,0,2,908526.0,Estable,1
4,2026-01-10 15:16:40,5325000.0,8,42,Independiente,2273000,0,629486,95.227787,775.0,2,3,0.0,63.0,63.0,0.0,0,0,1,866667.0,Creciente,1
9,2025-08-07 16:16:27,2646760.8,9,40,Empleado,10000000,4000000,248606,95.227787,765.0,13,6,0.0,124752.0,124752.0,0.0,10,0,0,13978732.0,Creciente,1
4,2025-05-18 11:15:14,1068000.0,6,40,Independiente,3200000,1800000,159166,95.227787,774.0,4,3,0.0,15581.0,15581.0,0.0,1,0,2,,,1
4,2025-01-21 18:42:52,1971482.4,6,38,Empleado,3200000,1000000,273817,95.227787,781.0,6,6,0.0,22606.0,2811.0,0.0,4,0,1,1165000.0,Decreciente,1
4,2025-01-31 16:17:50,1272000.0,6,41,Empleado,10000000,7000000,188927,95.227787,753.0,4,3,0.0,5232.0,5232.0,0.0,2,0,0,,,1
4,2025-09-25 17:14:42,1884000.0,6,42,Independiente,1900000,1532000,284555,89.979287,807.0,3,5,0.0,6074.0,6074.0,0.0,2,0,1,751782.0,Creciente,1
4,2025-03-18 18:06:50,829800.0,6,40,Empleado,4000000,2800000,123248,95.227787,768.0,2,4,0.0,105826.0,105826.0,0.0,1,0,0,,,1
4,2025-05-08 10:34:51,780780.0,18,59,Empleado,1500000,200000,43317,95.227787,745.0,5,7,0.0,15738.0,15738.0,0.0,4,0,1,1505619.0,Creciente,1
4,2025-01-16 11:05:03,4827600.0,6,47,Empleado,6000000,2500000,716049,95.227787,794.0,9,6,0.0,69530.0,69530.0,0.0,7,0,0,916841.0,Creciente,1
4,2025-04-26 17:04:27,3038880.0,10,54,Independiente,3500000,500000,281186,91.99794,833.0,4,3,0.0,52128.0,52128.0,0.0,1,1,1,,,1
4,2025-02-23 11:21:58,899880.0,10,43,Empleado,6000000,2500000,83271,91.99794,775.0,10,2,0.0,99976.0,85878.0,0.0,5,1,2,1285593.0,Creciente,1
4,2025-01-07 18:19:38,2388000.0,12,37,Empleado,1100000,240000,187922,95.227787,823.0,3,3,0.0,27339.0,27339.0,0.0,2,0,0,908526.0,Estable,1
9,2025-06-19 17:17:51,2121424.8,10,67,Empleado,2300000,1200000,180686,95.227787,811.0,3,4,0.0,17723.0,17723.0,0.0,3,0,0,,,1
4,2025-05-02 11:47:54,2102280.0,24,50,Empleado,1800000,600000,93170,95.227787,716.0,5,13,0.0,5667.0,5667.0,0.0,3,0,0,1618851.0,Creciente,1
4,2025-06-09 17:02:08,7200000.0,6,50,Independiente,10000000,5000000,1074773,95.227787,822.0,5,5,0.0,227008.0,227008.0,0.0,4,0,0,954263.0,Creciente,1
9,2025-07-07 14:06:58,1185660.0,2,37,Independiente,5000000,2000000,467909,95.227787,739.0,20,10,0.0,335042.0,310759.0,0.0,13,0,5,801705.0,Decreciente,1
4,2025-01-09 15:01:16,1440000.0,10,60,Independiente,3000000,1200000,132733,95.227787,831.0,6,2,0.0,9093.0,9093.0,0.0,4,0,0,30285.0,Estable,1
4,2025-03-16 15:34:39,624540.0,6,59,Empleado,1850000,200000,92761,95.227787,820.0,3,1,0.0,1607.0,44.0,0.0,1,1,0,,,1
4,2025-04-01 16:57:35,1298400.0,12,52,Empleado,1900000,900000,102177,95.227787,773.0,11,3,0.0,25401.0,25401.0,0.0,3,0,5,1202176.0,Creciente,1
4,2025-08-10 13:55:07,1390800.0,12,48,Empleado,2000000,600000,108923,95.227787,786.0,8,7,0.0,7699.0,7699.0,0.0,4,0,2,1825198.0,Creciente,1
4,2025-04-19 09:51:15,482400.0,6,55,Independiente,12000000,3000000,71715,95.227787,772.0,3,9,0.0,145.0,145.0,0.0,0,0,1,,,1
9,2025-05-23 16:20:54,1604400.0,5,48,Independiente,5000000,2000000,260585,95.227787,845.0,12,7,0.0,227570.0,227570.0,0.0,9,0,1,908526.0,Creciente,1
9,2024-12-18 09:32:36,1269000.0,8,38,Independiente,4000000,1000000,131953,95.227787,732.0,6,2,0.0,3727.0,1015.0,0.0,0,0,6,,,1
4,2025-05-03 19:18:48,1610280.0,12,40,Empleado,2000000,500000,127294,95.227787,784.0,5,12,0.0,38448.0,38448.0,0.0,3,1,1,1567351.0,Creciente,1
4,2025-01-11 15:57:58,7200000.0,6,68,Independiente,6500000,2500000,1000000,95.227787,863.0,4,2,0.0,110583.0,110583.0,0.0,4,0,0,2699366.0,Creciente,1
4,2025-01-12 17:38:51,1546680.0,6,57,Empleado,1800000,800000,214817,95.227787,796.0,1,2,0.0,4000.0,4000.0,0.0,1,0,0,,,1
4,2025-05-12 16:23:26,1379880.0,12,59,Empleado,1400000,700000,108601,95.227787,793.0,2,3,0.0,39.0,39.0,0.0,0,0,0,1112301.0,Creciente,1
4,2025-01-18 18:37:34,1388280.0,12,57,Empleado,1960000,350000,96408,74.296247,778.0,6,4,0.0,59660.0,51529.0,0.0,2,1,3,2612698.0,Creciente,1
9,2025-06-21 18:49:09,1498992.0,6,40,Empleado,5000000,2000000,204890,85.897119,767.0,7,2,0.0,245889.0,245889.0,0.0,4,0,2,931394.0,Creciente,1
4,2025-07-28 10:27:36,3156720.0,36,39,Empleado,1900000,200000,106550,95.227787,822.0,4,2,0.0,16319.0,16319.0,0.0,1,2,0,1932273.0,Decreciente,1
4,2025-04-02 14:01:39,2174280.0,12,38,Independiente,2000000,200000,171104,95.227787,772.0,2,0,0.0,398.0,398.0,0.0,0,0,0,,,1
9,2025-02-01 16:18:10,1269000.0,9,40,Independiente,4000000,2000000,118514,95.227787,780.0,16,9,0.0,54854.0,54464.0,0.0,8,2,3,916148.0,Creciente,1
4,2025-01-12 15:38:44,4669320.0,12,56,Independiente,12000000,3000000,365929,95.227787,786.0,18,9,0.0,159195.0,159195.0,0.0,14,1,1,,,1
4,2025-07-28 10:38:39,3744000.0,6,39,Independiente,3470000,6973000,563541,89.979287,809.0,6,2,0.0,33194.0,33194.0,0.0,4,1,0,,,1
4,2025-01-16 10:34:54,2555880.0,12,47,Empleado,6000000,2000000,177492,91.99794,726.0,13,10,0.0,22490.0,22490.0,0.0,6,0,1,2368800.0,Estable,1
4,2025-03-25 11:06:18,4200000.0,6,46,Empleado,3000000,1800000,624240,95.227787,758.0,11,5,0.0,74176.0,66424.0,0.0,7,0,3,1500000.0,Creciente,1
4,2024-12-28 09:21:52,7152000.0,12,44,Independiente,12000000,6500000,559324,92.228643,754.0,5,2,0.0,104471.0,104471.0,0.0,5,0,0,908526.0,Estable,1
4,2025-09-30 14:08:29,3360000.0,6,43,Independiente,2960000,810000,509214,95.227787,899.0,5,3,0.0,15802.0,15802.0,0.0,4,0,0,954263.0,Creciente,1
4,2024-12-05 10:35:33,1062840.0,6,69,Empleado,1600000,700000,157573,95.227787,801.0,1,2,0.0,0.0,0.0,0.0,0,0,0,503709.0,Estable,1
4,2025-01-13 08:14:32,2174280.0,12,66,Empleado,5000000,3000000,150992,95.227787,871.0,2,1,0.0,0.0,0.0,0.0,1,0,0,8077907.0,Creciente,1
4,2025-04-10 15:56:26,1548000.0,6,61,Independiente,1400000,500000,231064,-5.102625,789.0,1,6,0.0,287.0,287.0,0.0,0,0,1,,,0
4,2025-04-11 11:55:38,2950678.8,6,44,Empleado,8000000,3500000,438256,95.227787,736.0,5,4,0.0,188790.0,188790.0,0.0,2,0,0,14551865.0,Creciente,1
4,2025-05-01 16:03:06,1176000.0,12,42,Empleado,2000000,1000000,92964,95.227787,728.0,7,7,0.0,10823.0,10823.0,0.0,5,0,2,1325507.0,Decreciente,1
9,2025-06-27 15:47:12,878880.0,3,68,Independiente,5000000,2000000,233464,95.227787,845.0,6,9,0.0,9107.0,9107.0,0.0,4,0,1,1121259.0,Creciente,1
4,2025-01-19 17:04:48,959880.0,12,41,Empleado,1400000,250000,66658,95.227787,811.0,3,7,0.0,4697.0,4697.0,0.0,2,0,1,916148.0,Creciente,1
4,2025-03-05 09:39:11,4178077.1999999997,10,68,Empleado,15000000,2000000,387001,88.229786,810.0,4,3,0.0,38072.0,23516.0,0.0,0,0,3,1000000.0,Creciente,1
9,2025-03-16 18:37:40,1036332.0,6,63,Independiente,8000000,1500000,141364,95.227787,851.0,3,3,0.0,1962.0,1962.0,0.0,2,0,1,1230076.0,Decreciente,1
4,2025-04-01 19:33:02,1463040.0,10,54,Empleado,1800000,800000,135384,95.227787,838.0,6,2,0.0,2183.0,2183.0,0.0,3,0,1,908526.0,Estable,1
4,2024-12-28 11:56:16,806280.0,6,52,Empleado,8000000,2000000,111983,95.227787,751.0,10,6,0.0,104924.0,104924.0,0.0,4,0,0,,,1
4,2025-04-30 16:56:04,2726880.0,10,42,Empleado,5000000,1500000,252691,95.227787,863.0,10,5,0.0,90141.0,90141.0,0.0,7,0,0,8654802.0,Creciente,1
4,2025-01-23 17:50:31,1661520.0,12,67,Empleado,5000000,2000000,130124,95.227787,854.0,6,2,0.0,43875.0,43875.0,0.0,2,1,0,1009803.0,Decreciente,1
4,2025-01-23 09:49:15,4296000.0,6,61,Independiente,2000000,800000,637613,95.227787,801.0,1,3,0.0,1438.0,1438.0,0.0,0,0,1,688965.0,Estable,1
4,2025-05-27 12:38:39,3763200.0,10,59,Independiente,2500000,1200000,350034,95.227787,885.0,3,3,0.0,41261.0,41261.0,0.0,3,0,0,,,1
4,2025-03-30 17:53:24,864000.0,6,58,Independiente,10000000,800000,128444,95.227787,779.0,5,6,0.0,56.0,56.0,0.0,2,0,0,,,1
4,2025-07-18 13:26:41,480000.0,6,56,Independiente,1200000,650000,71887,95.227787,808.0,2,2,0.0,2281.0,2281.0,0.0,0,1,0,,,1
9,2025-02-14 16:17:06,1185660.0,3,52,Empleado,2500000,1500000,314588,95.227787,796.0,6,2,0.0,20904.0,20904.0,0.0,1,0,2,923771.0,Creciente,1
4,2025-08-22 09:44:00,984000.0,6,44,Independiente,2540000,343000,148430,95.227787,753.0,3,4,0.0,7315.0,1722.0,0.0,1,0,2,,,1
4,2025-08-29 14:15:58,2856360.0,6,42,Empleado,3810000,798000,427818,95.227787,875.0,7,2,0.0,4989.0,4989.0,0.0,6,0,0,2750000.0,Creciente,1
4,2025-09-05 16:44:12,8152560.0,24,42,Independiente,3640000,1923000,371590,95.227787,802.0,8,2,0.0,55170.0,55170.0,0.0,5,0,1,,,1
4,2025-01-04 11:33:31,1477980.0,12,64,Empleado,1727000,600000,115827,95.227787,773.0,5,3,0.0,3383.0,3383.0,0.0,1,0,1,1577131.0,Creciente,1
4,2025-01-19 10:54:46,960000.0,6,65,Empleado,2300000,600000,142339,95.227787,818.0,6,4,0.0,29372.0,29372.0,0.0,3,0,1,,,1
9,2025-06-16 12:38:47,878880.0,5,64,Empleado,5000000,2000000,142747,95.227787,735.0,5,6,0.0,4358.0,4358.0,0.0,2,0,2,316667.0,Decreciente,1
4,2025-02-11 11:31:10,1680000.0,12,46,Empleado,4000000,1500000,131988,95.227787,766.0,7,2,0.0,39735.0,39735.0,0.0,1,3,0,878310.0,Creciente,1
4,2025-05-06 08:23:01,3016680.0,8,64,Empleado,1500000,800000,343912,95.227787,848.0,7,7,0.0,5807.0,5807.0,0.0,5,0,1,946640.0,Creciente,1
4,2025-08-16 12:29:03,1127880.0,8,61,Empleado,4060000,1006000,130232,95.227787,823.0,9,3,0.0,11251.0,11251.0,0.0,4,2,1,3300333.0,Creciente,1
4,2025-01-15 11:03:10,815760.0,6,52,Empleado,3000000,500000,113300,95.227787,888.0,3,3,0.0,26669.0,26669.0,0.0,2,0,0,916148.0,Creciente,1
4,2024-12-15 10:15:16,1722000.0,6,36,Independiente,10000000,5000000,255589,95.227787,833.0,4,4,0.0,43275.0,43275.0,0.0,2,0,1,,,1
9,2024-11-28 13:36:21,750708.0,5,46,Independiente,4000000,2000000,121575,95.227787,725.0,5,0,0.0,88058.0,88058.0,,1,0,4,,,1
4,2025-01-20 13:01:57,1521600.0,12,39,Empleado,2400000,900000,118997,95.227787,777.0,7,4,0.0,36815.0,36815.0,0.0,4,0,1,3780184.0,Decreciente,1
4,2025-08-29 15:36:24,1824000.0,6,42,Independiente,7300000,3763000,275492,95.227787,774.0,7,5,0.0,50603.0,50603.0,0.0,6,0,0,975052.0,Creciente,1
4,2025-02-09 08:05:06,1528800.0,6,42,Independiente,6000000,1500000,227058,95.227787,824.0,6,2,0.0,22301.0,22301.0,0.0,2,0,2,,,1
9,2025-03-26 15:44:34,821208.0,5,38,Independiente,5000000,2000000,133225,95.227787,666.0,10,15,0.0,95555.0,95555.0,0.0,4,0,5,30285.0,Estable,1
4,2025-02-22 16:28:04,1941360.0,12,39,Empleado,1400000,500000,152322,95.227787,738.0,2,2,0.0,2003.0,2003.0,0.0,1,0,0,1378802.0,Decreciente,1
9,2025-02-27 15:34:20,1736228.4,10,37,Empleado,3500000,1900000,147413,95.227787,786.0,5,2,0.0,12666.0,12666.0,0.0,2,0,1,4544905.0,Creciente,1
4,2025-01-14 14:13:47,2648100.0,12,42,Independiente,5000000,2000000,207528,95.227787,831.0,1,2,0.0,653.0,653.0,0.0,1,0,0,1400000.0,Estable,1
4,2025-09-02 15:39:37,2428800.0,6,57,Independiente,5390000,1220000,366843,95.227787,772.0,10,8,0.0,33556.0,33556.0,0.0,4,0,1,1500000.0,Estable,1
4,2025-08-25 11:13:24,1582680.0,12,66,Empleado,7000000,2100000,123950,95.227787,830.0,14,5,0.0,317539.0,298728.0,0.0,10,0,2,,,1
9,2025-05-22 10:15:52,1817320.8,10,57,Independiente,59593000,51405000,154703,88.229786,804.0,17,6,0.0,290247.0,197790.0,0.0,13,0,1,2454545.0,Creciente,1
4,2025-10-30 12:46:26,1617840.0,24,67,Empleado,1750000,153000,78325,95.227787,783.0,2,2,0.0,7866.0,7866.0,0.0,1,0,1,992377.0,Creciente,1
4,2025-04-11 11:48:38,1134000.0,6,61,Empleado,2500000,1200000,168583,95.227787,782.0,2,2,0.0,0.0,0.0,0.0,0,0,0,2747218.0,Creciente,1
4,2025-02-28 11:10:26,1908000.0,18,59,Empleado,1600000,500000,106540,95.227787,818.0,1,2,0.0,125970.0,0.0,0.0,0,1,0,1562069.0,Creciente,1
4,2025-05-09 14:58:41,2028967.2,12,44,Empleado,1800000,300000,161826,95.227787,810.0,1,3,0.0,3915.0,3915.0,0.0,0,1,0,937337.0,Creciente,1
9,2025-02-07 08:35:42,799680.0,11,42,Empleado,3100000,1500000,62217,89.2295,464.0,4,6,63.0,8894.0,8894.0,0.0,2,0,0,787389.0,Decreciente,1
9,2025-09-28 11:58:24,9461502.0,10,41,Independiente,13280000,7108000,820270,95.227787,872.0,8,7,0.0,442972.0,442972.0,0.0,5,2,0,1355500.0,Creciente,1
9,2025-04-09 16:57:11,4787886.0,10,39,Independiente,2000000,1000000,406726,95.227787,723.0,6,11,0.0,100288.0,96137.0,0.0,1,3,1,931394.0,Creciente,1
9,2025-03-22 12:25:08,2602506.0,10,69,Independiente,8000000,2000000,221080,91.410695,-7.0,0,1,,,,,0,0,0,21307677.0,,1
4,2025-06-09 15:13:15,3984000.0,6,53,Independiente,8000000,2000000,598921,95.227787,830.0,4,5,0.0,64.0,64.0,0.0,3,0,0,950105.0,Creciente,1
9,2025-03-14 16:35:50,766687.2,10,39,Empleado,1200000,700000,65095,95.227787,803.0,4,2,0.0,23402.0,23402.0,0.0,3,1,0,1258605.0,Decreciente,1
9,2025-04-11 13:06:21,2100493.1999999997,9,60,Empleado,3500000,2000000,196450,95.227787,804.0,10,9,0.0,168443.0,163793.0,0.0,7,0,1,,,1
9,2025-03-15 13:16:49,2212033.1999999997,10,69,Independiente,3500000,2000000,187811,95.227787,802.0,2,2,0.0,0.0,0.0,0.0,0,0,0,923771.0,Creciente,1
4,2025-01-21 16:26:21,1688280.0,12,49,Empleado,2000000,1100000,132308,95.227787,822.0,8,3,0.0,1547.0,1547.0,0.0,2,0,2,,,1
9,2025-10-19 15:37:36,2655620.4,5,48,Empleado,9130000,276000,438616,95.227787,827.0,2,0,0.0,2185.0,2185.0,0.0,1,0,0,983368.0,Creciente,1
9,2025-02-08 10:33:08,9246008.4,11,51,Empleado,3100000,1400000,719364,95.227787,806.0,0,3,0.0,0.0,,,0,0,0,1300000.0,Estable,1
9,2024-12-19 13:21:37,853201.2,10,40,Independiente,1500000,500000,72365,88.229786,743.0,3,0,0.0,1168.0,1168.0,,1,0,2,,,1
9,2025-03-17 09:34:40,2676210.0,10,69,Empleado,2800000,1100000,227341,95.227787,896.0,7,3,0.0,43653.0,43653.0,0.0,6,0,1,2993079.0,Creciente,1
4,2025-07-28 14:24:53,720000.0,6,65,Empleado,2320537,209000,107830,89.2295,845.0,4,6,0.0,13163.0,13163.0,0.0,2,0,1,966736.0,Decreciente,1
9,2025-05-07 16:15:45,1647123.5999999999,10,54,Independiente,2600000,1200000,140068,95.227787,809.0,2,2,0.0,7939.0,7939.0,0.0,0,1,0,939017.0,Creciente,1
4,2025-03-03 18:59:46,3583200.0,6,51,Independiente,9000000,790000,532566,95.227787,799.0,3,2,0.0,3002.0,3002.0,0.0,1,0,1,,,1
9,2025-01-12 15:48:33,4745917.2,10,63,Independiente,3000000,1200000,402527,84.730786,773.0,4,3,0.0,75188.0,2560.0,0.0,2,0,1,798745.0,Estable,1
9,2025-05-10 10:24:11,1498992.0,4,58,Independiente,5000000,2000000,301302,95.227787,834.0,9,6,0.0,51390.0,51390.0,0.0,4,0,1,939017.0,Creciente,1
9,2025-06-06 09:15:59,8480631.6,9,44,Empleado,6000000,2000000,794673,-12.938783,390.0,4,2,4379.0,27214.0,27214.0,0.0,0,0,3,1160000.0,Estable,0
4,2025-03-13 16:41:34,1889880.0,12,38,Independiente,3000000,662000,148922,95.227787,774.0,4,2,0.0,8473.0,8473.0,0.0,0,0,2,,,1
4,2025-05-25 18:15:24,3990000.0,12,38,Empleado,8000000,800000,318285,95.227787,823.0,6,4,0.0,5472.0,5472.0,0.0,3,0,0,3664353.0,Creciente,1
4,2025-08-26 11:45:43,5363880.0,6,38,Empleado,2610000,572000,803315,95.227787,795.0,4,2,0.0,17056.0,17056.0,0.0,2,1,1,1365140.0,Creciente,1
9,2025-05-16 12:37:35,3538095.6,11,51,Independiente,3400000,1300000,276059,95.227787,819.0,5,9,0.0,168.0,168.0,0.0,0,1,2,1000000.0,Estable,1
4,2025-06-07 14:45:08,2308800.0,10,48,Independiente,1900000,1200000,217661,95.227787,831.0,11,6,0.0,102369.0,80514.0,0.0,4,4,1,1000000.0,Estable,1
9,2025-04-06 15:50:14,1498992.0,3,47,Independiente,5000000,2000000,397801,95.227787,808.0,4,2,0.0,2837.0,2447.0,0.0,1,0,2,1323083.0,Creciente,1
9,2025-05-28 12:28:44,1556943.5999999999,10,40,Independiente,3000000,1500000,132538,95.227787,829.0,8,5,0.0,24555.0,24555.0,0.0,1,3,2,941789.0,Creciente,1
4,2025-04-17 13:09:41,568200.0,6,53,Empleado,1200000,420000,84470,95.227787,804.0,1,2,0.0,1682.0,1682.0,0.0,0,0,1,939017.0,Creciente,1
4,2025-03-25 11:57:36,1504320.0,12,49,Independiente,1650000,700000,118333,95.227787,897.0,3,0,0.0,10596.0,10596.0,0.0,3,0,0,,,1
9,2025-01-11 12:27:00,1377442.8,10,43,Independiente,3000000,800000,116828,91.728786,825.0,17,0,0.0,42388.0,42388.0,,13,0,1,,,1
9,2025-02-26 17:53:11,2918750.4,10,40,Empleado,10000000,4700000,247815,95.227787,755.0,5,7,0.0,20190.0,20190.0,0.0,3,0,0,1779455.0,Creciente,1
4,2025-02-21 09:40:33,1548372.0,12,39,Independiente,1500000,800000,121647,95.227787,795.0,5,4,0.0,15879.0,15879.0,0.0,1,0,1,944666.0,Creciente,1
9,2025-02-02 18:58:57,1305019.2,10,57,Independiente,4000000,2500000,110686,75.691683,868.0,4,4,0.0,91094.0,91094.0,0.0,4,0,0,916148.0,Creciente,1
9,2025-03-21 11:47:43,1375353.5999999999,10,52,Empleado,3000000,900000,116835,95.227787,892.0,5,3,0.0,48.0,48.0,0.0,4,0,0,1187561.0,Decreciente,1
4,2025-04-22 15:14:58,3117600.0,6,50,Independiente,6000000,3000000,463497,85.897119,892.0,16,6,0.0,54031.0,9873.0,0.0,10,2,3,2428739.0,Creciente,1
9,2025-05-08 08:47:18,7123520.399999999,11,43,Independiente,10000000,5800000,555811,95.227787,750.0,6,3,0.0,59130.0,58876.0,0.0,2,0,4,1837070.0,Creciente,1
9,2025-11-27 17:59:18,9713983.2,10,41,Independiente,21950000,31257000,856655,95.227787,825.0,22,12,0.0,425757.0,412924.0,0.0,11,0,9,1325000.0,Creciente,1
9,2025-06-08 16:28:07,2131670.4,10,41,Empleado,2000000,1000000,181463,95.227787,788.0,6,7,0.0,17583.0,17583.0,0.0,3,0,0,1018333.0,Creciente,1
4,2025-04-30 17:10:04,4455600.0,24,40,Empleado,3000000,500000,195827,95.227787,881.0,4,1,0.0,55286.0,55286.0,0.0,2,0,2,2194832.0,Decreciente,1
9,2024-12-13 15:39:05,5117095.2,10,39,Empleado,14811166,10453750,433325,95.227787,724.0,8,6,0.0,6837.0,6837.0,0.0,1,0,3,1700000.0,Estable,1
9,2025-08-21 11:23:42,1226595.5999999999,10,40,Empleado,1350000,7009000,105514,89.2295,718.0,10,5,0.0,311994.0,311994.0,0.0,6,0,2,1350000.0,Estable,1
9,2025-04-27 15:17:17,2419717.1999999997,11,37,Empleado,3100000,1500000,188798,-5.847949,745.0,3,6,0.0,6508.0,6508.0,0.0,2,0,1,875897.0,Decreciente,0
4,2025-06-03 09:03:28,1311600.0,8,56,Independiente,3800000,1300000,151194,91.028987,741.0,5,7,0.0,3101.0,3101.0,0.0,2,0,2,,,1
4,2025-04-04 10:33:41,1787940.0,18,43,Independiente,9500000,4000000,98958,95.227787,742.0,8,6,0.0,251728.0,251728.0,0.0,6,0,1,2937500.0,Estable,1
9,2025-03-20 10:55:23,1285815.5999999999,2,56,Independiente,5000000,3000000,507062,95.227787,827.0,3,6,0.0,4773.0,4773.0,0.0,0,0,2,925157.0,Creciente,1
4,2025-04-22 10:29:58,4200000.0,6,56,Independiente,10000000,5000000,624382,95.227787,822.0,4,2,0.0,70872.0,70872.0,0.0,1,0,1,939017.0,Creciente,1
4,2025-03-17 10:18:42,1440000.0,12,52,Empleado,3000000,1000000,113833,95.227787,849.0,2,3,0.0,30819.0,30819.0,0.0,2,0,0,1429039.0,Decreciente,1
9,2025-11-03 11:04:29,6890785.2,5,51,Empleado,13160000,3557000,1138117,95.227787,838.0,6,4,0.0,154373.0,154373.0,0.0,6,0,0,6850909.0,Creciente,1
10,2025-04-18 13:03:26,600000.0,6,50,Independiente,1600000,400000,89197,95.227787,808.0,5,1,0.0,1309.0,1309.0,0.0,1,0,1,908526.0,Estable,1
9,2025-12-14 11:42:23,5772614.399999999,9,48,Independiente,2120000,195000,558641,86.830187,796.0,2,3,0.0,3479.0,3479.0,0.0,1,0,1,933333.0,Creciente,1
9,2025-04-24 17:10:41,1989384.0,10,46,Empleado,5450000,2500000,169173,69.456282,699.0,19,7,0.0,90692.0,90692.0,0.0,12,0,4,2106681.0,Creciente,1
9,2025-01-18 12:30:43,1123536.0,10,38,Empleado,2500000,1000000,95293,95.227787,924.0,7,0,0.0,2362.0,2362.0,,1,0,2,,,1
4,2025-12-25 08:19:29,2352000.0,6,39,Empleado,3178000,1170000,361571,95.227787,810.0,4,4,0.0,51795.0,51795.0,0.0,3,0,1,1843692.0,Decreciente,1
4,2025-01-09 09:02:29,4064520.0,24,37,Empleado,4000000,1200000,177057,95.227787,826.0,0,3,0.0,0.0,,,0,0,0,4213716.0,Decreciente,1
4,2025-10-25 18:50:28,4044000.0,36,58,Empleado,4390000,1024000,146447,95.227787,817.0,1,0,0.0,6860.0,6860.0,0.0,1,0,0,1558015.0,Decreciente,1
4,2025-07-11 14:24:00,14400000.0,6,49,Independiente,10000000,2000000,2156598,95.227787,841.0,6,3,0.0,63325.0,39952.0,0.0,3,2,0,962083.0,Creciente,1
4,2025-10-10 10:00:13,1680000.0,6,53,Empleado,2280000,1267000,254607,95.227787,796.0,2,2,0.0,16744.0,16744.0,0.0,0,1,1,1424803.0,Creciente,1
9,2025-01-16 10:57:01,640880.4,9,56,Independiente,4500000,2000000,59853,95.227787,923.0,11,0,0.0,14578.0,8817.0,0.0,2,0,6,,,1
4,2025-02-10 10:24:23,1800000.0,10,54,Independiente,2000000,500000,166565,95.227787,783.0,6,5,0.0,2842.0,2842.0,0.0,3,0,2,,,1
4,2025-03-03 19:14:54,1427640.0,6,56,Independiente,3000000,1000000,211891,95.227787,809.0,1,2,0.0,0.0,0.0,0.0,1,0,0,,,1
9,2025-03-07 09:48:57,9570216.0,10,58,Empleado,4000000,2200000,812553,95.227787,847.0,6,6,0.0,26006.0,26006.0,0.0,2,0,2,1472040.0,Decreciente,1
4,2025-04-20 12:56:03,2074680.0,6,60,Independiente,2500000,800000,308427,95.227787,812.0,7,3,0.0,27664.0,24504.0,0.0,1,1,2,,,1
4,2025-07-18 17:46:13,11858400.0,12,55,Independiente,10000000,4000000,945953,95.227787,823.0,10,6,0.0,120754.0,90503.0,0.0,8,0,1,958420.0,Creciente,1
4,2025-06-01 10:56:10,1311600.0,10,56,Independiente,3800000,1800000,123650,95.227787,778.0,7,2,0.0,28851.0,28851.0,0.0,3,2,1,950105.0,Creciente,1
4,2025-01-08 15:24:39,479761.19999999995,6,62,Independiente,4000000,500000,66634,95.227787,801.0,5,2,0.0,2609.0,2609.0,0.0,1,0,1,916148.0,Creciente,1
4,2025-07-04 09:42:44,2904000.0,6,37,Independiente,15000000,6000000,437578,62.667613,848.0,4,3,0.0,138920.0,138920.0,0.0,3,0,0,958420.0,Creciente,0
4,2024-12-31 16:04:15,6000000.0,36,40,Empleado,4200000,0,195480,95.227787,810.0,4,2,0.0,10258.0,10258.0,0.0,1,0,0,908526.0,Creciente,1
4,2025-02-03 08:09:48,1349760.0,6,51,Empleado,2200000,1200000,200476,95.227787,797.0,6,2,0.0,57574.0,44903.0,0.0,2,1,3,1901882.0,Creciente,1
4,2024-12-25 16:34:59,426240.0,12,59,Independiente,2000000,900000,33382,95.227787,845.0,4,0,0.0,10598.0,10598.0,0.0,2,0,2,,,1
4,2025-09-21 19:22:06,2966400.0,6,53,Empleado,3780000,1053000,445820,95.227787,811.0,9,5,0.0,51797.0,27209.0,0.0,2,1,3,3188887.0,Creciente,1
4,2025-01-08 10:36:35,5572320.0,12,38,Empleado,10000000,5000000,386967,95.227787,874.0,8,3,0.0,282352.0,282352.0,0.0,5,0,0,9130800.0,Creciente,1
4,2025-01-31 08:33:30,1996440.0,10,66,Empleado,900000,400000,184547,95.227787,828.0,3,2,0.0,3087.0,3087.0,0.0,3,0,0,923771.0,Creciente,1
4,2025-04-19 14:39:00,2028240.0,12,43,Independiente,6000000,2000000,159628,95.227787,774.0,7,9,0.0,100956.0,96444.0,0.0,2,1,1,939017.0,Creciente,1
4,2025-02-06 16:42:43,1994400.0,6,68,Independiente,4000000,1500000,296223,95.227787,847.0,4,3,0.0,187.0,187.0,0.0,3,0,0,,,1
4,2024-12-31 14:34:22,1193880.0,6,54,Empleado,2000000,300000,165817,95.227787,797.0,1,6,0.0,2440.0,2440.0,0.0,1,0,0,1224635.0,Decreciente,1
4,2025-01-14 11:26:36,2813520.0,12,47,Empleado,3000000,500000,195383,95.227787,829.0,5,3,0.0,59099.0,42163.0,0.0,3,0,1,,,1
4,2025-09-02 18:49:15,875880.0,6,46,Empleado,3930000,968000,132291,95.227787,892.0,5,2,0.0,21853.0,21853.0,0.0,3,0,1,2535646.0,Creciente,1
4,2024-12-05 15:51:34,2588160.0,6,40,Empleado,3000000,1000000,384150,95.227787,770.0,4,4,0.0,1759.0,1759.0,0.0,1,0,0,1700000.0,Estable,1
4,2025-03-30 16:52:00,2181000.0,6,68,Empleado,5000000,1700000,323923,95.227787,847.0,8,4,0.0,1836.0,1836.0,0.0,8,0,0,5835309.0,Creciente,1
4,2025-04-28 14:37:15,1993920.0,6,68,Empleado,2100000,750000,296138,95.227787,855.0,2,0,0.0,18171.0,18171.0,0.0,1,0,1,939017.0,Creciente,1
4,2025-03-01 17:20:39,1701480.0,12,63,Empleado,5000000,2000000,133842,95.227787,780.0,2,2,0.0,1954.0,1954.0,0.0,1,0,0,5144740.0,Creciente,1
4,2025-01-21 12:45:44,911880.0,12,61,Empleado,1200000,500000,63325,95.227787,830.0,4,4,0.0,319.0,0.0,0.0,3,0,0,916148.0,Creciente,1
9,2025-04-16 12:39:44,878880.0,2,61,Independiente,5000000,2000000,346587,95.227787,815.0,1,2,0.0,37.0,37.0,0.0,0,0,1,763162.0,Decreciente,1
4,2025-03-02 10:39:23,678619.2,12,59,Empleado,2000000,600000,53645,95.227787,821.0,5,7,0.0,38900.0,38900.0,0.0,4,0,0,1668500.0,Creciente,1
4,2024-12-09 10:45:15,1296000.0,6,56,Empleado,4500000,1800000,192008,95.227787,884.0,9,2,0.0,12568.0,12568.0,0.0,6,0,1,908526.0,Estable,1
4,2025-04-11 08:29:22,3720000.0,6,54,Independiente,8000000,2000000,552870,95.227787,877.0,6,4,0.0,13462.0,13462.0,0.0,4,0,0,931394.0,Creciente,1
4,2025-03-21 10:54:40,929280.0,6,53,Empleado,2100000,500000,138023,95.227787,822.0,9,5,0.0,3730.0,3730.0,0.0,7,0,1,931394.0,Creciente,1
4,2025-01-10 17:44:23,2591640.0,12,53,Empleado,2600000,1000000,202968,95.227787,779.0,7,4,0.0,29767.0,29767.0,0.0,5,0,1,2187443.0,Creciente,1
4,2025-01-20 18:33:37,2303880.0,12,46,Independiente,3000000,1800000,159992,95.227787,847.0,6,2,0.0,57270.0,10770.0,0.0,2,3,0,1832297.0,Creciente,1
9,2025-05-02 11:48:06,1498992.0,5,65,Independiente,5000000,2000000,243323,95.227787,900.0,9,8,0.0,83310.0,83310.0,0.0,5,0,2,1656231.0,Estable,1
9,2025-03-16 10:38:39,3155095.1999999997,9,55,Independiente,4000000,2000000,294236,91.410695,813.0,4,4,0.0,15283.0,11844.0,0.0,1,0,2,923771.0,Creciente,1
4,2025-01-23 15:18:35,508560.0,6,49,Independiente,5000000,1500000,75404,95.227787,717.0,15,10,0.0,72597.0,72597.0,0.0,6,1,7,908526.0,Estable,1
4,2025-08-28 11:16:03,4243200.0,6,42,Independiente,2990000,4048000,640883,95.227787,769.0,10,2,0.0,51273.0,37821.0,0.0,6,0,1,977131.0,8315,1
4,2025-01-07 13:18:52,5610949.2,12,41,Empleado,5500000,2500000,389649,95.227787,831.0,6,2,0.0,64337.0,40255.0,0.0,3,2,0,4904848.0,Creciente,1
4,2024-11-30 13:54:10,1941420.0,10,36,Empleado,3100000,1200000,178887,95.227787,771.0,8,5,0.0,29784.0,29784.0,0.0,7,0,0,3060700.0,Creciente,1
4,2024-12-20 13:26:30,1359480.0,6,66,Empleado,10000000,3000000,201782,95.227787,800.0,11,9,0.0,110322.0,110322.0,0.0,7,2,0,5200416.0,Decreciente,1
4,2025-05-17 15:22:29,2400000.0,6,58,Independiente,6000000,2500000,357677,95.227787,824.0,8,5,0.0,23421.0,23421.0,0.0,7,0,0,30285.0,Estable,1
4,2025-06-24 15:50:10,2492400.0,6,53,Empleado,3900000,1000000,370673,95.227787,774.0,1,5,0.0,4842.0,4842.0,0.0,1,0,0,1424411.0,Creciente,1
4,2025-01-26 13:33:53,3117240.0,10,45,Empleado,3000000,1200000,288457,95.227787,856.0,2,0,0.0,0.0,0.0,0.0,1,0,0,1823208.0,Creciente,1
4,2025-02-28 12:33:51,3662400.0,6,38,Independiente,10000000,2000000,543942,-38.00999,818.0,5,4,0.0,106361.0,79650.0,0.0,3,0,0,536175.0,Decreciente,0
4,2025-05-20 14:53:34,1509600.0,6,60,Independiente,3000000,1300000,224979,89.979287,814.0,2,4,0.0,1500.0,1500.0,0.0,0,1,1,,,1
4,2025-01-30 14:45:07,7051200.0,12,38,Independiente,6000000,3000000,553973,75.691683,799.0,10,5,0.0,10206.0,5107.0,0.0,6,0,2,,,1
4,2025-02-25 10:01:12,3525600.0,12,63,Empleado,8000000,2500000,277331,95.227787,867.0,6,3,0.0,57069.0,57069.0,0.0,3,0,1,,,1
4,2025-05-10 15:06:29,1056000.0,6,52,Independiente,20000000,1000000,157378,95.227787,777.0,8,4,0.0,93830.0,65836.0,0.0,4,0,1,941789.0,Creciente,1
4,2025-03-31 13:02:30,3672000.0,8,52,Independiente,5000000,1500000,417180,95.227787,763.0,2,9,0.0,9139.0,9139.0,0.0,0,0,2,904895.0,Creciente,1
4,2025-01-11 16:17:40,2867640.0,12,42,Independiente,4000000,1500000,199142,95.227787,823.0,4,5,0.0,9388.0,9388.0,0.0,2,0,0,1487928.0,Creciente,1
4,2025-01-26 09:51:49,1992000.0,6,41,Independiente,5000000,2000000,295866,-16.250449,728.0,13,6,0.0,17873.0,17873.0,0.0,4,0,7,60569.0,Decreciente,0
4,2025-07-15 18:09:16,1857720.0,18,42,Empleado,2000000,800000,102331,95.227787,821.0,8,3,0.0,24132.0,24132.0,0.0,6,2,0,1327076.0,Creciente,1
4,2025-03-28 17:04:46,1453920.0,12,41,Empleado,1800000,400000,114226,95.227787,763.0,1,3,0.0,0.0,0.0,0.0,1,0,0,1182804.0,Creciente,1
4,2025-08-08 10:21:10,2719200.0,8,60,Independiente,909000,789000,313975,95.227787,728.0,11,4,0.0,15339.0,15339.0,0.0,2,0,7,967545.0,Creciente,1
4,2025-09-02 15:16:28,1392000.0,6,54,Independiente,2960000,0,210244,95.227787,862.0,2,2,0.0,629.0,629.0,0.0,1,0,1,,,1
4,2025-01-13 17:58:20,3240960.0,12,57,Empleado,1800000,720000,225067,95.227787,844.0,6,2,0.0,19178.0,19178.0,0.0,3,1,0,1145161.0,Creciente,1
4,2025-09-17 17:57:02,3493200.0,6,52,Independiente,4330000,1100000,524993,95.227787,825.0,10,2,0.0,92093.0,85709.0,0.0,8,0,1,972557.0,Creciente,1
4,2025-01-15 16:32:39,3939840.0,6,32,Independiente,16000000,2300000,584159,95.227787,808.0,11,4,0.0,259233.0,259233.0,0.0,7,0,0,1475524.0,Estable,1
4,2025-03-03 11:17:53,1812000.0,6,46,Independiente,30000000,15000000,269301,95.227787,814.0,23,2,0.0,220978.0,220978.0,0.0,11,0,11,1756000.0,Estable,1
4,2024-12-03 10:36:23,2047200.0,12,42,Empleado,1450000,700000,160102,95.227787,782.0,9,4,0.0,84090.0,84090.0,0.0,5,0,1,1393975.0,Estable,1
9,2025-05-01 13:03:30,2026436.4,10,48,Empleado,3500000,1000000,172324,95.227787,815.0,9,8,0.0,18577.0,18577.0,0.0,4,0,1,939017.0,Creciente,1
4,2025-05-12 16:09:35,960000.0,6,45,Empleado,4900000,1500000,143071,95.227787,723.0,7,11,0.0,96404.0,96404.0,0.0,4,0,1,,,1
9,2025-04-19 14:41:28,586680.0,5,44,Independiente,5000000,2000000,95233,84.730786,903.0,11,1,0.0,3420.0,3112.0,0.0,3,0,6,,,1
9,2025-01-09 17:54:22,1674068.4,10,69,Independiente,3000000,1500000,141987,95.227787,891.0,4,4,0.0,9875.0,9875.0,0.0,3,0,0,5141998.0,Estable,1
4,2025-03-24 15:57:49,1536000.0,12,68,Independiente,10000000,3000000,120825,95.227787,842.0,5,6,0.0,31125.0,31125.0,0.0,5,0,0,1400000.0,Estable,1
4,2025-01-26 10:59:59,979792.7999999999,6,68,Empleado,2000000,500000,145526,95.227787,798.0,6,3,0.0,19778.0,15566.0,0.0,5,0,1,,,1
4,2024-12-17 11:21:23,1800000.0,10,65,Independiente,4000000,2000000,165916,95.227787,733.0,7,9,0.0,7557.0,7557.0,0.0,2,0,1,,,1
4,2025-01-05 10:31:32,1192800.0,12,65,Empleado,2000000,600000,93283,95.227787,927.0,6,3,0.0,52959.0,37925.0,0.0,6,0,0,916148.0,Creciente,1
4,2024-12-26 11:22:18,2476440.0,6,68,Empleado,5200000,1200000,367568,95.227787,809.0,7,5,0.0,14467.0,14467.0,0.0,3,0,3,4773592.0,Creciente,1
4,2024-12-30 15:31:48,1820280.0,12,65,Empleado,4000000,2000000,126408,95.227787,729.0,6,5,0.0,8477.0,8477.0,0.0,1,0,1,2377820.0,Estable,1
4,2025-03-08 11:31:58,1108680.0,18,67,Empleado,1500000,350000,61472,95.227787,885.0,3,5,0.0,7030.0,7030.0,0.0,2,0,1,931394.0,Creciente,1
4,2025-03-07 16:58:52,1748280.0,12,66,Empleado,4800000,2100000,137523,95.227787,827.0,3,1,0.0,11546.0,11546.0,0.0,2,0,0,931394.0,Creciente,1
9,2025-05-16 09:52:40,1294082.4,3,63,Empleado,3500000,2000000,343557,95.227787,859.0,2,0,0.0,6485.0,6485.0,0.0,2,0,0,4369973.0,Creciente,1
4,2025-01-07 11:05:29,1258680.0,12,63,Empleado,4000000,2500000,87408,95.227787,835.0,1,0,0.0,0.0,0.0,0.0,0,0,0,3568605.0,Decreciente,1
4,2025-10-03 14:24:58,2067529.2,6,68,Empleado,7730000,2353000,312674,95.227787,861.0,6,2,0.0,71243.0,69694.0,0.0,6,0,0,3619268.0,Creciente,1
4,2025-06-10 16:11:24,1680000.0,6,64,Empleado,3000000,1000000,250767,95.227787,808.0,4,4,0.0,37788.0,37788.0,0.0,3,1,0,954797.0,Creciente,1
4,2024-11-29 13:47:32,971520.0,6,66,Empleado,1100000,350000,144034,95.227787,827.0,2,6,0.0,2649.0,2649.0,0.0,1,0,1,908526.0,Estable,1
9,2025-04-25 16:04:16,821208.0,5,63,Independiente,5000000,2000000,133302,95.227787,733.0,4,19,0.0,1562.0,1562.0,0.0,1,0,1,841435.0,Creciente,1
9,2025-06-30 10:39:04,936480.0,5,63,Independiente,5000000,2000000,152146,95.227787,821.0,10,5,0.0,44532.0,44532.0,0.0,4,0,2,,,1
4,2025-04-24 15:33:12,1917480.0,6,62,Empleado,2200000,700000,285074,95.227787,842.0,0,1,0.0,0.0,,,0,0,0,3835256.0,Creciente,1
4,2025-05-27 12:23:48,1225080.0,6,61,Empleado,4700000,800000,182863,95.227787,820.0,3,5,0.0,21442.0,21442.0,0.0,1,0,1,6310840.0,Decreciente,1
4,2025-04-07 11:45:13,2492400.0,6,60,Independiente,3000000,1500000,370189,95.227787,871.0,3,1,0.0,41633.0,41633.0,0.0,2,0,0,,,1
4,2024-12-02 12:08:39,2438280.0,36,60,Empleado,3600000,1200000,78838,95.227787,789.0,2,4,0.0,1556.0,1556.0,0.0,1,0,0,,,1
4,2025-03-18 15:01:31,1278000.0,6,52,Independiente,10000000,5000000,189947,95.227787,722.0,5,3,0.0,28013.0,28013.0,0.0,2,0,1,,,1
4,2025-02-11 09:06:47,907200.0,6,60,Empleado,3500000,1000000,134652,95.227787,848.0,7,2,0.0,13413.0,13413.0,0.0,4,0,1,923771.0,Creciente,1
4,2025-02-12 16:46:30,1613640.0,8,59,Independiente,3500000,400000,183180,95.227787,839.0,9,7,0.0,25681.0,25681.0,0.0,7,0,0,,,1
4,2025-04-23 15:34:39,2913300.0,12,61,Empleado,1200000,500000,228882,95.227787,880.0,2,1,0.0,3509.0,3509.0,0.0,1,0,0,941789.0,Creciente,1
4,2025-01-25 12:37:08,1485480.0,12,62,Empleado,1600000,300000,116706,95.227787,804.0,3,4,0.0,11224.0,8280.0,0.0,2,0,1,,,1
4,2025-03-01 16:30:03,1330680.0,12,69,Empleado,3000000,1000000,104544,95.227787,860.0,4,1,0.0,9951.0,9951.0,0.0,2,0,0,4059489.0,Decreciente,1
4,2025-01-11 14:28:01,2280000.0,12,61,Independiente,2000000,200000,158333,95.227787,842.0,3,1,0.0,87.0,87.0,0.0,2,0,0,,,1
4,2025-04-03 15:00:14,1618680.0,12,51,Empleado,1000000,200000,127381,95.227787,836.0,2,1,0.0,20000.0,20000.0,0.0,2,0,0,1121167.0,Creciente,1
4,2025-01-12 18:46:07,2198100.0,10,42,Empleado,1900000,800000,202857,95.227787,771.0,4,2,0.0,11318.0,826.0,0.0,1,0,1,2265184.0,Creciente,1
4,2025-05-09 19:30:47,2666400.0,24,65,Independiente,3500000,600000,117190,95.227787,832.0,4,1,0.0,26462.0,26462.0,0.0,3,0,1,952078.0,Creciente,1
4,2025-03-27 15:21:43,1462681.2,8,66,Empleado,1400000,0,166236,95.227787,812.0,4,1,0.0,10413.0,10413.0,0.0,4,0,0,1650276.0,Creciente,1
4,2025-03-22 11:50:41,1767240.0,8,60,Independiente,3500000,1200000,200791,95.227787,844.0,3,3,0.0,7556.0,7556.0,0.0,1,0,2,977131.0,Creciente,1
4,2025-03-03 17:15:51,3574999.1999999997,12,42,Independiente,7000000,5000000,281216,95.227787,879.0,3,4,0.0,34262.0,34262.0,0.0,2,0,1,1852727.0,Creciente,1
4,2025-01-10 18:16:06,2795520.0,12,37,Empleado,2750000,500000,194133,95.227787,759.0,12,14,0.0,71858.0,71858.0,0.0,7,0,1,3256705.0,Creciente,1
4,2025-03-16 18:47:35,1200000.0,12,42,Empleado,3500000,200000,94277,95.227787,844.0,5,3,0.0,5563.0,5563.0,0.0,5,0,0,1240935.0,Creciente,1
4,2025-03-20 15:33:30,3180000.0,12,67,Independiente,3000000,1000000,250145,95.227787,839.0,4,3,0.0,7911.0,7911.0,0.0,3,0,0,,,1
9,2024-12-18 15:03:31,1269000.0,5,47,Independiente,4000000,2000000,205511,95.227787,722.0,7,0,0.0,106188.0,106188.0,,2,0,3,,,1
4,2025-01-03 17:48:16,4882200.0,12,42,Independiente,3200000,1300000,339042,95.227787,827.0,4,2,0.0,15003.0,15003.0,0.0,3,0,0,1282822.0,Decreciente,1
4,2025-10-11 13:55:12,8640000.0,36,57,Empleado,2880000,1771000,312883,-18.471029,485.0,7,2,1584.0,48619.0,48619.0,0.0,4,1,1,1706096.0,Decreciente,0
4,2025-04-18 16:25:43,3215880.0,6,43,Empleado,3500000,1100000,478080,95.227787,796.0,8,4,0.0,31701.0,31701.0,0.0,4,0,0,,,1
4,2024-12-06 12:46:34,3452257.1999999997,6,68,Empleado,4000000,1500000,511819,95.227787,869.0,9,2,0.0,15413.0,15413.0,0.0,7,0,0,,,1
4,2025-03-29 18:05:57,1052400.0,8,67,Empleado,6000000,1000000,119468,95.227787,826.0,4,2,0.0,84236.0,59791.0,0.0,1,0,3,6307480.0,Creciente,1
4,2025-05-26 12:09:48,1953600.0,18,51,Empleado,4500000,250000,108114,95.227787,773.0,2,3,0.0,0.0,0.0,0.0,0,0,0,,,1
9,2024-12-18 13:09:29,1676880.0,10,65,Independiente,3300000,1200000,142001,95.227787,843.0,11,0,0.0,7198.0,7198.0,,2,0,7,,,1
9,2025-03-17 16:36:40,2839390.8,11,46,Empleado,3100000,1500000,221164,95.227787,751.0,6,5,0.0,13902.0,13902.0,0.0,3,0,1,,,1
4,2025-01-05 11:26:13,1200000.0,6,65,Independiente,2000000,600000,166667,95.227787,853.0,6,2,0.0,203.0,203.0,0.0,1,0,3,,,1
4,2026-02-27 12:23:20,540000.0,8,45,Empleado,1589000,265000,64786,95.227787,752.0,3,2,0.0,9030.0,9030.0,0.0,1,0,2,996666.0,Decreciente,1
9,2025-04-06 13:05:52,2098540.8,10,39,Independiente,1500000,700000,178269,95.227787,861.0,2,2,0.0,2268.0,2268.0,0.0,1,0,1,,,1
4,2025-07-14 13:58:07,619560.0,6,67,Independiente,1000000,320000,92022,95.227787,802.0,2,4,0.0,380.0,380.0,0.0,0,0,1,,,1
4,2025-03-08 17:53:56,2194920.0,12,37,Independiente,800000,200000,172442,95.227787,793.0,5,3,0.0,7006.0,7006.0,0.0,1,0,4,,,1
4,2024-12-12 18:01:01,1452000.0,18,42,Empleado,1700000,600000,80269,95.227787,797.0,7,6,0.0,5903.0,5903.0,0.0,3,0,3,908526.0,Estable,1
4,2025-02-04 11:13:28,3615600.0,24,37,Empleado,5500000,2500000,159271,95.227787,786.0,5,7,0.0,28346.0,11545.0,0.0,2,0,0,5452521.0,Creciente,1
9,2025-04-09 12:02:16,1886259.5999999999,10,58,Empleado,5000000,2000000,160236,95.227787,852.0,13,6,0.0,330899.0,330899.0,0.0,10,0,1,2113531.0,Creciente,1
4,2025-01-10 16:00:57,1860000.0,10,40,Empleado,1300000,600000,171925,95.227787,779.0,3,3,0.0,4922.0,4922.0,0.0,0,1,1,969631.0,Creciente,1
4,2025-05-13 17:36:39,1991880.0,12,40,Empleado,2090000,550000,157460,95.227787,860.0,6,3,0.0,11161.0,11161.0,0.0,2,1,0,1857777.0,Creciente,1
9,2025-05-30 14:38:53,3188834.4,4,36,Empleado,7000000,4000000,634306,95.227787,727.0,12,6,0.0,124911.0,93588.0,0.0,7,0,0,941789.0,Creciente,1
4,2025-09-19 18:19:15,818400.0,6,64,Empleado,2070000,160000,123610,95.227787,762.0,3,4,0.0,4899.0,4899.0,0.0,1,0,0,1863829.0,Creciente,1
4,2025-01-16 14:41:27,1771927.2,8,55,Independiente,1000000,500000,201382,95.227787,752.0,9,7,0.0,4636.0,4636.0,0.0,1,0,7,,,1
4,2026-02-07 09:50:12,3300000.0,12,58,Empleado,2180000,0,276271,47.613894,814.0,0,1,0.0,0.0,,,0,0,0,954263.0,Creciente,0
9,2025-06-13 08:39:04,2648163.6,10,55,Empleado,1500000,920000,225431,95.227787,799.0,6,1,0.0,15684.0,15684.0,0.0,3,0,2,946640.0,Creciente,1
9,2025-04-27 12:17:13,3763630.8,9,52,Empleado,5000000,1500000,352332,95.227787,852.0,7,6,0.0,277261.0,334.0,0.0,4,0,0,1517766.0,Creciente,1
4,2025-04-01 17:33:00,480289.19999999995,6,53,Empleado,1000000,300000,71691,95.227787,768.0,2,2,0.0,3955.0,3955.0,0.0,1,0,1,939017.0,Creciente,1
4,2025-07-22 17:20:04,2038140.0,6,63,Empleado,2504520,587000,302167,95.227787,831.0,6,5,0.0,67115.0,20154.0,0.0,5,1,0,2663853.0,Decreciente,1
4,2025-04-14 16:57:44,1288800.0,8,40,Empleado,2000000,500000,146928,95.227787,878.0,2,6,0.0,20321.0,20321.0,0.0,1,0,1,,,1
4,2025-01-23 12:56:40,2846160.0,12,59,Empleado,1800000,0,197650,95.227787,864.0,1,2,0.0,0.0,0.0,0.0,0,0,1,,,1
10,2024-12-20 10:41:39,3678480.0,24,58,Empleado,1200000,200000,160809,95.227787,747.0,4,3,0.0,26943.0,17976.0,0.0,0,1,3,1122000.0,Estable,1
4,2024-12-19 15:36:12,1392000.0,12,58,Empleado,1500000,400000,109271,44.945188,827.0,4,2,0.0,1942.0,1942.0,0.0,0,1,3,948857.0,Decreciente,0
4,2025-02-04 18:09:25,2528768.4,18,64,Empleado,3000000,1000000,140542,95.227787,790.0,12,11,0.0,101801.0,101801.0,0.0,3,1,6,2540601.0,Creciente,1
9,2025-09-04 13:46:00,2098173.6,9,67,Empleado,5970000,144000,198492,95.227787,840.0,3,3,0.0,0.0,0.0,0.0,1,0,0,4866666.0,Estable,1
4,2025-09-04 10:38:16,8400000.0,36,60,Empleado,5700000,3543000,301863,95.227787,804.0,14,5,0.0,238527.0,238527.0,0.0,10,0,2,,,1
4,2026-02-14 18:21:59,3360000.0,36,60,Empleado,5394000,245000,131724,95.227787,888.0,3,3,0.0,4866.0,4866.0,0.0,2,0,0,3988118.0,Creciente,1
4,2025-01-12 11:38:24,4263600.0,18,49,Empleado,1100000,300000,234914,95.227787,748.0,6,8,0.0,7772.0,6433.0,0.0,0,1,3,810943.0,Estable,1
4,2025-08-21 16:20:54,1308000.0,8,42,Empleado,1835000,232000,151694,95.227787,765.0,5,2,0.0,16343.0,16343.0,0.0,3,0,2,,,1
10,2025-05-11 16:30:23,1680000.0,6,49,Independiente,2000000,800000,250374,95.227787,779.0,8,3,0.0,7772.0,7325.0,0.0,1,1,5,,,1
9,2025-04-10 10:15:59,1005546.0,10,64,Empleado,2000000,0,85420,95.227787,834.0,4,4,0.0,33106.0,33106.0,0.0,3,0,1,,,1
4,2025-05-12 14:39:33,960000.0,12,64,Empleado,1500000,300000,75889,95.227787,762.0,1,1,0.0,100.0,100.0,0.0,0,0,1,,,1
9,2026-03-20 17:43:01,3358348.8,9,43,Independiente,1693000,92000,330375,95.227787,761.0,1,0,0.0,185.0,185.0,0.0,0,0,1,,,1
9,2025-05-27 17:04:06,538680.0,3,67,Empleado,1500000,700000,143066,95.227787,777.0,3,3,0.0,118592.0,118592.0,0.0,2,0,1,,,1
9,2025-05-09 14:23:50,2458218.0,11,54,Empleado,2500000,1500000,208718,95.227787,867.0,7,4,0.0,40199.0,40199.0,0.0,5,0,0,3964651.0,Decreciente,1
6,2025-04-28 12:46:18,4324407.6,11,48,Empleado,4200000,2800000,366751,95.227787,808.0,5,2,0.0,13464.0,13464.0,0.0,2,0,2,,,1
4,2025-05-26 17:01:26,1860000.0,6,37,Empleado,1450000,200000,278586,95.227787,761.0,10,4,0.0,3770.0,3770.0,0.0,2,0,6,1141876.0,Creciente,1
4,2024-12-26 12:23:03,1680000.0,6,58,Empleado,4000000,1500000,249430,95.227787,859.0,10,1,0.0,183295.0,156926.0,0.0,3,4,3,,,1
4,2025-04-13 11:37:08,360000.0,6,62,Independiente,1500000,500000,53736,95.227787,727.0,7,4,0.0,7544.0,6067.0,0.0,2,0,4,,,1
4,2025-07-12 19:02:21,3028440.0,6,53,Empleado,4700000,1500000,453551,95.227787,860.0,6,8,0.0,139883.0,139883.0,0.0,4,1,0,,,1
4,2024-12-12 14:30:09,2448000.0,12,37,Empleado,1400000,158000,192166,95.227787,731.0,2,7,0.0,217.0,217.0,0.0,0,0,1,969312.0,Decreciente,1
4,2025-01-19 17:13:43,2696640.0,6,45,Independiente,7000000,4000000,399830,95.227787,787.0,9,4,0.0,40593.0,40593.0,0.0,6,0,2,905965.0,Creciente,1
4,2025-09-21 09:41:26,825600.0,6,43,Independiente,3760000,1431000,125121,95.227787,754.0,9,11,0.0,25943.0,25943.0,0.0,8,0,1,977131.0,Creciente,1
4,2025-01-07 18:40:27,2705760.0,12,42,Empleado,3500000,2000000,187900,95.227787,805.0,5,2,0.0,41388.0,31857.0,0.0,2,0,2,4116667.0,Creciente,1
4,2024-11-30 10:54:17,3566400.0,12,42,Empleado,4000000,400000,279261,95.227787,722.0,9,3,0.0,143753.0,143753.0,0.0,5,0,0,5893818.0,Creciente,1
4,2025-02-17 18:40:39,3472440.0,12,42,Independiente,1500000,600000,272788,95.227787,808.0,7,1,0.0,32164.0,32164.0,0.0,5,0,0,,,1
4,2025-07-20 11:57:29,2236650.0,6,42,Empleado,2036457,550000,331597,95.227787,747.0,2,5,0.0,0.0,0.0,0.0,2,0,0,1626343.0,Creciente,1
4,2025-02-11 17:50:09,1717200.0,12,43,Independiente,2600000,1000000,134320,84.030986,770.0,3,2,0.0,41844.0,41844.0,0.0,2,0,0,916148.0,Creciente,1
4,2025-01-24 16:09:02,3409322.4,12,56,Independiente,3000000,800000,267851,95.227787,763.0,2,1,0.0,1510.0,1510.0,0.0,1,0,1,,,1
4,2025-07-12 14:36:15,3400080.0,12,61,Independiente,1600000,400000,266238,95.227787,815.0,6,3,0.0,5793.0,5793.0,0.0,3,0,2,,,1
9,2025-03-17 13:12:35,670200.0,10,42,Empleado,3000000,1000000,56933,95.227787,764.0,5,6,0.0,22369.0,22369.0,0.0,4,0,0,2991197.0,Creciente,1
4,2025-03-05 15:03:58,2849280.0,6,57,Independiente,6000000,2000000,423177,95.227787,786.0,4,4,0.0,17713.0,17713.0,0.0,0,1,0,,,1
4,2025-02-23 15:48:43,3027120.0,10,50,Empleado,1300000,300000,280098,95.227787,804.0,2,5,0.0,0.0,0.0,0.0,0,0,0,919035.0,Creciente,1
4,2025-01-15 17:12:29,3159360.0,12,65,Empleado,2000000,810000,219400,95.227787,899.0,3,2,0.0,9014.0,9014.0,0.0,1,1,0,916148.0,Creciente,1
4,2024-12-02 08:06:20,2328480.0,8,58,Independiente,5000000,1000000,263712,95.227787,892.0,7,2,0.0,5634.0,5634.0,0.0,0,1,1,,,1
4,2025-01-17 07:57:09,2849280.0,8,50,Independiente,5000000,750000,322884,44.043534,751.0,8,1,0.0,8530.0,8530.0,0.0,1,1,2,,,0
4,2025-03-25 17:47:54,3480000.0,12,60,Empleado,3800000,450000,273744,95.227787,825.0,2,3,0.0,21115.0,21115.0,0.0,0,2,0,3048046.0,Creciente,1
4,2025-09-15 15:29:48,2381401.1999999997,12,66,Independiente,1720000,273000,192878,95.227787,783.0,2,1,0.0,31402.0,26649.0,0.0,1,1,0,,,1
4,2025-04-24 18:56:57,1175257.2,12,43,Independiente,8000000,1800000,92496,95.227787,890.0,6,2,0.0,45194.0,45194.0,0.0,4,0,0,33119.0,Estable,1
4,2025-01-23 08:38:01,2739888.0,12,58,Empleado,1800000,800000,214722,95.227787,875.0,3,6,0.0,3206.0,3206.0,0.0,1,0,1,1898044.0,Creciente,1
4,2025-02-14 12:07:12,2602560.0,6,65,Empleado,4500000,1500000,386287,-21.099465,861.0,3,3,0.0,0.0,0.0,0.0,1,0,0,3544650.0,Creciente,0
4,2025-06-27 11:35:55,4848000.0,6,62,Independiente,16000000,5000000,726055,95.227787,844.0,5,6,0.0,28608.0,28608.0,0.0,2,0,2,1459717.0,Creciente,1
4,2025-02-21 17:02:55,2523660.0,6,58,Empleado,4000000,1000000,374576,95.227787,827.0,3,1,0.0,11902.0,11902.0,0.0,1,0,0,4967330.0,Decreciente,1
4,2025-04-15 16:48:39,1503480.0,6,63,Empleado,3000000,1200000,223511,95.227787,820.0,1,3,0.0,55.0,55.0,0.0,0,0,0,3067753.0,Creciente,1
4,2025-02-08 13:49:41,4040398.8,8,51,Independiente,5000000,1500000,458638,82.631387,853.0,10,6,0.0,122714.0,122714.0,0.0,5,0,1,,,1
4,2025-03-07 10:08:49,3576000.0,12,52,Empleado,6000000,1000000,281295,95.227787,757.0,5,9,0.0,48924.0,6026.0,0.0,4,1,0,925157.0,Creciente,1
4,2025-02-10 16:49:10,928200.0,6,56,Independiente,1000000,400000,137769,95.227787,786.0,2,4,0.0,1222.0,1222.0,0.0,0,0,1,,,1
4,2025-01-28 12:06:47,2280000.0,6,58,Independiente,2800000,1500000,338642,95.227787,807.0,3,3,0.0,11438.0,11438.0,0.0,2,0,0,,,1
4,2025-02-24 11:10:05,2160000.0,12,62,Empleado,3200000,800000,169685,95.227787,822.0,7,0,0.0,91410.0,91410.0,0.0,5,0,0,,,1
9,2025-02-02 12:54:05,1604013.5999999999,10,68,Empleado,1900000,1200000,136045,95.227787,809.0,2,5,0.0,5942.0,5942.0,0.0,1,0,0,916148.0,Creciente,1
4,2025-01-25 14:26:53,4027992.0,6,63,Independiente,5500000,500000,597432,95.227787,802.0,4,2,0.0,116.0,116.0,0.0,2,0,1,916148.0,Creciente,1
4,2025-05-08 12:04:55,1607880.0,12,41,Independiente,4000000,2500000,127104,95.227787,783.0,4,2,0.0,3694.0,3694.0,0.0,1,0,2,,,1
4,2025-08-18 16:37:53,2775000.0,6,50,Empleado,7240000,3858000,417689,95.227787,823.0,10,7,0.0,127321.0,127321.0,0.0,5,0,3,969508.0,Creciente,1
4,2025-01-24 18:13:21,1176000.0,6,40,Empleado,2700000,500000,174668,95.227787,779.0,4,4,0.0,2321.0,2321.0,0.0,3,0,1,2989204.0,Creciente,1
4,2025-01-06 18:39:48,1097880.0,12,57,Independiente,1500000,0,76242,95.227787,797.0,0,0,0.0,0.0,,,0,0,0,,,1
4,2025-01-08 15:27:34,1594320.0,6,43,Empleado,2300000,950000,236476,95.227787,859.0,3,7,0.0,44361.0,44361.0,0.0,2,0,0,2373855.0,Creciente,1
4,2025-12-25 12:56:03,1559880.0,8,63,Empleado,1850000,0,183482,95.227787,828.0,2,2,0.0,357.0,357.0,0.0,0,0,1,1743658.0,Creciente,1
4,2025-01-25 12:54:39,1189260.0,6,58,Empleado,1200000,700000,176391,95.227787,822.0,1,2,0.0,3279.0,3279.0,0.0,1,0,0,918689.0,Creciente,1
4,2025-01-17 15:35:23,1320129.5999999999,12,60,Independiente,1200000,500000,103887,95.227787,890.0,7,0,0.0,72742.0,17380.0,0.0,3,1,2,,,1
4,2025-03-08 12:43:24,686400.0,8,51,Independiente,3000000,1000000,77988,95.227787,722.0,19,0,0.0,1940.0,1940.0,0.0,0,0,16,586000.0,Decreciente,1
4,2025-01-23 14:50:13,525600.0,6,58,Empleado,2000000,600000,77931,95.227787,807.0,9,3,0.0,6592.0,6592.0,0.0,5,0,4,,,1
4,2025-01-14 16:49:39,3269640.0,12,37,Empleado,1500000,800000,227058,95.227787,841.0,1,1,0.0,1875.0,1875.0,0.0,1,0,0,856353.0,Creciente,1
4,2025-01-23 18:29:34,1779478.8,12,58,Empleado,2000000,300000,123575,95.227787,768.0,2,0,0.0,10061.0,10061.0,0.0,2,0,0,916148.0,Creciente,1
9,2025-01-15 18:09:48,2695840.8,9,54,Independiente,4000000,2000000,251768,95.227787,830.0,2,3,0.0,13003.0,13003.0,0.0,1,0,0,,,1
4,2025-05-03 17:09:55,4566600.0,6,36,Independiente,3000000,1000000,678881,95.227787,781.0,8,4,0.0,10666.0,10666.0,0.0,4,0,2,,,1
9,2025-01-25 15:26:35,1387666.8,2,59,Independiente,2000000,1000000,546986,95.227787,809.0,8,3,0.0,35750.0,35750.0,0.0,5,0,1,2088508.0,Creciente,1
4,2025-02-19 11:04:57,1390680.0,12,54,Independiente,1100000,100000,109258,95.227787,711.0,7,2,0.0,2750.0,2750.0,0.0,2,0,5,1000000.0,Estable,1
4,2026-01-31 17:33:53,1696800.0,24,56,Independiente,1920000,78000,83493,47.613894,770.0,2,3,0.0,3252.0,0.0,0.0,0,0,1,,,0
4,2025-01-30 18:30:38,2508480.0,12,68,Independiente,4000000,300000,196832,95.227787,873.0,3,4,0.0,0.0,0.0,0.0,2,0,0,,,1
4,2024-12-25 16:34:05,1582320.0,12,43,Empleado,4000000,1500000,124159,95.227787,698.0,10,10,0.0,37978.0,37978.0,0.0,5,0,3,2465965.0,Creciente,1
4,2024-12-25 17:21:38,1974960.0,12,43,Independiente,1800000,350000,154958,95.227787,862.0,7,3,0.0,4914.0,4914.0,0.0,5,0,0,,,1
4,2025-02-26 16:30:33,2969400.0,36,43,Empleado,1979730,850000,96638,95.227787,868.0,8,4,0.0,2681.0,2681.0,0.0,4,0,1,1978985.0,Decreciente,1
9,2025-04-24 12:01:43,548232.0,2,44,Independiente,5000000,2000000,216259,95.227787,792.0,6,7,0.0,32395.0,32395.0,0.0,2,0,2,,,1
4,2025-04-24 13:18:07,1620120.0,6,56,Empleado,1600000,600000,240621,95.227787,843.0,4,2,0.0,5968.0,5968.0,0.0,3,0,1,1480481.0,Creciente,1
4,2025-07-01 14:46:28,816480.0,6,61,Empleado,2519000,1200000,121048,95.227787,814.0,6,3,0.0,21082.0,21082.0,0.0,3,0,2,,,1
4,2025-07-28 11:53:08,2400000.0,6,44,Empleado,3210000,903000,359433,95.227787,859.0,6,1,0.0,42112.0,42112.0,0.0,2,0,1,,,1
4,2025-08-08 15:53:21,1041120.0,18,54,Empleado,1800000,800000,57363,95.227787,775.0,3,4,0.0,20342.0,20342.0,0.0,3,0,0,961885.0,Creciente,1
4,2025-03-25 09:39:46,2245200.0,12,60,Empleado,2000000,700000,176378,95.227787,751.0,8,2,0.0,4896.0,4896.0,0.0,2,1,4,931394.0,Creciente,1
9,2025-05-15 14:32:33,1482682.8,5,38,Empleado,10000000,8500000,240676,95.227787,827.0,7,2,0.0,324428.0,324428.0,0.0,5,0,0,10435000.0,Estable,1
9,2025-05-15 14:26:33,2802128.4,9,43,Independiente,3500000,1500000,262321,95.227787,829.0,4,5,0.0,29741.0,29741.0,0.0,3,0,1,,,1
4,2024-12-09 13:52:34,2568000.0,18,68,Empleado,3900000,1000000,141491,84.730786,816.0,10,3,0.0,51722.0,51722.0,0.0,2,0,3,,,1
4,2025-01-13 18:05:42,1923600.0,6,46,Empleado,2000000,700000,285212,86.830187,735.0,6,7,0.0,39337.0,39337.0,0.0,2,1,2,2434247.0,Decreciente,1
4,2025-03-27 11:59:45,4560000.0,6,55,Empleado,3500000,1000000,677711,95.227787,775.0,8,3,0.0,8097.0,8097.0,0.0,3,0,0,3356689.0,Creciente,1
4,2025-02-14 17:13:54,3484800.0,12,45,Independiente,3000000,800000,273781,95.227787,789.0,13,7,0.0,18562.0,11433.0,0.0,4,1,2,1119218.0,Creciente,1
4,2025-03-08 09:47:14,1512000.0,6,61,Independiente,3200000,1000000,224726,95.227787,836.0,2,0,0.0,24097.0,24097.0,0.0,2,0,0,,,1
4,2025-03-06 16:46:35,1100700.0,12,60,Empleado,940000,450000,86476,95.227787,774.0,8,2,0.0,19022.0,19022.0,0.0,4,0,1,931394.0,Creciente,1
9,2025-04-25 12:52:59,1480480.8,10,45,Independiente,4500000,1500000,125897,95.227787,843.0,10,8,0.0,49337.0,49337.0,0.0,8,0,1,939017.0,Creciente,1
9,2025-07-17 11:19:56,1249597.2,10,44,Empleado,4000000,2000000,106654,95.227787,862.0,8,0,0.0,211825.0,182561.0,0.0,5,1,1,4517075.0,Creciente,1
4,2025-01-23 13:46:28,504840.0,6,43,Empleado,1000000,200000,74853,56.839598,839.0,1,0,0.0,0.0,0.0,0.0,1,0,0,,,0
4,2025-08-28 19:16:51,600000.0,6,67,Independiente,2000000,497000,90174,95.227787,797.0,2,7,0.0,6897.0,6897.0,0.0,1,0,1,,,1
4,2024-12-01 13:34:48,2046000.0,10,53,Empleado,2000000,1600000,188793,95.227787,771.0,4,7,0.0,5297.0,2848.0,0.0,1,0,2,2070000.0,Estable,1
4,2025-04-22 17:04:48,4463388.0,12,59,Empleado,4240000,800000,351244,95.227787,883.0,4,1,0.0,180923.0,180923.0,0.0,2,0,0,,,1
4,2025-03-01 17:31:59,1305600.0,6,51,Independiente,3000000,1000000,193908,95.227787,852.0,6,5,0.0,24825.0,24825.0,0.0,5,0,1,726821.0,Creciente,1
9,2025-06-16 09:32:42,670200.0,2,55,Independiente,5000000,2000000,264488,95.227787,851.0,6,2,0.0,29987.0,29987.0,0.0,5,0,1,1101671.0,Creciente,1
4,2025-01-01 14:52:34,1767360.0,12,66,Empleado,5000000,1000000,122733,95.227787,893.0,6,3,0.0,115528.0,115528.0,0.0,5,0,0,,,1
4,2025-03-03 17:21:18,3724999.1999999997,6,64,Independiente,7000000,3000000,553641,20.564063,799.0,5,4,0.0,29500.0,29500.0,0.0,2,0,0,931394.0,Creciente,0
4,2025-09-06 17:59:57,1607880.0,6,63,Empleado,5790000,4361000,242850,95.227787,846.0,6,6,0.0,61267.0,61267.0,0.0,3,2,0,977131.0,Creciente,1
4,2025-01-03 13:01:57,1451221.2,12,55,Independiente,3000000,1000000,113730,95.227787,794.0,5,3,0.0,23762.0,23762.0,0.0,3,0,1,,,1
4,2025-02-07 13:12:33,4693680.0,36,45,Empleado,2700000,250000,151736,95.227787,738.0,8,2,0.0,3446.0,3446.0,0.0,0,0,5,923771.0,Creciente,1
4,2025-03-04 13:42:55,3120600.0,12,63,Independiente,4000000,1000000,245168,95.227787,780.0,11,2,0.0,60767.0,60767.0,0.0,9,0,2,,,1
9,2025-03-08 17:01:46,878880.0,8,52,Independiente,5000000,2000000,91585,95.227787,783.0,8,8,0.0,107686.0,107686.0,0.0,5,0,1,923771.0,Creciente,1
4,2025-03-08 16:36:54,2400000.0,24,52,Independiente,4000000,1000000,105401,95.227787,757.0,6,5,0.0,29606.0,29606.0,0.0,5,0,0,,,1
4,2024-12-17 11:36:00,1800000.0,12,58,Independiente,3500000,500000,141240,95.227787,753.0,17,8,0.0,56956.0,56956.0,0.0,7,0,6,,,1
9,2024-12-12 15:50:50,750708.0,8,52,Independiente,4000000,2000000,78060,91.410695,699.0,11,1,0.0,74065.0,74065.0,,5,0,4,,,1
4,2026-01-31 15:06:41,1835880.0,12,61,Independiente,2656000,606000,153710,95.227787,836.0,10,0,0.0,3215.0,3215.0,0.0,2,1,4,,,1
4,2025-02-22 18:00:42,2537520.0,24,63,Empleado,2000000,250000,111186,95.227787,859.0,3,2,0.0,5933.0,5933.0,0.0,0,0,1,1950922.0,Creciente,1
4,2025-04-11 18:17:38,1379881.2,12,60,Empleado,2700000,800000,108589,95.227787,816.0,4,1,0.0,8856.0,8856.0,0.0,2,0,0,3253972.0,Creciente,1
4,2025-08-17 15:40:17,453600.0,10,63,Independiente,2300000,100000,42922,95.227787,785.0,4,8,0.0,520.0,520.0,0.0,1,0,3,,,1
4,2025-01-05 17:48:54,1271640.0,12,55,Independiente,3500000,500000,88308,95.227787,826.0,10,2,0.0,28621.0,26826.0,0.0,7,1,0,,,1
9,2025-03-21 11:19:40,1260240.0,8,52,Empleado,4000000,1800000,131382,95.227787,783.0,8,6,0.0,14150.0,14150.0,0.0,4,0,2,843808.0,Creciente,1
4,2025-01-21 16:41:49,4253160.0,12,58,Empleado,3800000,750000,295358,95.227787,819.0,9,1,0.0,8723.0,8723.0,0.0,6,0,0,1241604.0,Decreciente,1
4,2025-08-23 12:30:55,2222880.0,18,43,Empleado,2600000,371000,127361,95.227787,778.0,5,2,0.0,2926.0,2926.0,0.0,3,0,1,,,1
4,2025-03-07 18:56:49,3264000.0,10,42,Independiente,6000000,1500000,302357,95.227787,765.0,8,3,0.0,11605.0,11605.0,0.0,5,0,2,,,1
9,2024-12-19 11:00:06,1887316.7999999998,10,42,Empleado,2800000,1000000,160073,95.227787,813.0,8,4,0.0,45682.0,25767.0,0.0,4,2,0,2568182.0,Decreciente,1
4,2025-01-18 16:28:07,1174080.0,12,60,Independiente,1800000,600000,92011,95.227787,763.0,19,2,0.0,7065.0,7065.0,0.0,4,0,13,,,1
9,2025-05-07 15:24:44,878880.0,3,40,Independiente,4000000,2000000,233328,95.227787,821.0,8,5,0.0,63104.0,63104.0,0.0,2,0,4,939017.0,Creciente,1
4,2025-01-16 17:25:53,2448840.0,12,63,Empleado,1300000,300000,170058,95.227787,881.0,6,3,0.0,1567.0,1567.0,0.0,1,2,0,1300245.0,Creciente,1
4,2025-01-28 15:00:03,1923600.0,24,37,Empleado,1200000,200000,83891,95.227787,761.0,3,2,0.0,599.0,599.0,0.0,0,0,2,916148.0,Creciente,1
4,2025-05-13 12:48:39,1992000.0,6,47,Empleado,2500000,1000000,296872,95.227787,751.0,3,2,0.0,23557.0,18798.0,0.0,2,0,1,,,1
4,2025-04-09 13:55:08,3339180.0,12,39,Independiente,3000000,800000,262803,95.227787,820.0,3,1,0.0,15502.0,15502.0,0.0,1,0,0,,,1
4,2025-04-25 19:00:39,2564640.0,6,38,Empleado,5000000,2000000,380902,84.730786,798.0,7,4,0.0,40859.0,40859.0,0.0,5,0,2,2706429.0,Creciente,1
4,2025-01-12 17:00:33,1482264.0,12,39,Empleado,5000000,2000000,116163,95.227787,726.0,25,4,0.0,166712.0,166712.0,0.0,12,6,7,5425531.0,-28589,1
9,2025-02-27 13:09:20,1269000.0,5,66,Independiente,5000000,2000000,205810,95.227787,805.0,9,8,0.0,96589.0,96589.0,0.0,5,0,4,,,1
4,2025-02-09 12:00:45,2275200.0,10,51,Independiente,3500000,1500000,210303,95.227787,769.0,6,1,0.0,6605.0,6605.0,0.0,3,0,0,400000.0,Estable,1
4,2025-01-08 13:41:38,4341480.0,12,65,Empleado,2000000,500000,301492,95.227787,822.0,1,3,0.0,14880.0,14880.0,0.0,0,0,1,1899575.0,Creciente,1
9,2025-05-31 15:23:21,1937450.4,10,59,Empleado,3500000,1500000,164930,95.227787,808.0,0,1,0.0,0.0,,,0,0,0,,,1
4,2025-02-12 13:33:45,3529500.0,12,43,Empleado,3500000,1600000,276948,95.227787,762.0,9,3,0.0,97197.0,44919.0,0.0,2,5,0,4674570.0,Decreciente,1
4,2025-02-10 14:05:29,4676100.0,12,54,Empleado,5000000,2500000,366918,95.227787,823.0,3,3,0.0,24933.0,24933.0,0.0,2,0,0,3782545.0,Creciente,1
4,2025-02-08 12:06:45,1661520.0,24,39,Empleado,1000000,500000,72626,95.227787,851.0,2,1,0.0,0.0,0.0,0.0,1,0,0,,,1
4,2025-12-19 10:36:21,4270560.0,36,39,Empleado,11588000,5055000,157015,95.227787,774.0,9,5,0.0,130721.0,130721.0,0.0,9,0,0,11004988.0,Creciente,1
4,2025-08-03 19:19:11,1403880.0,12,62,Empleado,1000000,717000,112996,95.227787,793.0,4,6,0.0,32057.0,32057.0,0.0,4,0,0,1000000.0,Estable,1
4,2025-04-22 15:46:02,576000.0,6,59,Independiente,6000000,3500000,85635,11.61911,793.0,9,4,0.0,42455.0,42455.0,0.0,7,0,0,1600000.0,Creciente,0
4,2025-02-23 15:40:52,1139880.0,12,60,Independiente,1800000,0,89554,95.227787,792.0,4,3,0.0,520.0,520.0,0.0,1,0,3,,,1
4,2025-12-18 17:10:47,3264960.0,18,61,Empleado,2981000,307000,194201,95.227787,833.0,3,1,0.0,16328.0,16328.0,0.0,0,1,0,1000000.0,Estable,1
4,2025-03-28 18:19:31,3059880.0,8,48,Empleado,5000000,3000000,347760,95.227787,882.0,5,4,0.0,266080.0,21740.0,0.0,4,0,0,8142500.0,Decreciente,1
4,2024-12-01 11:35:40,2328480.0,6,58,Empleado,1100000,300000,345212,95.227787,780.0,1,4,0.0,0.0,0.0,0.0,0,0,0,908526.0,Decreciente,1
4,2025-05-25 11:41:06,1200000.0,6,38,Independiente,3800000,1800000,179733,95.227787,713.0,12,4,0.0,26106.0,22595.0,0.0,0,1,10,,,1
4,2024-12-03 13:26:15,1435200.0,12,55,Independiente,4000000,1200000,112240,95.227787,822.0,3,2,0.0,11068.0,11068.0,0.0,3,0,0,,,1
4,2025-05-24 17:18:06,2400000.0,6,56,Independiente,1800000,800000,357677,95.227787,794.0,6,2,0.0,8339.0,8339.0,0.0,5,0,0,826326.0,Decreciente,1
4,2025-01-25 16:20:52,2763960.0,8,53,Independiente,5000000,2500000,313205,87.593604,812.0,5,3,0.0,20454.0,20454.0,0.0,4,0,0,953982.0,Creciente,1
4,2025-08-21 17:03:15,1798441.2,8,51,Empleado,4090000,849000,207659,95.227787,808.0,8,5,0.0,40940.0,40940.0,0.0,5,0,2,1693680.0,Creciente,1
9,2025-07-11 11:08:48,2164116.0,9,49,Independiente,3500000,1800000,202884,95.227787,841.0,3,3,0.0,40546.0,40546.0,0.0,0,0,1,908808.0,Creciente,1
4,2025-07-19 11:55:35,4716000.0,36,38,Empleado,2000000,100000,161919,95.227787,790.0,8,7,0.0,6593.0,6593.0,0.0,5,0,1,1293171.0,Creciente,1
4,2025-01-14 17:18:16,2626500.0,24,39,Empleado,2400000,700000,114556,95.227787,816.0,7,4,0.0,27313.0,27313.0,0.0,4,0,0,2836865.0,Decreciente,1
4,2025-04-24 17:16:42,2400000.0,10,50,Empleado,2400000,1000000,222420,95.227787,810.0,4,3,0.0,17427.0,17427.0,0.0,2,0,1,808333.0,Creciente,1
4,2025-05-15 10:40:47,1863753.5999999999,12,42,Empleado,1800000,600000,148673,95.227787,760.0,5,4,0.0,2131.0,2131.0,0.0,2,0,2,1702686.0,Creciente,1
4,2025-02-18 10:29:17,2076000.0,6,40,Independiente,3000000,1000000,308343,95.227787,805.0,4,3,0.0,0.0,0.0,0.0,2,0,1,,,1
4,2025-01-13 11:08:27,1200000.0,6,45,Empleado,10000000,4000000,166667,95.227787,738.0,34,7,0.0,252218.0,249743.0,0.0,13,2,13,1075192.0,Creciente,1
4,2025-04-29 12:33:30,3706440.0,6,49,Independiente,12000000,3000000,551041,95.227787,717.0,11,5,0.0,112721.0,100317.0,0.0,9,0,0,,,1
4,2025-03-10 11:40:45,8400000.0,12,66,Independiente,7000000,500000,660698,95.227787,794.0,4,4,0.0,6083.0,6083.0,0.0,1,0,2,,,1
4,2025-01-23 14:16:29,2267760.0,12,62,Empleado,2000000,400000,157483,95.227787,894.0,4,2,0.0,56692.0,56692.0,0.0,3,0,0,,,1
4,2025-01-07 15:43:11,840000.0,6,57,Empleado,4000000,2400000,124592,95.227787,778.0,3,5,0.0,8490.0,8490.0,0.0,2,0,0,,,1
4,2025-05-07 16:05:04,3866460.0,36,66,Empleado,1500000,500000,125969,95.227787,799.0,4,3,0.0,4931.0,4931.0,0.0,2,0,2,1168723.0,Creciente,1
4,2025-03-15 18:15:20,3508200.0,6,60,Empleado,3500000,2000000,521063,95.227787,878.0,7,2,0.0,146582.0,146582.0,0.0,6,0,1,6090475.0,Creciente,1
4,2025-01-13 16:23:27,1920000.0,6,54,Independiente,3500000,700000,266667,95.227787,820.0,4,2,0.0,35291.0,21469.0,0.0,0,0,2,1715200.0,Estable,1
4,2025-01-02 12:39:05,846420.0,6,68,Empleado,1300000,300000,125544,95.227787,822.0,1,0,0.0,21477.0,21477.0,0.0,1,0,0,916148.0,Creciente,1
4,2025-01-16 10:52:15,1689480.0,12,68,Independiente,3000000,1000000,117325,95.227787,874.0,3,2,0.0,7164.0,7164.0,0.0,1,1,0,2324280.0,Creciente,1
4,2024-12-05 14:53:02,480000.0,6,64,Empleado,2000000,580000,71242,95.227787,743.0,9,9,0.0,9785.0,9785.0,0.0,3,0,6,91777.0,Creciente,1
4,2025-01-23 13:40:09,7924920.0,6,68,Empleado,2000000,500000,1175027,95.227787,903.0,5,2,0.0,9023.0,9023.0,0.0,3,0,0,908526.0,Estable,1
4,2025-04-08 17:58:04,3288780.0,6,67,Independiente,3000000,1000000,488474,95.227787,901.0,4,3,0.0,23810.0,23410.0,0.0,2,0,1,1000000.0,Estable,1
4,2025-02-07 08:08:02,2280000.0,24,37,Independiente,3500000,1800000,99660,95.227787,799.0,5,8,0.0,0.0,0.0,0.0,3,0,1,916841.0,Creciente,1
4,2025-02-28 12:42:33,3955500.0,12,38,Independiente,7500000,3000000,310354,95.227787,734.0,13,8,0.0,21005.0,21005.0,0.0,5,0,6,1656231.0,Estable,1
4,2025-01-23 10:06:51,1643878.8,24,39,Independiente,3605000,2100000,71855,95.227787,711.0,8,5,0.0,128700.0,128700.0,0.0,5,0,0,1750000.0,Creciente,1
9,2025-04-02 12:14:47,1498992.0,2,65,Empleado,5000000,1500000,591128,47.613894,852.0,8,6,0.0,96799.0,96799.0,0.0,6,0,1,1049516.0,Creciente,0
4,2025-03-27 12:26:53,681661.2,6,66,Empleado,1500000,300000,101245,95.227787,832.0,3,5,0.0,0.0,0.0,0.0,0,0,1,931394.0,Creciente,1
4,2025-02-22 08:13:14,2591880.0,12,43,Empleado,1500000,600000,203629,95.227787,748.0,10,7,0.0,1178.0,1178.0,0.0,2,0,5,983870.0,Creciente,1
4,2025-03-31 15:24:38,4518750.0,10,42,Empleado,8200000,3000000,418737,95.227787,793.0,4,5,0.0,1400.0,1400.0,0.0,2,0,0,2098931.0,Decreciente,1
4,2025-01-15 15:07:12,1542840.0,6,40,Empleado,10000000,8000000,228757,95.227787,719.0,14,5,0.0,13325.0,13325.0,0.0,2,0,9,908526.0,Estable,1
4,2025-01-07 09:12:44,2111641.1999999997,12,37,Independiente,1500000,700000,146642,95.227787,799.0,2,2,0.0,0.0,0.0,0.0,0,0,1,916148.0,8315,1
4,2024-12-07 17:49:46,3537480.0,6,62,Empleado,4000000,2000000,523970,95.227787,705.0,10,1,30.0,35197.0,34910.0,30.0,4,0,5,4744889.0,Decreciente,1
4,2025-09-07 13:15:53,7732080.0,6,59,Empleado,10811000,5167000,1162054,95.227787,826.0,16,8,0.0,140955.0,140955.0,0.0,8,0,3,,,1
4,2024-12-18 16:19:57,1943761.2,6,41,Empleado,1500000,700000,288504,95.227787,808.0,1,2,0.0,2197.0,2197.0,0.0,1,0,0,908526.0,Estable,1
4,2025-01-10 08:19:48,2435160.0,18,41,Independiente,3800000,1000000,134300,95.227787,769.0,6,10,0.0,28222.0,18800.0,0.0,4,0,2,916148.0,Creciente,1
4,2025-05-25 12:48:06,6927600.0,18,41,Empleado,7000000,0,384394,26.027948,740.0,2,5,0.0,1101.0,1101.0,0.0,1,0,1,1052777.0,Creciente,0
4,2025-09-24 18:21:02,1663800.0,6,44,Empleado,2650000,1722000,250038,95.227787,797.0,8,4,0.0,40710.0,40710.0,0.0,2,0,3,5567383.0,Creciente,1
4,2025-02-27 17:54:39,2178000.0,12,41,Empleado,1600000,950000,170889,95.227787,816.0,7,4,0.0,17249.0,17249.0,0.0,2,0,2,1205833.0,Creciente,1
4,2025-05-19 11:48:07,1632000.0,6,42,Independiente,15000000,10500000,243220,95.227787,786.0,7,6,0.0,10273.0,10273.0,0.0,3,0,2,1012735.0,Decreciente,1
9,2025-03-06 11:16:06,1563279.5999999999,11,41,Independiente,2500000,1800000,121766,95.227787,868.0,4,3,0.0,2444.0,2444.0,0.0,3,0,0,,,1
4,2024-12-07 16:03:09,1860000.0,12,62,Empleado,3000000,2000000,145644,95.227787,868.0,4,2,0.0,675.0,675.0,0.0,2,0,1,,,1
4,2025-01-19 11:22:18,2362680.0,12,65,Independiente,1100000,500000,164075,95.227787,761.0,5,5,0.0,3926.0,3926.0,0.0,0,0,5,,,1
4,2025-07-25 13:02:29,2019600.0,8,64,Independiente,2810000,0,228730,95.227787,888.0,2,3,0.0,5898.0,5898.0,0.0,2,0,0,,,1
4,2025-09-20 19:06:53,2245200.0,6,62,Empleado,2320000,0,337431,95.227787,808.0,0,1,0.0,0.0,,,0,0,0,,,1
4,2025-03-15 11:53:25,2292963.6,12,62,Empleado,1000000,400000,180369,95.227787,854.0,8,2,0.0,6700.0,6700.0,0.0,4,0,1,1522921.0,Creciente,1
4,2025-04-02 14:51:31,1673880.0,24,41,Empleado,2300000,1500000,73344,95.227787,803.0,5,5,0.0,3611.0,3611.0,0.0,2,0,3,,,1
4,2025-03-08 11:55:48,965881.2,6,63,Empleado,1500000,150000,143558,95.227787,840.0,4,1,0.0,24328.0,10569.0,0.0,2,0,2,931394.0,Creciente,1
4,2025-01-19 13:10:20,2435880.0,12,59,Empleado,4000000,1000000,169158,95.227787,804.0,10,6,0.0,77030.0,77030.0,0.0,7,0,2,3000000.0,Decreciente,1
4,2025-02-23 18:03:55,4369920.0,12,60,Empleado,3500000,1000000,343320,95.227787,885.0,16,3,0.0,105313.0,81714.0,0.0,7,2,3,,,1
4,2024-12-29 16:42:45,2393641.1999999997,12,38,Independiente,7000000,2500000,166225,95.227787,858.0,15,11,0.0,104683.0,104683.0,0.0,11,0,0,3000000.0,Estable,1
4,2025-03-21 16:01:44,1070280.0,8,57,Empleado,1200000,400000,121604,95.227787,771.0,4,5,0.0,454.0,454.0,0.0,1,0,2,981370.0,Creciente,1
9,2025-03-19 13:43:14,821208.0,5,57,Independiente,5000000,2000000,133225,95.227787,879.0,5,4,0.0,28760.0,28760.0,0.0,4,0,1,,,1
4,2025-05-25 12:38:04,2764586.4,12,55,Empleado,2500000,600000,217581,95.227787,810.0,7,0,0.0,46232.0,46232.0,0.0,4,0,2,,,1
9,2025-05-28 16:53:51,1269000.0,9,55,Independiente,5000000,2000000,118911,95.227787,761.0,6,9,0.0,72564.0,72564.0,0.0,1,0,3,,,1
4,2025-04-25 10:46:47,1440000.0,6,65,Independiente,10000000,5000000,214943,89.979287,755.0,7,6,0.0,125755.0,125755.0,0.0,2,2,1,,,1
4,2025-05-06 15:05:00,610231.2,8,64,Empleado,1800000,600000,70010,95.227787,839.0,4,2,0.0,18659.0,8637.0,0.0,0,2,2,946640.0,Creciente,1
4,2025-01-20 08:39:26,7699999.199999999,12,50,Independiente,4000000,3000000,602181,95.227787,798.0,5,3,0.0,12325.0,12325.0,0.0,1,3,1,,,1
4,2025-05-12 14:40:14,1997680.7999999998,6,45,Independiente,4000000,1600000,297718,95.227787,764.0,3,5,0.0,40688.0,40688.0,0.0,1,1,1,,,1
4,2025-08-28 18:17:49,836400.0,8,46,Empleado,1700000,355000,97631,95.227787,789.0,6,2,0.0,4576.0,4576.0,0.0,2,0,3,,,1
6,2025-06-22 11:11:24,1061722.8,6,44,Empleado,3500000,0,159601,-19.00403,797.0,5,5,0.0,23011.0,23011.0,0.0,3,0,0,902940.0,Creciente,0
4,2025-01-15 17:17:29,840000.0,6,43,Empleado,7000000,2500000,124876,95.227787,825.0,6,6,0.0,30400.0,30400.0,0.0,4,0,1,6510235.0,Creciente,1
4,2024-12-12 13:24:43,3297060.0,12,48,Empleado,1500000,300000,258214,95.227787,823.0,3,3,0.0,15283.0,15283.0,0.0,1,0,0,1560031.0,Creciente,1
4,2025-01-23 11:21:00,1464000.0,24,43,Independiente,1500000,600000,64357,95.227787,767.0,7,5,0.0,6251.0,6251.0,0.0,2,0,4,,,1
4,2025-03-17 18:28:25,1974300.0,12,43,Empleado,1500000,200000,155110,95.227787,769.0,5,3,0.0,3640.0,3640.0,0.0,4,0,1,931394.0,Creciente,1
9,2025-10-02 16:10:03,3872923.1999999997,11,42,Independiente,1817000,409000,311946,89.2295,756.0,12,10,0.0,16781.0,16781.0,0.0,10,0,0,31809.0,Creciente,1
9,2025-06-15 11:29:13,823113.6,10,40,Empleado,4000000,2000000,70069,91.410695,747.0,2,5,0.0,9269.0,9269.0,0.0,0,1,1,,,1
4,2025-01-02 12:17:28,6416878.8,12,39,Empleado,6000000,3000000,445617,95.227787,753.0,7,3,0.0,10108.0,10108.0,0.0,2,0,5,1083771.0,Creciente,1
4,2025-03-29 17:21:59,2100000.0,18,40,Empleado,1300000,400000,117242,95.227787,852.0,3,2,0.0,0.0,0.0,0.0,1,0,2,772558.0,Creciente,1
4,2025-01-15 16:56:33,762480.0,10,39,Empleado,2000000,700000,70367,95.227787,785.0,6,2,0.0,20919.0,20919.0,0.0,1,0,4,1790065.0,Creciente,1
9,2025-02-08 17:17:33,1482134.4,10,39,Empleado,4000000,1000000,125181,95.227787,841.0,8,3,0.0,65253.0,65253.0,0.0,7,0,0,1989166.0,Decreciente,1
4,2025-05-25 09:49:47,1728000.0,12,39,Independiente,2500000,100000,137844,95.227787,807.0,4,2,0.0,2396.0,2396.0,0.0,2,1,1,150426.0,Creciente,1
9,2025-08-02 12:06:24,3837376.8,11,39,Empleado,1500000,500000,300606,86.830187,773.0,6,0,0.0,52588.0,52588.0,,1,0,2,,,1
4,2025-05-12 14:29:33,800090.4,6,38,Empleado,800000,100000,119825,95.227787,798.0,3,3,0.0,1972.0,1972.0,0.0,0,0,3,946640.0,Creciente,1
9,2024-12-22 10:02:59,1788778.8,9,39,Empleado,4700000,2200000,167056,95.227787,840.0,8,1,0.0,121503.0,121503.0,,2,0,6,,,1
4,2025-02-09 15:14:52,1200000.0,12,40,Empleado,1500000,300000,94160,95.227787,790.0,1,3,0.0,0.0,0.0,0.0,0,0,0,976965.0,Creciente,1
4,2025-02-01 14:17:24,5670720.0,36,39,Empleado,5000000,0,183354,95.227787,804.0,10,9,0.0,48721.0,48721.0,0.0,5,0,0,,,1
4,2024-12-26 16:42:43,3780000.0,10,39,Empleado,6000000,3500000,349579,95.227787,766.0,10,10,0.0,156086.0,156086.0,0.0,10,0,0,6432198.0,-566272,1
4,2024-12-03 15:10:05,1200000.0,6,51,Empleado,2500000,300000,177907,95.227787,747.0,13,4,0.0,6342.0,6342.0,0.0,2,0,9,,,1
4,2025-01-17 12:20:30,1415880.0,12,37,Empleado,2400000,1300000,98325,95.227787,831.0,6,5,0.0,43045.0,6538.0,0.0,3,1,2,916148.0,Creciente,1
4,2025-05-20 19:25:54,793800.0,6,53,Empleado,2000000,600000,118008,95.227787,735.0,6,8,0.0,16801.0,16801.0,0.0,3,1,0,1000000.0,Creciente,1
4,2025-08-17 15:10:01,865680.0,8,42,Empleado,3490000,2022000,99957,95.227787,724.0,11,9,0.0,44897.0,44897.0,0.0,4,0,7,1770902.0,Creciente,1
9,2025-01-05 11:54:38,6582337.2,9,38,Empleado,2000000,850000,614733,95.227787,726.0,12,3,829.0,92206.0,92206.0,,4,0,8,,,1
9,2025-05-21 17:26:19,1746519.5999999999,10,37,Empleado,2500000,1000000,148676,95.227787,840.0,4,1,0.0,38.0,38.0,0.0,3,0,0,1536155.0,Creciente,1
4,2025-01-19 18:29:10,485700.0,6,66,Empleado,3000000,500000,72015,41.947502,877.0,1,2,0.0,42.0,42.0,0.0,1,0,0,,,0
4,2025-05-05 10:45:06,2340000.0,24,61,Empleado,26000000,3000000,105449,95.227787,885.0,5,2,0.0,199495.0,199495.0,0.0,4,0,0,,,1
4,2025-01-26 14:39:09,566400.0,12,62,Independiente,1000000,500000,44577,95.227787,771.0,4,2,0.0,173.0,173.0,0.0,0,0,4,,,1
4,2025-01-21 12:39:04,549120.0,6,60,Independiente,3000000,1000000,81418,95.227787,764.0,3,4,0.0,1870.0,1870.0,0.0,0,0,3,,,1
4,2025-08-25 16:02:56,3600000.0,36,60,Empleado,1900000,0,126366,95.227787,863.0,1,2,0.0,0.0,0.0,0.0,1,0,0,,,1
9,2024-12-02 14:51:22,1386820.8,10,68,Empleado,2800000,1500000,117439,95.227787,768.0,5,3,0.0,16401.0,16401.0,,1,0,4,,,1
4,2025-02-07 18:14:20,2160000.0,12,65,Empleado,1500000,500000,170207,95.227787,763.0,15,8,0.0,61490.0,61490.0,0.0,5,1,6,923771.0,Creciente,1
4,2024-12-28 10:54:59,1440000.0,8,40,Empleado,1500000,500000,163107,95.227787,778.0,9,7,0.0,12941.0,12941.0,0.0,2,0,7,1376925.0,Decreciente,1
4,2025-01-14 09:06:36,2311080.0,12,40,Empleado,1400000,300000,160492,95.227787,789.0,1,3,0.0,1686.0,1686.0,0.0,0,0,1,1035337.0,Creciente,1
9,2025-08-21 14:52:47,5147955.6,4,40,Independiente,2260000,642000,1040290,95.227787,791.0,7,3,0.0,15070.0,15070.0,0.0,4,0,0,,,1
4,2025-04-14 15:44:16,1700383.2,6,40,Empleado,2600000,1300000,253809,95.227787,843.0,3,3,0.0,0.0,0.0,0.0,2,0,1,1830833.0,Creciente,1
4,2025-03-28 15:06:51,1188000.0,12,47,Empleado,1300000,62000,94181,95.227787,806.0,1,4,0.0,568.0,568.0,0.0,0,0,1,1361105.0,Creciente,1
4,2025-09-25 13:13:10,1800000.0,24,68,Empleado,2410000,712000,82043,95.227787,739.0,5,0,0.0,14076.0,14076.0,0.0,1,1,3,977131.0,Creciente,1
4,2024-12-08 11:54:47,2525280.0,6,67,Empleado,4000000,2000000,374817,95.227787,905.0,8,2,0.0,75120.0,75120.0,0.0,4,1,1,1362789.0,Estable,1
4,2025-01-20 16:29:10,2393952.0,12,66,Empleado,1800000,600000,188411,95.227787,823.0,6,6,0.0,51033.0,51033.0,0.0,1,0,4,1600204.0,Creciente,1
4,2025-06-09 12:59:50,2006520.0,8,67,Empleado,3000000,700000,231318,95.227787,848.0,4,2,0.0,9322.0,7812.0,0.0,1,2,1,988052.0,Creciente,1
9,2024-12-14 11:01:33,2027227.2,9,64,Empleado,2200000,1000000,189054,95.227787,805.0,3,3,0.0,40363.0,40363.0,0.0,3,0,0,2181057.0,Estable,1
4,2025-06-19 09:11:20,1311600.0,8,57,Independiente,3800000,1800000,151205,95.227787,746.0,20,4,0.0,47481.0,47481.0,0.0,2,0,15,,,1
4,2025-03-01 14:01:34,1713600.0,10,64,Empleado,2500000,600000,158570,95.227787,793.0,9,1,0.0,43699.0,43699.0,0.0,5,1,2,1515529.0,Creciente,1
4,2025-01-30 08:21:05,1542840.0,12,58,Independiente,3000000,1200000,121061,95.227787,803.0,2,2,0.0,0.0,0.0,0.0,0,0,1,,,1
9,2025-02-15 16:11:26,684600.0,5,56,Independiente,4000000,2000000,111030,95.227787,751.0,12,6,0.0,118215.0,118215.0,0.0,7,0,1,,,1
4,2025-03-31 18:10:07,7689000.0,12,51,Empleado,8800000,4000000,604081,95.227787,784.0,10,4,0.0,134167.0,134167.0,0.0,4,3,1,7752503.0,Creciente,1
4,2025-01-20 12:31:41,1245240.0,12,48,Empleado,5800000,2300000,97523,95.227787,807.0,11,3,0.0,58678.0,58678.0,0.0,4,0,3,1547559.0,Creciente,1
4,2025-01-05 10:18:34,3225480.0,12,48,Empleado,2800000,1300000,223992,95.227787,778.0,5,1,0.0,39495.0,39495.0,0.0,1,2,0,3269718.0,Creciente,1
4,2025-04-03 19:09:41,2484660.0,12,37,Empleado,1600000,300000,195190,95.227787,760.0,5,7,0.0,2194.0,2194.0,0.0,3,0,2,1453278.0,Creciente,1
4,2025-05-18 14:47:26,1404000.0,6,46,Empleado,2000000,500000,210268,95.227787,754.0,10,1,0.0,20992.0,20992.0,0.0,6,0,2,2703810.0,Creciente,1
4,2025-09-01 08:07:48,7811544.0,12,43,Independiente,7740000,2566000,627010,95.227787,809.0,8,3,0.0,42708.0,42708.0,0.0,4,0,1,1141818.0,Decreciente,1
4,2025-05-05 15:22:05,1832400.0,24,43,Empleado,2600000,600000,80551,95.227787,845.0,3,0,0.0,2166.0,2166.0,0.0,2,0,0,1538642.0,Creciente,1
4,2025-01-14 15:23:05,1780800.0,12,49,Independiente,3000000,1120000,139294,90.562453,733.0,4,4,0.0,31544.0,31544.0,0.0,3,0,1,,,1
4,2024-11-28 10:29:48,2849280.0,12,37,Independiente,3800000,1600000,222735,95.227787,737.0,5,3,0.0,1358.0,1358.0,0.0,1,0,1,908526.0,Estable,1
4,2025-03-20 18:44:30,2773800.0,8,37,Empleado,1400000,400000,314863,95.227787,816.0,3,3,0.0,108.0,108.0,0.0,1,0,1,950000.0,Creciente,1
4,2025-08-10 14:10:48,3851640.0,8,37,Independiente,10000000,3500000,436269,95.227787,813.0,8,4,0.0,261740.0,261740.0,0.0,5,0,1,2612888.0,Creciente,1
4,2025-01-02 16:49:24,1655880.0,12,68,Empleado,5000000,3000000,114992,95.227787,889.0,6,4,0.0,124138.0,124138.0,0.0,5,0,0,1000000.0,Estable,1
4,2025-01-15 14:32:19,5795520.0,12,41,Empleado,4000000,1500000,402467,95.227787,804.0,4,1,0.0,385.0,385.0,0.0,2,0,0,4325209.0,Creciente,1
4,2025-03-24 11:45:09,4707000.0,6,45,Empleado,2800000,800000,699118,95.227787,824.0,7,1,0.0,41840.0,41840.0,0.0,5,0,0,1000000.0,Estable,1
4,2025-02-10 11:06:45,1787499.5999999999,10,43,Independiente,4000000,2000000,165408,95.227787,853.0,3,3,0.0,2243.0,1282.0,0.0,2,0,1,,,1
4,2025-07-17 15:32:45,840000.0,6,63,Independiente,1500000,100000,124535,95.227787,819.0,1,1,0.0,416.0,416.0,0.0,1,0,0,,,1
4,2025-11-21 15:21:33,3359880.0,12,54,Independiente,3620000,769000,276299,95.227787,840.0,4,3,0.0,24879.0,24879.0,0.0,2,0,0,1494000.0,Estable,1
4,2025-01-09 12:13:57,1680000.0,12,48,Independiente,5000000,4000000,131385,95.227787,819.0,10,6,0.0,119379.0,119379.0,0.0,7,0,1,30285.0,Estable,1
4,2024-12-06 15:31:09,952680.0,6,47,Empleado,4800000,1000000,141402,95.227787,802.0,2,4,0.0,30154.0,30154.0,0.0,1,0,0,,,1
9,2025-08-07 16:26:37,2054218.7999999998,8,66,Empleado,3000000,1500000,214989,95.227787,806.0,4,0,0.0,18473.0,18473.0,0.0,2,0,1,1135851.0,Estable,1
4,2025-05-21 13:16:38,1200000.0,6,63,Empleado,4900000,1350000,179717,95.227787,796.0,4,3,0.0,26123.0,26123.0,0.0,1,0,2,,,1
4,2024-12-14 16:32:04,2412000.0,10,54,Empleado,1200000,300000,223039,95.227787,750.0,8,3,0.0,13125.0,13125.0,0.0,1,0,6,1192137.0,Creciente,1
4,2025-01-18 16:35:20,3197880.0,12,57,Independiente,5000000,1500000,222075,95.227787,783.0,13,13,0.0,2202.0,2202.0,0.0,4,0,6,,,1
4,2024-12-16 15:58:41,1200000.0,6,36,Independiente,2000000,800000,178152,95.227787,765.0,5,4,0.0,643.0,643.0,0.0,0,0,2,,,1
4,2025-08-12 17:04:14,1183200.0,10,45,Empleado,2810000,600000,112367,95.227787,764.0,5,4,0.0,9783.0,9783.0,0.0,2,0,0,1979166.0,Creciente,1
4,2025-02-04 11:01:26,4410000.0,6,63,Empleado,10000000,5000000,655005,95.227787,774.0,12,8,0.0,256799.0,30000.0,0.0,9,0,0,923771.0,Creciente,1
9,2025-02-28 10:55:39,1269000.0,8,61,Independiente,5000000,2000000,132239,95.227787,773.0,12,9,0.0,194467.0,38470.0,0.0,7,0,4,1260010.0,Creciente,1
4,2025-04-09 17:37:00,1990561.2,10,50,Empleado,2000000,600000,184458,95.227787,797.0,6,3,0.0,70675.0,3243.0,0.0,3,0,1,1376277.0,Creciente,1
4,2025-01-24 18:46:53,1784280.0,12,51,Empleado,1100000,350000,140181,95.227787,823.0,3,2,0.0,29.0,29.0,0.0,1,0,0,908571.0,Decreciente,1
9,2025-06-27 17:40:14,821208.0,5,44,Independiente,5000000,2000000,133418,95.227787,758.0,7,4,0.0,36016.0,36016.0,0.0,0,0,4,,,1
4,2025-01-14 18:03:14,2110321.1999999997,12,37,Empleado,6000000,1000000,146550,95.227787,827.0,10,3,0.0,200987.0,200987.0,0.0,5,0,1,6528013.0,Creciente,1
4,2025-01-14 17:47:16,3170040.0,12,37,Empleado,2500000,400000,220142,95.227787,775.0,5,1,0.0,67.0,67.0,0.0,2,0,0,1446083.0,Creciente,1
9,2025-03-09 15:28:57,1267680.0,9,63,Independiente,4000000,2000000,118504,91.99794,802.0,0,1,0.0,0.0,,,0,0,0,,,1
4,2025-02-12 14:46:31,1960680.0,12,62,Empleado,2300000,600000,154040,95.227787,717.0,13,7,0.0,61034.0,61034.0,0.0,9,2,2,1503388.0,Creciente,1
4,2025-01-16 17:27:52,4396200.0,12,59,Empleado,1700000,300000,305292,95.227787,788.0,1,0,0.0,1494.0,1494.0,0.0,1,0,0,905453.0,Creciente,1
4,2025-01-08 13:45:16,1388280.0,12,58,Empleado,1000000,200000,96408,95.227787,802.0,3,3,0.0,673.0,673.0,0.0,1,0,0,908526.0,Creciente,1
4,2025-01-15 15:51:01,2999760.0,12,59,Independiente,1200000,800000,208317,95.227787,836.0,1,0,0.0,2245.0,2245.0,0.0,0,1,0,,,1
4,2025-03-06 15:26:33,2549520.0,8,46,Empleado,3000000,1400000,289673,95.227787,750.0,14,6,0.0,71740.0,71740.0,0.0,2,2,5,3069618.0,Creciente,1
4,2024-11-29 15:54:22,1466160.0,6,46,Empleado,1600000,0,217616,95.227787,764.0,7,4,0.0,34829.0,34829.0,0.0,5,0,0,908526.0,Estable,1
4,2025-01-24 16:02:19,2199240.0,24,43,Empleado,2600000,1000000,96130,95.227787,771.0,7,12,0.0,17645.0,17645.0,0.0,4,0,3,2559519.0,Creciente,1
4,2024-12-30 16:14:59,1907520.0,12,42,Independiente,4000000,1000000,132467,95.227787,792.0,1,4,0.0,0.0,0.0,0.0,0,0,0,,,1
4,2025-05-10 18:24:08,768000.0,8,47,Independiente,2500000,50000,88121,87.593604,780.0,2,5,0.0,9056.0,9056.0,0.0,0,1,1,1711940.0,Creciente,1
4,2025-04-27 16:49:45,1187400.0,6,39,Empleado,1200000,500000,176961,95.227787,736.0,2,2,0.0,29300.0,29300.0,0.0,1,0,1,908526.0,Estable,1
4,2025-01-19 19:00:59,1815480.0,12,57,Independiente,2500000,700000,126075,95.227787,868.0,5,2,0.0,0.0,0.0,0.0,4,0,0,908526.0,Estable,1
4,2025-01-10 15:38:49,1742280.0,12,55,Empleado,1600000,350000,120992,95.227787,873.0,2,7,0.0,44.0,44.0,0.0,2,0,0,997488.0,Creciente,1
4,2025-03-12 14:33:30,1870560.0,12,48,Empleado,1800000,600000,147142,95.227787,774.0,7,13,0.0,9986.0,9986.0,0.0,2,0,3,1038335.0,Creciente,1
4,2025-03-14 15:05:53,802320.0,6,38,Empleado,1500000,350000,119166,95.227787,820.0,5,2,0.0,5479.0,5479.0,0.0,4,0,0,,,1
4,2024-12-24 10:39:20,3598800.0,10,40,Empleado,5000000,2000000,331776,16.155621,716.0,8,8,0.0,7153.0,7153.0,0.0,1,0,3,,,0
4,2025-01-22 12:05:03,2351880.0,12,41,Empleado,2000000,800000,163325,95.227787,711.0,5,8,0.0,7493.0,7493.0,0.0,2,0,1,1500000.0,Estable,1
4,2025-01-23 11:56:04,1661520.0,6,38,Empleado,2700000,500000,246353,95.227787,803.0,6,5,0.0,14934.0,14934.0,0.0,2,0,1,2340000.0,Estable,1
4,2025-01-22 16:29:13,3275761.1999999997,12,44,Empleado,3000000,900000,227483,95.227787,808.0,3,3,0.0,19439.0,19439.0,0.0,0,1,0,,,1
4,2025-07-21 18:46:53,5412000.0,6,52,Independiente,3470000,212000,802363,95.227787,824.0,4,3,0.0,2087.0,2087.0,0.0,0,0,2,,,1
4,2025-09-03 18:49:28,6000000.0,24,44,Independiente,1000000,797000,274952,95.227787,833.0,8,7,0.0,7279.0,7279.0,0.0,7,0,0,969508.0,Creciente,1
4,2025-01-19 12:17:31,1488000.0,6,44,Empleado,2000000,1000000,220453,95.227787,822.0,3,0,0.0,1241.0,1241.0,0.0,1,0,1,,,1
4,2025-08-11 17:39:01,2121240.0,6,59,Empleado,6970000,3308000,319286,95.227787,827.0,8,4,0.0,15761.0,15761.0,0.0,3,2,2,1687727.0,Creciente,1
4,2025-03-02 15:51:12,1438560.0,6,40,Independiente,4000000,1000000,213811,95.227787,789.0,4,10,0.0,80840.0,80840.0,0.0,3,0,0,925157.0,Creciente,1
4,2025-09-04 18:08:00,2109967.1999999997,6,40,Empleado,2721902,1376000,317621,95.227787,858.0,5,11,0.0,48094.0,48094.0,0.0,3,0,0,2952158.0,Creciente,1
4,2024-12-31 18:12:54,1679880.0,6,39,Empleado,1800000,350000,233317,95.227787,786.0,1,2,0.0,0.0,0.0,0.0,0,0,0,908526.0,Creciente,1
4,2025-03-14 12:26:38,1560000.0,12,45,Empleado,900000,400000,122560,95.227787,779.0,9,3,0.0,9024.0,913.0,0.0,7,0,2,743164.0,Decreciente,1
9,2025-02-28 09:52:48,1915201.2,10,39,Empleado,4600000,3000000,162609,95.227787,826.0,5,7,0.0,223014.0,211598.0,0.0,3,0,0,5675748.0,Creciente,1
4,2025-02-25 11:42:27,4296000.0,6,58,Independiente,20000000,10000000,638044,62.667613,888.0,6,7,0.0,277296.0,277296.0,0.0,4,0,0,,,0
4,2025-07-03 16:26:33,6024000.0,6,49,Independiente,8000000,3800000,902177,95.227787,821.0,7,3,0.0,139329.0,60309.0,0.0,4,3,0,,,1
4,2025-08-10 12:41:23,2433957.6,6,38,Empleado,2000000,600000,360882,95.227787,775.0,9,6,0.0,59332.0,59332.0,0.0,3,1,0,2061780.0,Decreciente,1
4,2025-06-25 15:17:16,1372800.0,6,39,Empleado,4000000,1000000,204165,95.227787,844.0,6,3,0.0,118014.0,102210.0,0.0,4,0,1,4941441.0,Creciente,1
4,2025-05-01 11:32:19,2132400.0,6,39,Empleado,2350000,1000000,317008,95.227787,786.0,11,9,0.0,131368.0,131368.0,0.0,6,0,3,2038750.0,Creciente,1
4,2025-05-04 15:01:58,3242880.0,6,38,Empleado,6000000,2000000,482094,95.227787,755.0,5,2,0.0,57402.0,57402.0,0.0,2,0,2,5863989.0,Creciente,1
4,2024-12-13 18:53:55,2793312.0,12,39,Empleado,1800000,700000,218762,95.227787,816.0,9,0,0.0,82386.0,82386.0,0.0,2,0,3,1576629.0,Decreciente,1
4,2025-04-14 16:39:59,1979380.7999999998,6,37,Independiente,4000000,0,294177,95.227787,776.0,5,7,0.0,12861.0,1869.0,0.0,1,0,4,,,1
9,2025-05-09 12:30:09,878880.0,8,48,Independiente,5000000,2000000,91704,95.227787,759.0,5,3,0.0,7248.0,7248.0,0.0,3,0,2,,,1
4,2025-01-18 12:19:38,6710700.0,12,44,Empleado,7000000,500000,525559,95.227787,874.0,11,5,0.0,58409.0,7446.0,0.0,7,0,0,5595638.0,Creciente,1
4,2024-12-19 07:40:46,1380000.0,8,43,Empleado,1200000,500000,156520,95.227787,858.0,8,5,0.0,7178.0,7178.0,0.0,0,3,1,853001.0,Creciente,1
4,2025-03-04 11:08:42,1163880.0,6,42,Empleado,3500000,600000,172986,89.979287,833.0,6,2,0.0,39341.0,39341.0,0.0,2,0,1,3117480.0,Creciente,1
9,2025-04-15 13:03:34,679122.0,12,42,Empleado,2250000,850000,47161,79.482286,695.0,12,14,0.0,86436.0,86436.0,0.0,1,2,7,2502792.0,Creciente,1
4,2025-06-07 11:57:06,1643758.8,18,42,Empleado,3000000,1000000,92161,65.923631,739.0,17,3,0.0,18467.0,4141.0,0.0,6,0,8,1417771.0,Creciente,1
4,2024-12-24 15:35:01,2833920.0,12,41,Empleado,2000000,400000,222368,95.227787,834.0,7,7,0.0,74239.0,69489.0,0.0,4,1,1,1568363.0,Creciente,1
4,2025-03-28 16:00:23,1021020.0,10,55,Independiente,1000000,400000,94481,95.227787,731.0,8,0,0.0,9128.0,9128.0,0.0,4,0,1,908526.0,Estable,1
4,2025-01-23 10:46:14,2795460.0,12,37,Independiente,2700000,500000,218931,95.227787,713.0,8,3,0.0,4439.0,4439.0,0.0,0,0,3,908526.0,Estable,1
4,2025-05-30 13:36:46,1937880.0,12,42,Empleado,1600000,600000,153628,95.227787,786.0,7,4,0.0,3271.0,3271.0,0.0,3,0,2,1766942.0,Creciente,1
4,2025-07-26 17:59:49,541789.2,6,67,Independiente,1910000,246000,81637,90.562453,784.0,6,2,0.0,830.0,830.0,0.0,2,0,1,,,1
4,2025-01-21 12:38:44,527640.0,6,68,Empleado,6600000,450000,73283,89.979287,742.0,15,4,0.0,141934.0,138920.0,0.0,7,0,3,,,1
4,2025-01-21 14:41:50,1850640.0,8,41,Empleado,1000000,400000,209619,95.227787,844.0,1,0,0.0,90.0,90.0,0.0,1,0,0,908526.0,Creciente,1
9,2025-05-05 12:54:44,1156108.8,3,40,Empleado,3000000,2500000,306927,95.227787,841.0,3,4,0.0,63336.0,63336.0,0.0,1,0,0,2915245.0,Creciente,1
4,2025-07-20 14:09:31,1953600.0,24,39,Independiente,3250000,329000,85076,95.227787,774.0,8,7,0.0,7132.0,7132.0,0.0,3,0,2,,,1
4,2025-01-15 16:28:24,2691240.0,12,41,Empleado,2000000,1300000,186892,95.227787,824.0,7,6,0.0,54903.0,54903.0,0.0,5,0,1,2669670.0,Creciente,1
9,2025-02-19 18:49:42,1269000.0,3,38,Independiente,8000000,5000000,336701,95.227787,736.0,21,7,0.0,347401.0,292866.0,0.0,4,4,8,,,1
4,2025-05-11 14:43:20,2018652.0,18,39,Empleado,8000000,2500000,111992,95.227787,825.0,5,7,0.0,25347.0,25347.0,0.0,4,0,1,1378097.0,Creciente,1
4,2025-01-23 11:41:21,1782960.0,12,38,Empleado,1900000,800000,123817,95.227787,799.0,5,4,0.0,605.0,605.0,0.0,1,0,3,761736.0,Creciente,1
4,2025-01-19 16:26:50,2537880.0,12,62,Independiente,3500000,1500000,176242,95.227787,838.0,9,0,0.0,7738.0,7738.0,0.0,6,0,2,,,1
4,2024-12-30 19:01:39,3000000.0,12,40,Independiente,4500000,1200000,208333,95.227787,793.0,3,9,0.0,1038.0,1038.0,0.0,1,0,0,2066265.0,Decreciente,1
4,2025-03-10 16:15:13,2376000.0,12,64,Independiente,3500000,1000000,186883,95.227787,841.0,1,2,0.0,420.0,420.0,0.0,0,0,1,,,1
4,2025-04-01 13:13:04,8400000.0,24,55,Empleado,11000000,7000000,369186,95.227787,780.0,16,10,0.0,451946.0,451946.0,0.0,7,2,2,8799583.0,Creciente,1
4,2025-07-26 16:22:37,6412116.0,6,52,Independiente,6540000,304000,950636,95.227787,838.0,6,4,0.0,16581.0,15790.0,0.0,4,0,0,,,1
4,2024-12-01 12:43:50,1721280.0,12,49,Empleado,4000000,1200000,134782,95.227787,769.0,6,2,0.0,6227.0,4226.0,0.0,3,0,0,,,1
9,2025-07-31 11:35:53,2015264.4,9,39,Independiente,3742000,3742000,189291,95.227787,855.0,5,2,0.0,354676.0,249473.0,0.0,3,0,1,1696500.0,Decreciente,1
9,2025-06-25 16:02:17,1177017.5999999999,10,39,Empleado,3000000,1200000,101338,95.227787,842.0,3,5,0.0,4063.0,4063.0,0.0,2,0,0,954263.0,Creciente,1
4,2025-10-27 16:32:32,1124278.8,12,65,Empleado,2090000,1051000,93554,95.227787,796.0,7,7,0.0,57156.0,46410.0,0.0,2,2,3,990852.0,Creciente,1
10,2025-08-28 10:40:29,8640000.0,36,55,Independiente,2510000,1322000,303279,95.227787,777.0,6,2,0.0,14072.0,14072.0,0.0,2,0,3,,,1
4,2025-01-20 17:30:54,1740000.0,8,50,Empleado,4500000,2500000,197754,95.227787,801.0,8,9,0.0,8405.0,8405.0,0.0,4,0,3,916148.0,Creciente,1
4,2025-08-17 16:51:02,3130216.8,12,46,Independiente,1370000,290000,253524,95.227787,791.0,2,0,0.0,581.0,581.0,0.0,0,0,2,,,1
4,2025-05-01 12:19:31,574800.0,6,47,Empleado,1000000,0,86084,95.227787,865.0,2,2,0.0,9678.0,9678.0,0.0,2,0,0,930303.0,Decreciente,1
9,2025-01-05 09:49:50,5511175.2,9,41,Independiente,17000000,14000000,520291,95.227787,802.0,2,4,0.0,0.0,0.0,0.0,0,0,0,1326464.0,Decreciente,1
4,2025-01-31 14:25:41,1224000.0,6,39,Empleado,1400000,600000,182086,95.227787,867.0,2,2,0.0,34270.0,34270.0,0.0,2,0,0,1116666.0,Creciente,1
4,2025-01-10 12:25:02,1777497.5999999999,12,50,Empleado,2450000,700000,139894,95.227787,733.0,10,4,0.0,16063.0,10426.0,0.0,1,0,3,,,1
9,2025-02-20 11:24:31,2351223.6,10,48,Independiente,6000000,2000000,199629,95.227787,776.0,11,3,0.0,36911.0,36911.0,0.0,4,0,5,,,1
4,2025-05-18 14:33:13,1262340.0,6,48,Independiente,1200000,200000,187662,95.227787,768.0,5,2,0.0,2556.0,2556.0,0.0,0,0,0,1000000.0,Estable,1
4,2025-02-14 12:45:23,3780000.0,10,59,Independiente,1000000,100000,350312,53.374315,824.0,11,4,0.0,58067.0,31037.0,0.0,2,0,8,,,0
4,2025-01-08 16:38:35,1079641.2,6,56,Empleado,3000000,1000000,149950,95.227787,840.0,5,4,0.0,28775.0,28775.0,0.0,4,0,0,,,1
4,2025-07-26 10:09:39,693600.0,6,54,Empleado,2149657,1227000,104513,95.227787,748.0,9,5,0.0,45207.0,45207.0,0.0,6,0,0,2101997.0,Creciente,1
4,2025-04-21 16:52:03,1680000.0,6,44,Independiente,3400000,1500000,250767,95.227787,834.0,4,2,0.0,49.0,49.0,0.0,1,0,1,1500000.0,Estable,1
4,2025-02-02 17:31:17,1692000.0,6,43,Independiente,2000000,1000000,251297,95.227787,778.0,4,0,0.0,41015.0,41015.0,0.0,2,0,0,,,1
9,2024-12-12 08:24:17,3415723.1999999997,10,40,Empleado,3000000,1600000,289250,95.227787,739.0,1,0,0.0,0.0,0.0,0.0,0,0,1,,,1
4,2025-06-21 19:37:49,2436000.0,10,49,Empleado,2300000,300000,229653,95.227787,806.0,5,5,0.0,1254.0,1254.0,0.0,2,0,2,388889.0,Creciente,1
9,2025-04-23 08:41:05,1269000.0,3,41,Independiente,5000000,2000000,336898,95.227787,843.0,4,2,0.0,22537.0,22537.0,0.0,2,0,2,939017.0,Creciente,1
9,2025-01-12 16:41:23,2218362.0,10,59,Empleado,1200000,200000,188151,95.227787,814.0,2,2,0.0,1456.0,1456.0,0.0,2,0,0,908526.0,Estable,1
4,2025-01-28 17:00:37,8400000.0,36,56,Independiente,5000000,0,274558,26.856993,749.0,6,10,0.0,45728.0,45728.0,0.0,3,0,1,1201328.0,Creciente,0
9,2025-01-04 10:22:00,2555178.0,9,44,Independiente,7000000,1500000,238632,95.227787,826.0,9,2,0.0,126577.0,101945.0,0.0,7,0,1,2833333.0,Decreciente,1
4,2025-06-04 09:11:36,2202240.0,10,41,Empleado,3000000,1200000,204093,95.227787,801.0,5,2,0.0,164349.0,164349.0,0.0,5,0,0,5238819.0,Creciente,1
4,2025-01-19 17:15:32,2986800.0,8,37,Empleado,3900000,1300000,338310,95.227787,890.0,8,6,0.0,88499.0,88499.0,0.0,6,0,0,3855155.0,Decreciente,1
4,2025-01-20 17:10:28,1499356.8,6,63,Empleado,4000000,550000,222898,95.227787,809.0,4,2,0.0,3842.0,3842.0,0.0,1,0,3,,,1
4,2025-12-13 15:29:45,2148000.0,12,38,Empleado,1867000,0,179584,95.227787,791.0,0,1,0.0,0.0,,,0,0,0,,,1
4,2026-03-28 15:40:54,3756260.4,36,60,Empleado,3236000,958000,146875,95.227787,794.0,3,3,0.0,31738.0,31738.0,0.0,0,1,1,,,1
4,2024-12-29 16:31:22,1235988.0,12,52,Independiente,5000000,1000000,85833,95.227787,856.0,12,6,0.0,79916.0,79916.0,0.0,9,0,1,,,1
9,2025-06-26 14:01:06,1950984.0,9,49,Empleado,2000000,1000000,182903,95.227787,783.0,2,2,0.0,6869.0,311.0,0.0,0,1,1,2515090.0,Creciente,1
9,2025-09-28 15:06:19,2514753.6,9,44,Empleado,3515000,253000,239601,95.227787,761.0,22,5,0.0,34592.0,13955.0,0.0,2,1,18,3400000.0,Creciente,1
4,2025-09-18 17:56:35,873600.0,6,43,Empleado,3550000,1585000,132619,95.227787,726.0,7,3,0.0,28267.0,18520.0,0.0,3,2,2,972557.0,Creciente,1
4,2025-02-24 17:53:42,3960000.0,6,42,Empleado,2000000,700000,589135,95.227787,781.0,9,2,0.0,27375.0,27375.0,0.0,5,1,2,1009583.0,Creciente,1
4,2024-11-30 15:51:25,1200000.0,24,42,Empleado,1100000,500000,52500,95.227787,772.0,2,2,0.0,14238.0,14238.0,0.0,2,0,0,806286.0,Creciente,1
4,2024-12-09 17:49:17,2400000.0,12,40,Independiente,2500000,300000,188398,95.227787,738.0,5,7,0.0,17492.0,17492.0,0.0,3,0,0,908526.0,Estable,1
4,2025-04-01 14:24:55,900000.0,12,38,Empleado,1500000,350000,71349,95.227787,786.0,7,8,0.0,2160.0,2160.0,0.0,1,0,4,944842.0,Decreciente,1
4,2025-01-15 16:18:28,2400000.0,6,62,Empleado,3500000,350000,333333,95.227787,844.0,3,2,0.0,29844.0,29844.0,0.0,3,0,0,916148.0,Creciente,1
4,2025-01-15 15:17:33,1400641.2,6,59,Empleado,5000000,1200000,207749,95.227787,829.0,5,6,0.0,13032.0,13032.0,0.0,3,0,0,8399313.0,Creciente,1
4,2025-02-11 15:32:41,1695480.0,10,59,Empleado,2200000,1400000,156893,95.227787,800.0,10,3,0.0,6605.0,6605.0,0.0,10,0,0,2035000.0,Decreciente,1
9,2025-03-19 10:51:08,878880.0,9,57,Independiente,4000000,2000000,82198,95.227787,903.0,6,2,0.0,21319.0,21319.0,0.0,5,0,1,,,1
9,2025-05-09 14:24:11,1269000.0,3,39,Independiente,5000000,2000000,336898,88.229786,833.0,11,2,0.0,21181.0,21181.0,0.0,8,0,1,30285.0,Estable,1
4,2025-03-25 14:28:49,983096.3999999999,6,37,Independiente,3600000,200000,146513,95.227787,708.0,7,6,0.0,36667.0,36667.0,0.0,3,0,1,1437392.0,Decreciente,1
4,2025-05-26 16:57:12,3145560.0,6,44,Empleado,5000000,600000,468760,95.227787,848.0,3,2,0.0,2735.0,2735.0,0.0,2,0,0,4661604.0,Decreciente,1
4,2025-06-30 15:57:17,8400000.0,36,59,Empleado,4000000,150000,288406,95.227787,833.0,7,3,0.0,24714.0,24714.0,0.0,2,2,1,,,1
4,2025-03-28 12:25:48,1776000.0,6,56,Independiente,5000000,2800000,264024,89.2295,809.0,9,9,0.0,344262.0,344262.0,0.0,8,0,1,469405.0,Creciente,1
4,2025-04-22 15:57:44,1521600.0,12,53,Empleado,5000000,1000000,119741,95.227787,872.0,14,4,0.0,194916.0,182217.0,0.0,4,0,6,,,1
4,2025-01-07 14:03:46,960000.0,6,52,Empleado,1500000,300000,133333,95.227787,873.0,5,2,0.0,42900.0,42900.0,0.0,3,0,0,874004.0,Decreciente,1
4,2025-01-21 17:55:12,898560.0,6,51,Independiente,2800000,900000,124800,95.227787,783.0,5,6,0.0,32032.0,32032.0,0.0,3,0,0,,,1
4,2025-07-26 12:36:32,1427880.0,6,60,Empleado,1000000,351000,213845,95.227787,818.0,2,3,0.0,7616.0,7616.0,0.0,2,0,0,961885.0,Creciente,1
4,2025-03-16 09:13:12,2944329.6,12,53,Independiente,8000000,1200000,231607,95.227787,790.0,5,2,0.0,21879.0,21879.0,0.0,2,0,1,,,1
4,2025-04-03 15:56:25,1707240.0,6,60,Independiente,7000000,4500000,253732,95.227787,805.0,10,8,0.0,59235.0,55314.0,0.0,6,0,2,,,1
4,2025-04-19 12:46:09,737280.0,6,54,Empleado,1500000,700000,109606,95.227787,760.0,3,3,0.0,1708.0,1708.0,0.0,0,0,3,1533452.0,Decreciente,1
4,2025-03-06 12:50:30,8492857.2,36,56,Empleado,15000000,1000000,275500,95.227787,871.0,10,3,0.0,108753.0,108753.0,0.0,7,0,0,16411324.0,Creciente,1
4,2025-03-03 17:28:29,1173480.0,12,55,Empleado,1400000,500000,92308,86.230357,752.0,4,3,0.0,16858.0,16858.0,0.0,2,0,1,1000000.0,Creciente,1
4,2025-01-22 12:59:53,1340280.0,12,51,Empleado,1100000,650000,93075,95.227787,846.0,2,0,0.0,59566.0,59566.0,0.0,2,0,0,916149.0,Creciente,1
4,2025-01-19 18:12:37,1174080.0,6,66,Empleado,6700000,500000,174081,95.227787,898.0,10,1,0.0,15348.0,15348.0,0.0,7,0,2,13332381.0,Creciente,1
4,2025-08-18 15:40:53,1200000.0,6,65,Empleado,4475055,0,180622,95.227787,871.0,2,4,0.0,0.0,0.0,0.0,1,0,0,4475055.0,Decreciente,1
4,2025-03-15 08:14:54,2778360.0,12,64,Empleado,8000000,3000000,218280,95.227787,910.0,10,1,0.0,263826.0,263826.0,0.0,5,3,0,5046867.0,Creciente,1
4,2024-12-10 17:15:56,4200000.0,12,60,Empleado,3000000,1000000,329560,95.227787,831.0,4,1,0.0,35697.0,35697.0,0.0,0,1,1,3860684.0,Creciente,1
4,2025-01-30 08:17:35,2897700.0,6,60,Empleado,6000000,3000000,430093,89.979287,871.0,6,0,0.0,258771.0,236386.0,0.0,3,0,1,5168099.0,Decreciente,1
4,2025-03-14 10:04:18,1994400.0,12,58,Empleado,1800000,800000,156689,95.227787,835.0,9,6,0.0,40213.0,40213.0,0.0,6,0,0,1037394.0,Decreciente,1
4,2025-01-12 10:58:08,2869632.0,6,51,Empleado,3900000,1000000,425480,95.227787,838.0,10,3,0.0,14500.0,14500.0,0.0,6,1,0,1398563.0,Creciente,1
4,2025-09-21 17:24:03,1415880.0,6,49,Empleado,5390000,2638000,213851,95.227787,763.0,5,1,0.0,34102.0,34102.0,0.0,0,2,3,5861427.0,Creciente,1
4,2025-01-11 15:36:45,2373600.0,12,43,Independiente,2500000,1500000,185892,95.227787,816.0,3,3,0.0,1982.0,1982.0,0.0,2,0,0,,,1
4,2025-04-05 17:41:44,1689360.0,6,42,Empleado,6000000,2800000,251144,5.267996,737.0,17,14,0.0,247758.0,194010.0,0.0,13,2,2,,,0
4,2025-01-26 16:34:35,2997061.1999999997,12,42,Empleado,1200000,300000,235169,95.227787,855.0,4,2,0.0,0.0,0.0,0.0,2,0,0,991119.0,Estable,1
4,2025-07-27 10:20:02,2274900.0,12,43,Empleado,2521000,710000,178132,95.227787,794.0,6,2,0.0,10699.0,10699.0,0.0,2,2,0,2466080.0,Creciente,1
4,2025-02-25 11:36:44,4654800.0,12,43,Empleado,6000000,2000000,366156,95.227787,788.0,2,1,0.0,4943.0,4943.0,0.0,1,0,1,,,1
4,2025-07-18 17:14:21,408000.0,8,52,Independiente,1200000,170000,47175,95.227787,807.0,5,10,0.0,5078.0,5078.0,0.0,2,0,2,,,1
4,2025-02-28 13:35:48,1018944.0,8,39,Empleado,3400000,1200000,115564,95.227787,832.0,4,1,0.0,5838.0,5016.0,0.0,3,0,0,1863565.0,Creciente,1
4,2025-02-28 15:00:54,3686880.0,12,38,Independiente,4000000,1500000,289277,95.227787,818.0,2,3,0.0,88456.0,27887.0,0.0,1,1,0,861836.0,Creciente,1
4,2025-03-18 09:47:57,726000.0,8,38,Empleado,4300000,3000000,82588,95.227787,735.0,9,9,0.0,223847.0,223847.0,0.0,5,1,0,4921349.0,Decreciente,1
4,2025-01-14 08:07:04,499200.0,8,60,Empleado,2500000,1000000,56544,95.227787,746.0,25,7,0.0,76214.0,70298.0,0.0,14,0,5,908526.0,Estable,1
4,2025-01-25 16:33:38,2645760.0,36,55,Empleado,2019000,600000,85255,95.227787,831.0,10,2,0.0,40936.0,22607.0,0.0,5,0,1,1513090.0,Creciente,1
4,2024-12-23 14:40:02,1345080.0,10,53,Independiente,1300000,500000,124337,95.227787,775.0,10,0,0.0,107157.0,104573.0,0.0,5,0,2,,,1
4,2025-04-15 19:08:43,4240860.0,36,54,Empleado,2000000,800000,137570,95.227787,759.0,6,6,0.0,30175.0,30175.0,0.0,1,1,2,1610004.0,Creciente,1
4,2025-05-04 16:29:33,3488659.1999999997,6,52,Independiente,3000000,0,518663,89.979287,709.0,3,9,0.0,24378.0,24378.0,0.0,2,0,1,970172.0,Creciente,1
4,2024-12-27 18:55:07,2423520.0,12,51,Empleado,1300000,500000,168300,95.227787,864.0,4,4,0.0,13109.0,13109.0,0.0,0,1,1,1258954.0,Creciente,1
4,2025-01-08 13:48:40,1530960.0,6,46,Empleado,1300000,500000,212633,95.227787,805.0,1,2,0.0,0.0,0.0,0.0,0,0,0,916148.0,Creciente,1
4,2025-01-01 13:45:51,2005380.0,8,38,Empleado,1600000,400000,227252,95.227787,741.0,7,7,0.0,4351.0,4351.0,0.0,2,0,1,908526.0,Estable,1
4,2025-01-17 08:00:33,4541880.0,12,54,Empleado,3000000,1200000,315408,95.227787,827.0,4,1,0.0,1945.0,1945.0,0.0,3,0,0,,,1
9,2025-05-04 14:17:13,1035600.0,3,53,Independiente,5000000,2000000,274934,95.227787,835.0,6,2,0.0,27509.0,27509.0,0.0,3,0,1,,,1
4,2025-01-07 18:41:10,2039761.2,12,69,Empleado,16991100000,200000,141650,95.227787,814.0,2,2,0.0,4766.0,4766.0,0.0,2,0,0,908526.0,Estable,1
4,2025-08-25 18:21:49,749520.0,6,69,Empleado,6020000,2890000,112817,95.227787,844.0,6,2,0.0,66197.0,66197.0,0.0,1,0,4,,,1
4,2025-05-15 11:32:19,2232000.0,10,65,Empleado,5000000,2000000,206851,95.227787,860.0,2,3,0.0,1321.0,1321.0,0.0,2,0,0,,,1
4,2025-01-15 13:15:12,4273980.0,12,68,Empleado,6500000,3700000,296804,95.227787,792.0,13,2,0.0,67461.0,67461.0,0.0,8,0,1,984236.0,Estable,1
4,2024-12-31 12:00:30,4402321.2,6,65,Empleado,3000000,800000,611434,95.227787,888.0,3,3,0.0,25891.0,3561.0,0.0,1,0,1,3138147.0,Creciente,1
4,2025-01-25 12:29:56,707520.0,6,66,Empleado,2500000,500000,105014,95.227787,886.0,2,0,0.0,0.0,0.0,0.0,1,0,0,2552404.0,Creciente,1
4,2025-01-14 14:01:59,3327240.0,12,65,Empleado,5000000,1200000,231058,95.227787,847.0,4,4,0.0,4805.0,4805.0,0.0,2,0,0,916148.0,Creciente,1
4,2025-06-04 17:20:51,8400000.0,36,65,Empleado,3700000,120000,283528,95.227787,808.0,6,5,0.0,48612.0,48612.0,0.0,5,0,0,946640.0,Creciente,1
4,2025-05-31 12:27:47,1474680.0,10,63,Independiente,6000000,1500000,137514,95.227787,828.0,10,5,0.0,132865.0,124606.0,0.0,5,1,1,,,1
4,2025-03-25 17:19:44,2918041.1999999997,12,62,Empleado,1400000,300000,229539,95.227787,851.0,5,2,0.0,915.0,915.0,0.0,3,0,0,,,1
9,2025-04-25 11:35:06,1269000.0,5,59,Independiente,5000000,2000000,205990,95.227787,799.0,9,5,0.0,19685.0,19685.0,0.0,2,0,3,918828.0,Creciente,1
4,2024-12-25 15:00:13,1325640.0,12,58,Independiente,3000000,1100000,104011,95.227787,755.0,12,5,0.0,4913.0,4913.0,0.0,4,0,6,,,1
4,2024-12-10 16:57:43,1247760.0,12,50,Independiente,3000000,1200000,97901,95.227787,794.0,9,3,0.0,12736.0,12736.0,0.0,5,0,3,,,1
4,2025-01-20 11:09:50,707520.0,6,45,Empleado,2600000,1200000,104904,95.227787,810.0,8,2,0.0,26772.0,26772.0,0.0,3,0,2,835833.0,Estable,1
4,2025-01-03 16:22:33,2919240.0,12,44,Empleado,1350000,420000,202725,95.227787,760.0,8,5,0.0,15755.0,15755.0,0.0,2,1,3,1118359.0,Decreciente,1
4,2025-11-13 12:43:32,1080000.0,18,41,Empleado,4540000,2373000,64878,95.227787,829.0,17,3,0.0,59923.0,59923.0,0.0,6,9,1,6527863.0,Decreciente,1
9,2025-06-25 10:59:10,950026.7999999999,9,59,Empleado,1200000,700000,89064,95.227787,823.0,1,3,0.0,0.0,0.0,0.0,0,0,1,908526.0,Estable,1
4,2025-02-09 13:47:54,3343500.0,12,55,Independiente,1200000,500000,262335,95.227787,817.0,2,1,0.0,1647.0,1647.0,0.0,1,0,1,,,1
9,2025-04-18 12:22:59,821208.0,2,57,Independiente,5000000,2000000,323939,95.227787,859.0,3,2,0.0,0.0,0.0,0.0,1,0,1,908526.0,Estable,1
4,2025-03-14 13:52:34,540000.0,6,53,Empleado,1560000,0,80259,95.227787,809.0,8,2,0.0,868.0,868.0,0.0,4,0,3,1056583.0,Creciente,1
4,2024-12-29 10:08:43,2100000.0,12,47,Empleado,10000000,4000000,164848,95.227787,810.0,21,4,0.0,281148.0,281148.0,0.0,12,4,1,4066815.0,Creciente,1
4,2025-01-12 13:17:20,1135680.0,6,45,Empleado,3200000,1200000,168387,95.227787,717.0,13,15,0.0,25142.0,25142.0,0.0,6,0,3,1900000.0,Estable,1
4,2025-08-12 13:00:44,10392000.0,10,44,Independiente,3460000,1030000,981676,95.227787,815.0,6,4,0.0,13657.0,13657.0,0.0,2,1,1,1327795.0,Creciente,1
4,2025-02-18 11:59:55,1631880.0,6,43,Empleado,4000000,500000,242379,95.227787,866.0,4,2,0.0,34209.0,36.0,0.0,3,0,0,1740083.0,Decreciente,1
4,2025-05-10 08:15:55,3569880.0,6,43,Empleado,3000000,1700000,530707,32.400287,700.0,4,8,0.0,2658.0,2658.0,0.0,1,0,3,616795.0,Creciente,0
4,2025-01-18 19:06:40,3844201.1999999997,12,38,Independiente,1500000,500000,266958,95.227787,753.0,2,2,0.0,410.0,410.0,0.0,0,0,1,,,1
4,2026-03-25 16:08:07,5336232.0,12,39,Empleado,5289000,1821000,446137,95.227787,780.0,3,4,0.0,8934.0,8934.0,0.0,2,0,1,2351452.0,Decreciente,1
4,2025-03-17 11:47:07,1320000.0,12,37,Independiente,1500000,600000,104347,95.227787,777.0,4,8,0.0,6857.0,6857.0,0.0,3,0,1,66667.0,Decreciente,1
4,2025-04-24 13:54:08,548088.0,24,59,Empleado,3800000,1500000,24012,95.227787,776.0,7,5,0.0,78020.0,78020.0,0.0,3,0,2,,,1
4,2024-12-26 17:09:27,1477080.0,12,52,Empleado,2000000,500000,115901,95.227787,761.0,3,2,0.0,31104.0,31104.0,0.0,0,1,1,1043556.0,Decreciente,1
9,2025-10-12 10:21:07,2880812.4,11,67,Empleado,1860000,175000,232036,95.227787,742.0,12,3,0.0,2672.0,2672.0,0.0,0,0,11,0.0,Estable,1
4,2025-01-02 12:38:44,3455880.0,12,53,Independiente,4500000,1500000,271959,95.227787,789.0,8,5,0.0,66836.0,66836.0,0.0,6,0,1,1200000.0,Estable,1
4,2025-01-11 18:00:56,1334280.0,12,51,Empleado,2500000,700000,92658,95.227787,783.0,12,8,0.0,4285.0,4285.0,0.0,5,0,6,,,1
9,2025-02-02 17:49:55,780643.2,11,37,Empleado,2000000,1000000,60736,95.227787,841.0,5,3,0.0,191054.0,10591.0,0.0,3,0,2,2307802.0,Creciente,1
9,2025-03-02 11:34:34,821208.0,9,67,Empleado,4000000,2000000,76767,95.227787,885.0,8,6,0.0,93013.0,80483.0,0.0,5,2,0,2119704.0,Creciente,1
4,2024-11-29 12:24:41,1510800.0,6,66,Empleado,1400000,600000,224082,95.227787,815.0,10,7,0.0,61160.0,61160.0,0.0,7,1,2,1293436.0,Creciente,1
4,2025-10-11 09:38:46,1522770.0,6,62,Independiente,3980000,629000,231939,95.227787,814.0,4,7,0.0,10303.0,10303.0,0.0,2,1,1,983368.0,Creciente,1
4,2025-04-25 17:40:38,1098823.2,6,58,Independiente,1500000,700000,164017,95.227787,757.0,7,0,0.0,2009.0,2009.0,0.0,1,0,5,,,1
4,2025-06-12 12:44:43,1261980.0,10,55,Independiente,3000000,1000000,117026,95.227787,836.0,6,2,0.0,67668.0,67668.0,0.0,5,0,0,,,1
4,2025-05-17 18:51:59,1349520.0,12,55,Empleado,2600000,900000,107635,95.227787,762.0,6,6,0.0,14801.0,14801.0,0.0,4,0,0,927842.0,Creciente,1
9,2025-04-10 15:32:17,2550564.0,9,54,Empleado,5000000,3000000,238543,95.227787,831.0,12,5,0.0,92232.0,92232.0,0.0,5,0,5,,,1
9,2025-02-01 10:37:41,889569.6,9,53,Empleado,1500000,500000,83078,91.410695,834.0,7,4,0.0,70475.0,70475.0,0.0,4,1,0,1064464.0,Creciente,1
9,2025-03-23 11:28:39,2431627.1999999997,10,52,Independiente,3000000,1000000,206564,95.227787,808.0,2,1,0.0,3346.0,3346.0,0.0,0,0,2,931394.0,Creciente,1
4,2025-02-03 12:30:40,816000.0,6,53,Empleado,2000000,800000,121391,95.227787,749.0,10,10,0.0,42069.0,36569.0,0.0,3,2,5,1640000.0,Creciente,1
4,2025-01-06 13:38:49,2902752.0,12,50,Independiente,4000000,500000,227485,95.227787,743.0,19,5,0.0,32648.0,32648.0,0.0,13,0,1,1200000.0,Estable,1
4,2025-06-24 10:52:03,509400.0,8,52,Empleado,2000000,400000,58198,95.227787,770.0,2,3,0.0,11452.0,11452.0,0.0,0,1,0,1090014.0,Decreciente,1
9,2026-01-18 11:12:12,2994050.4,10,51,Empleado,3806000,143000,266766,95.227787,814.0,8,3,0.0,71429.0,71365.0,0.0,5,0,1,,,1
4,2025-04-02 14:32:40,4044600.0,24,50,Empleado,4500000,1800000,177763,84.730786,864.0,6,2,0.0,50033.0,50033.0,0.0,3,0,0,5063121.0,Estable,1
9,2024-12-05 14:32:49,2260556.4,11,55,Empleado,3100000,1500000,175576,95.227787,951.0,15,0,0.0,13697.0,13697.0,,4,0,3,,,1
9,2025-04-20 18:56:09,2665532.4,9,56,Empleado,3000000,1000000,249534,95.227787,893.0,1,2,0.0,0.0,0.0,0.0,1,0,0,3003081.0,Creciente,1
9,2024-12-01 09:27:51,1735860.0,10,39,Empleado,3000000,1000000,146996,81.231786,683.0,7,14,0.0,388475.0,388475.0,0.0,5,0,2,15441025.0,Decreciente,1
9,2025-05-21 09:25:17,1180376.4,10,43,Independiente,7000000,4000000,100482,95.227787,788.0,10,4,0.0,165224.0,165224.0,0.0,9,0,0,1348554.0,Creciente,1
4,2025-03-31 15:08:23,674760.0,12,41,Independiente,900000,300000,53493,95.227787,786.0,3,0,0.0,1813.0,1813.0,0.0,0,1,0,,,1
4,2025-04-05 12:26:38,1400280.0,8,66,Empleado,3000000,1000000,159144,95.227787,755.0,3,4,0.0,35574.0,35574.0,0.0,1,0,2,1459449.0,Creciente,1
4,2024-12-01 13:47:38,883984.7999999999,12,62,Empleado,3500000,2000000,69392,95.227787,801.0,8,5,0.0,80915.0,77848.0,0.0,3,1,3,,,1
9,2025-01-22 16:00:27,1274863.2,10,59,Independiente,3000000,1600000,108128,95.227787,752.0,4,0,0.0,24995.0,24995.0,,1,0,3,,,1
4,2024-11-27 09:31:10,1438048.8,12,58,Independiente,2200000,1000000,112692,95.227787,785.0,6,2,0.0,7769.0,7769.0,0.0,3,0,1,,,1
4,2025-03-31 16:56:17,1869600.0,10,60,Empleado,1200000,400000,172993,95.227787,804.0,3,2,0.0,5129.0,5129.0,0.0,1,0,1,931394.0,Creciente,1
4,2025-01-11 12:28:24,920400.0,6,55,Empleado,3000000,2000000,136829,95.227787,721.0,9,6,0.0,1303.0,1303.0,0.0,2,0,3,908526.0,Estable,1
9,2025-06-12 08:45:38,759124.7999999999,3,54,Independiente,2000000,1000000,203805,95.227787,867.0,3,2,0.0,108.0,108.0,0.0,2,0,0,,,1
9,2026-02-21 19:07:39,2764056.0,9,55,Independiente,10400000,51514000,271531,95.227787,878.0,7,2,0.0,128768.0,128768.0,0.0,2,3,0,,,1
4,2025-11-16 12:12:01,1188000.0,12,64,Empleado,3180000,205000,98567,95.227787,837.0,3,1,0.0,1639.0,1639.0,0.0,0,1,1,1271280.0,Creciente,1
4,2025-02-14 11:09:37,1428000.0,12,64,Empleado,4000000,500000,112515,95.227787,742.0,7,12,0.0,75249.0,73775.0,0.0,3,0,3,,,1
4,2025-04-10 12:48:30,1274160.0,10,65,Independiente,2500000,200000,117897,95.227787,817.0,1,2,0.0,2529.0,2529.0,0.0,0,0,1,939017.0,Creciente,1
4,2025-07-25 16:36:34,1620060.0,8,66,Empleado,1000000,365000,183480,95.227787,870.0,4,4,0.0,2303.0,2303.0,0.0,2,0,2,975012.0,Creciente,1
9,2025-02-28 16:19:28,2003790.0,11,67,Independiente,15500000,11300000,157775,95.227787,896.0,12,2,0.0,45341.0,45341.0,0.0,10,0,0,,,1
4,2025-04-09 15:47:49,533520.0,6,66,Empleado,2500000,1000000,79239,95.227787,797.0,1,1,0.0,0.0,0.0,0.0,0,0,0,,,1
4,2025-03-03 12:19:32,480000.0,12,63,Empleado,2000000,700000,37944,95.227787,766.0,4,3,0.0,317.0,317.0,0.0,0,0,3,916148.0,Creciente,1
4,2025-07-25 10:06:15,3083880.0,6,66,Empleado,4335315,1023000,464683,95.227787,832.0,5,5,0.0,37521.0,37521.0,0.0,3,0,1,4251431.0,Creciente,1
4,2025-03-08 16:55:55,1020000.0,6,64,Empleado,2000000,1000000,152013,95.227787,780.0,3,4,0.0,588.0,588.0,0.0,0,0,3,,,1
4,2025-01-22 13:46:35,1186020.0,12,63,Independiente,1000000,300000,92885,95.227787,820.0,2,1,0.0,8256.0,8256.0,0.0,0,0,2,,,1
4,2025-04-24 16:58:13,964800.0,6,63,Independiente,4000000,1200000,144012,95.227787,747.0,7,8,0.0,35901.0,29040.0,0.0,2,2,1,,,1
10,2025-05-10 11:19:32,1920000.0,12,62,Empleado,2500000,1000000,151760,95.227787,880.0,5,2,0.0,10070.0,10070.0,0.0,5,0,0,1461194.0,Creciente,1
9,2025-07-19 15:07:23,2224574.4,9,64,Independiente,2000000,1000000,208951,95.227787,846.0,0,3,0.0,0.0,,,0,0,0,,,1
9,2025-06-05 09:41:16,560120.4,9,62,Empleado,2000000,1000000,52486,95.227787,842.0,4,2,0.0,21433.0,596.0,0.0,1,1,1,946640.0,Creciente,1
9,2025-02-16 17:12:46,3713196.0,11,61,Empleado,3000000,0,314376,95.227787,888.0,3,4,0.0,70897.0,70897.0,0.0,2,0,0,923771.0,Creciente,1
4,2025-04-04 13:02:38,1740000.0,10,61,Empleado,1300000,300000,161846,95.227787,772.0,8,2,0.0,1690.0,1690.0,0.0,3,0,5,,,1
4,2025-02-28 16:55:35,2644800.0,36,60,Empleado,1500000,670000,86469,95.227787,795.0,7,3,0.0,66357.0,52394.0,0.0,4,1,0,1512337.0,Creciente,1
6,2025-05-24 12:17:50,7721914.8,36,60,Empleado,1800000,0,252461,-18.471029,876.0,7,3,0.0,27844.0,27844.0,0.0,2,0,1,903405.0,Creciente,0
9,2025-07-10 15:34:29,2074378.7999999998,11,61,Independiente,8000000,4500000,162130,95.227787,842.0,15,3,0.0,358269.0,358269.0,0.0,13,0,1,954263.0,Creciente,1
9,2025-04-19 08:39:29,845756.4,6,62,Empleado,2000000,1500000,115485,89.979287,755.0,10,6,0.0,40398.0,40398.0,0.0,7,1,2,3468823.0,Creciente,1
4,2025-09-18 13:02:01,783988.7999999999,6,61,Independiente,1510000,0,118413,95.227787,868.0,1,2,0.0,0.0,0.0,0.0,0,0,1,939017.0,Creciente,1
4,2025-03-13 15:44:46,1744680.0,12,31,Empleado,2000000,1000000,137070,95.227787,748.0,4,3,0.0,27143.0,27143.0,0.0,0,1,1,931394.0,Creciente,1
9,2025-03-07 11:09:05,1038734.3999999999,9,60,Empleado,1000000,400000,97102,95.227787,787.0,3,0,0.0,9297.0,3569.0,0.0,1,0,2,,,1
4,2025-02-23 17:38:49,1389024.0,12,60,Empleado,1100000,300000,108992,95.227787,844.0,4,2,0.0,1191.0,1191.0,0.0,4,0,0,923771.0,Creciente,1
9,2025-05-17 17:30:46,3215744.4,9,59,Empleado,3200000,1700000,301330,95.227787,770.0,16,4,0.0,111075.0,111075.0,0.0,10,0,1,,,1
9,2025-07-06 18:06:00,3011542.8,10,60,Empleado,8000000,3800000,256499,95.227787,873.0,3,1,0.0,110443.0,110443.0,0.0,3,0,0,,,1
9,2024-12-07 15:47:13,1621383.5999999999,9,58,Empleado,2000000,0,151206,95.227787,871.0,6,2,0.0,659.0,659.0,0.0,6,0,0,908526.0,Creciente,1
4,2025-04-14 15:03:25,3629856.0,6,59,Empleado,5000000,300000,539108,95.227787,867.0,8,3,0.0,36458.0,21249.0,0.0,2,5,1,,,1
9,2025-01-08 14:22:10,2009029.2,3,59,Empleado,3000000,1000000,532843,95.227787,803.0,4,3,0.0,4260.0,4260.0,0.0,3,0,0,,,1
10,2026-01-06 10:59:39,487920.0,6,61,Independiente,1408000,42000,74760,95.227787,760.0,5,0,0.0,797.0,797.0,0.0,0,0,5,,,1
4,2025-07-13 14:44:29,1468801.2,6,59,Empleado,1600000,400000,217759,95.227787,845.0,4,1,0.0,2668.0,2668.0,0.0,3,0,0,961885.0,Decreciente,1
4,2025-04-25 11:55:42,2920224.0,6,62,Empleado,2000000,0,435913,95.227787,805.0,7,5,0.0,25080.0,15156.0,0.0,2,1,4,933473.0,Creciente,1
4,2025-04-25 11:46:12,845641.2,8,58,Independiente,1800000,300000,96116,95.227787,810.0,5,3,0.0,3438.0,3438.0,0.0,3,0,1,,,1
9,2025-04-27 11:41:13,1965278.4,10,57,Empleado,2200000,1000000,167123,95.227787,832.0,0,0,0.0,0.0,,,0,0,0,2000000.0,Estable,1
9,2024-12-20 14:51:49,1654592.4,9,58,Empleado,2500000,1200000,154525,95.227787,788.0,0,4,0.0,0.0,,,0,0,0,,,1
4,2024-12-13 12:40:04,1406938.8,12,58,Empleado,2000000,1300000,110254,95.227787,796.0,3,6,0.0,4966.0,4966.0,0.0,0,0,2,,,1
4,2025-01-23 15:47:13,1245600.0,12,59,Empleado,900000,250000,98032,75.691683,799.0,3,0,0.0,973.0,670.0,0.0,0,0,3,916149.0,Creciente,1
9,2025-09-15 12:45:45,2704525.1999999997,10,57,Empleado,3627272,0,235176,95.227787,833.0,0,2,0.0,0.0,,,0,0,0,3627272.0,Creciente,1
4,2025-02-10 16:35:48,2388000.0,12,57,Empleado,1600000,400000,188155,95.227787,865.0,2,2,0.0,0.0,0.0,0.0,0,0,1,,,1
4,2025-02-07 16:56:39,3600000.0,8,58,Empleado,2500000,100000,409176,95.227787,753.0,8,4,0.0,9344.0,8605.0,0.0,3,1,3,,,1
4,2025-01-18 19:03:03,599760.0,12,57,Independiente,1500000,400000,41650,27.215896,765.0,5,5,0.0,429.0,429.0,0.0,0,0,4,916148.0,Creciente,0
9,2025-06-20 12:47:57,4019257.1999999997,9,58,Empleado,3000000,2000000,380898,95.227787,777.0,3,2,0.0,170.0,170.0,0.0,0,0,1,,,1
9,2025-11-23 10:34:55,2464522.8,10,57,Empleado,3615000,1626000,217341,95.227787,828.0,10,3,0.0,18626.0,18626.0,0.0,8,0,0,854263.0,Decreciente,1
4,2025-08-10 15:04:33,2112000.0,6,57,Empleado,1100000,1177000,316301,95.227787,744.0,11,8,0.0,9848.0,9848.0,0.0,1,0,8,1000000.0,Estable,1
4,2026-02-19 13:18:48,2618568.0,8,58,Empleado,3746000,113000,313229,95.227787,774.0,5,4,0.0,895.0,895.0,0.0,3,0,2,1160000.0,Estable,1
9,2025-06-27 11:33:05,2658963.6,10,44,Empleado,3000000,2000000,226469,95.227787,748.0,2,2,0.0,171.0,171.0,0.0,0,0,2,,,1
4,2025-09-23 16:38:04,2040000.0,24,43,Independiente,4060000,550000,94528,95.227787,818.0,3,5,0.0,14442.0,14442.0,0.0,0,2,1,,,1
4,2025-03-26 10:35:09,3117360.0,12,43,Empleado,5500000,1000000,244913,95.227787,768.0,8,10,0.0,100854.0,100854.0,0.0,5,0,1,5444771.0,Decreciente,1
4,2025-05-17 18:17:47,3000000.0,36,43,Independiente,3500000,340000,99664,18.050548,729.0,8,4,0.0,11675.0,9046.0,0.0,4,0,4,1043515.0,Decreciente,0
4,2025-03-24 12:43:38,1200000.0,6,43,Empleado,2000000,500000,178526,95.227787,779.0,4,7,0.0,16626.0,16626.0,0.0,3,0,1,2068925.0,Estable,1
4,2025-01-13 12:02:19,2811600.0,36,43,Empleado,6500000,4500000,91602,95.227787,755.0,8,2,0.0,266704.0,266704.0,0.0,7,0,1,5541036.0,Creciente,1
9,2025-06-22 17:41:10,612391.2,10,43,Empleado,1200000,100000051,52158,95.227787,807.0,2,9,0.0,0.0,0.0,0.0,1,0,0,1000000.0,Estable,1
9,2024-12-20 11:06:12,4884972.0,10,41,Independiente,3000000,2000000,414321,95.227787,855.0,5,1,0.0,3126.0,3126.0,,1,0,2,,,1
4,2025-02-19 11:53:40,792000.0,12,41,Independiente,3500000,800000,62403,95.227787,750.0,11,6,0.0,10881.0,10881.0,0.0,4,0,2,1007750.0,Creciente,1
4,2024-12-10 14:28:20,777600.0,24,38,Empleado,1500000,400000,34028,95.227787,774.0,4,2,0.0,1209.0,1209.0,0.0,1,0,0,749832.0,Creciente,1
4,2025-04-07 11:29:52,3600000.0,6,44,Independiente,5000000,2000000,536482,22.873995,740.0,6,18,0.0,65259.0,65259.0,0.0,1,0,4,,,0
9,2025-05-23 11:18:48,981525.6,9,43,Empleado,1700000,1000000,91973,95.227787,844.0,7,8,0.0,37110.0,37110.0,0.0,5,1,0,1319844.0,Creciente,1
4,2025-07-11 13:21:58,1016400.0,6,43,Empleado,1800000,800000,150701,95.227787,768.0,0,3,0.0,0.0,,,0,0,0,,,1
4,2025-01-14 11:53:25,1645080.0,12,43,Empleado,1900000,150000,114242,95.227787,758.0,1,6,0.0,0.0,0.0,0.0,0,0,0,681394.0,Decreciente,1
4,2024-12-14 13:16:51,1281168.0,12,44,Empleado,1300000,700000,100571,95.227787,781.0,6,7,0.0,7490.0,7490.0,0.0,3,0,3,908526.0,Estable,1
4,2025-01-11 10:36:38,2069340.0,8,42,Empleado,4000000,700000,234391,95.227787,800.0,4,4,0.0,12238.0,12238.0,0.0,4,0,0,6383924.0,417087,1
4,2025-10-11 15:19:13,507120.0,6,42,Empleado,2325000,390000,76855,95.227787,685.0,8,4,0.0,17196.0,17196.0,0.0,2,0,5,1445901.0,Decreciente,1
10,2025-11-04 11:47:16,6223200.0,36,41,Empleado,1989000,598000,221862,95.227787,751.0,12,2,0.0,21312.0,21312.0,0.0,3,1,7,5029953.0,Creciente,1
4,2024-12-26 13:01:46,1536000.0,12,41,Independiente,6000000,2000000,120591,95.227787,807.0,6,4,0.0,41972.0,32407.0,0.0,2,1,0,817673.0,Creciente,1
4,2025-05-03 17:50:46,1650628.8,12,42,Independiente,5700000,1800000,131650,95.227787,828.0,10,4,0.0,166974.0,166974.0,0.0,4,0,4,941789.0,Creciente,1
9,2025-02-15 15:58:17,2334664.8,9,40,Empleado,3500000,500000,218246,95.227787,778.0,6,6,0.0,46464.0,27421.0,0.0,3,0,3,2340721.0,Decreciente,1
9,2025-09-20 11:10:16,2808388.8,4,40,Independiente,2652000,113000,579852,95.227787,789.0,5,2,0.0,8402.0,2660.0,0.0,3,1,0,1854545.0,Creciente,1
9,2025-03-06 13:36:34,1667353.2,9,39,Independiente,3500000,1250000,155865,95.227787,836.0,14,5,0.0,99237.0,99237.0,0.0,11,0,0,923771.0,Creciente,1
4,2024-12-07 17:09:02,876000.0,12,53,Empleado,1100000,124000,68765,95.227787,752.0,10,4,0.0,4763.0,4763.0,0.0,1,1,8,,,1
4,2025-01-21 11:26:48,946680.0,12,38,Empleado,3500000,2000000,65742,95.227787,770.0,7,7,0.0,12901.0,12901.0,0.0,4,0,2,4520907.0,Creciente,1
9,2026-04-17 16:31:53,4125924.0,10,38,Independiente,4906000,16000,370446,95.227787,840.0,1,0,0.0,16.0,16.0,0.0,0,1,0,,,1
4,2024-12-21 17:16:50,790256.4,6,37,Empleado,1100000,500000,117321,95.227787,791.0,4,15,0.0,3275.0,3275.0,0.0,3,0,1,990431.0,Decreciente,1
4,2025-01-03 11:43:00,3582600.0,18,42,Empleado,3000000,1500000,198758,95.227787,759.0,9,13,0.0,29998.0,29998.0,0.0,3,0,3,1500000.0,Estable,1
4,2025-01-03 17:56:20,2858280.0,12,42,Empleado,2129000,600000,198492,95.227787,791.0,6,6,0.0,167.0,167.0,0.0,5,0,0,964541.0,Decreciente,1
9,2025-06-26 17:42:01,902713.2,10,42,Empleado,3500000,1500000,76886,95.227787,800.0,4,2,0.0,10780.0,10780.0,0.0,3,0,1,,,1
4,2024-12-08 18:36:14,1296000.0,12,43,Empleado,1100000,150000,101735,95.227787,791.0,6,5,0.0,6066.0,6066.0,0.0,2,0,2,947815.0,Creciente,1
9,2025-07-09 12:17:41,2172183.6,9,43,Independiente,3000000,1000000,203641,95.227787,875.0,6,5,0.0,53060.0,53060.0,0.0,4,0,1,,,1
9,2025-05-23 13:02:49,677502.0,10,37,Independiente,2800000,1000000,57674,95.227787,795.0,9,3,0.0,25587.0,25587.0,0.0,2,1,3,,,1
9,2026-02-09 15:57:49,3342794.4,9,41,Empleado,4512000,684000,326547,95.227787,796.0,8,2,0.0,2680.0,2680.0,0.0,3,0,1,1913333.0,Decreciente,1
9,2025-05-23 14:40:42,1757683.2,9,40,Empleado,3200000,2000000,164703,95.227787,799.0,10,6,0.0,66678.0,66678.0,0.0,6,0,2,800981.0,Decreciente,1
4,2025-03-14 11:05:45,1800000.0,8,41,Independiente,2500000,240000,205223,95.227787,798.0,8,7,0.0,7708.0,7708.0,0.0,5,0,1,,,1
9,2025-04-09 17:41:10,2988480.0,9,40,Independiente,3000000,2500000,279499,95.227787,700.0,9,8,0.0,104112.0,103267.0,0.0,5,1,1,1175710.0,Creciente,1
9,2026-01-02 11:32:04,1188625.2,10,41,Empleado,14453000,4450000,105363,95.227787,797.0,8,8,0.0,52090.0,52090.0,0.0,5,0,0,1000000.0,Estable,1
9,2024-12-20 09:58:41,1606172.4,9,40,Empleado,4600000,2000000,150003,95.227787,821.0,2,3,0.0,94.0,94.0,0.0,1,0,0,5536025.0,Decreciente,1
4,2025-01-12 17:37:20,2292000.0,12,45,Independiente,3000000,200000,180368,95.227787,828.0,2,2,0.0,1437.0,1437.0,0.0,1,0,1,,,1
4,2025-07-25 14:31:12,1414912.8,6,41,Empleado,3000000,2000000,213206,95.227787,689.0,14,3,0.0,54859.0,54859.0,0.0,5,0,0,1303939.0,Estable,1
4,2024-12-31 12:36:39,669600.0,12,42,Empleado,2000000,1300000,52476,95.227787,838.0,3,1,0.0,3921.0,3921.0,0.0,2,0,1,790325.0,Creciente,1
9,2025-06-15 14:30:07,4113751.1999999997,9,42,Empleado,4000000,2000000,385661,95.227787,790.0,2,6,0.0,1158.0,1158.0,0.0,1,0,1,1960000.0,Estable,1
4,2025-01-04 17:27:22,1633080.0,12,43,Independiente,1800000,700000,113408,95.227787,710.0,5,3,0.0,1765.0,1765.0,0.0,0,0,5,,,1
4,2024-11-29 19:02:24,4872000.0,36,41,Independiente,8000000,1000000,157700,95.227787,785.0,14,13,0.0,60750.0,60750.0,0.0,7,0,6,,,1
9,2025-05-26 09:12:02,2320274.4,10,54,Empleado,4200000,2750000,197518,95.227787,828.0,6,2,0.0,156160.0,156160.0,0.0,4,0,0,,,1
9,2025-09-21 16:26:02,389707.2,3,48,Empleado,2053000,500000,113269,95.227787,804.0,0,0,0.0,0.0,,,0,0,0,,,1
9,2025-08-30 12:02:29,3608606.4,10,55,Empleado,1200000,1007000,310418,95.227787,723.0,16,5,0.0,54405.0,54405.0,0.0,14,0,0,1290000.0,Creciente,1
4,2025-04-09 16:55:41,1627080.0,12,49,Empleado,1600000,300000,129002,95.227787,810.0,5,4,0.0,5886.0,4489.0,0.0,1,1,3,1225000.0,9090,1
4,2025-03-25 14:38:56,3960000.0,12,43,Independiente,1500000,100000,313006,91.99794,774.0,5,1,0.0,596.0,596.0,0.0,0,0,3,925157.0,Creciente,1
4,2025-10-31 14:42:13,6000000.0,12,51,Independiente,2960000,125000,499273,95.227787,844.0,3,4,0.0,378.0,378.0,0.0,1,0,1,969508.0,Creciente,1
9,2025-02-17 11:04:09,1939200.0,6,40,Empleado,3000000,1500000,264523,95.227787,759.0,10,7,0.0,39686.0,39686.0,0.0,8,0,1,1699104.0,Decreciente,1
4,2025-01-10 09:53:33,2559480.0,12,41,Empleado,3000000,1500000,200583,95.227787,767.0,6,4,0.0,20695.0,20695.0,0.0,1,0,5,2057961.0,Creciente,1
9,2025-03-02 17:56:50,5483210.399999999,8,39,Empleado,3000000,1600000,571389,95.227787,785.0,1,2,0.0,1942.0,1942.0,0.0,0,0,1,,,1
4,2025-09-24 15:52:58,606363.6,6,48,Empleado,2120000,230000,91125,95.227787,783.0,4,3,0.0,5968.0,5968.0,0.0,0,0,4,988243.0,Creciente,1
9,2025-05-09 17:42:06,964018.7999999999,9,49,Independiente,2100000,700000,90247,95.227787,793.0,0,2,0.0,0.0,,,0,0,0,,,1
4,2025-10-03 15:15:58,2416800.0,6,59,Independiente,0,0,366270,95.227787,764.0,4,3,0.0,3593.0,3593.0,0.0,0,0,4,,,1
4,2025-04-13 09:45:14,924000.0,8,59,Empleado,1000000,160000,105559,95.227787,832.0,3,0,0.0,2536.0,2536.0,0.0,2,0,1,939017.0,Creciente,1
4,2026-01-23 18:20:20,2976120.0,24,61,Empleado,4013000,1304000,143775,95.227787,800.0,10,3,0.0,15153.0,15153.0,0.0,2,1,5,,,1
4,2025-01-18 14:44:11,910080.0,12,61,Independiente,1300000,200000,71322,95.227787,755.0,5,0,0.0,32988.0,30000.0,0.0,2,1,1,,,1
4,2025-09-10 14:39:44,545280.0,6,57,Independiente,1562000,213000,81950,95.227787,800.0,2,3,0.0,0.0,0.0,0.0,0,0,0,977131.0,Creciente,1
4,2025-04-19 12:56:30,2792100.0,12,60,Empleado,3000000,1000000,219360,95.227787,766.0,7,6,0.0,15050.0,15050.0,0.0,4,0,3,939017.0,Creciente,1
9,2025-11-12 10:25:51,1071649.2,4,56,Independiente,2730000,127000,218553,95.227787,888.0,8,3,0.0,465.0,465.0,0.0,2,0,2,,,1
4,2025-01-23 12:59:04,2138400.0,10,53,Independiente,1500000,400000,197347,95.227787,734.0,5,9,0.0,13885.0,13885.0,0.0,0,2,0,,,1
4,2025-01-19 16:12:02,1436400.0,24,48,Empleado,1000000,600000,63131,95.227787,807.0,3,3,0.0,0.0,0.0,0.0,3,0,0,1197944.0,Creciente,1
9,2025-05-30 18:09:48,2411011.1999999997,10,39,Independiente,1800000,800000,205243,95.227787,796.0,4,3,0.0,19853.0,19853.0,0.0,0,1,1,,,1
9,2025-06-05 16:20:05,1573416.0,9,45,Empleado,1700000,1200000,147436,95.227787,776.0,6,3,0.0,25461.0,25461.0,0.0,4,0,0,1588194.0,Creciente,1
4,2025-05-25 16:47:26,880800.0,12,39,Empleado,1100000,128000,70262,95.227787,743.0,5,3,0.0,4318.0,2909.0,0.0,1,0,4,994188.0,Decreciente,1
4,2025-10-11 16:36:46,4680000.0,36,53,Independiente,4730000,646000,165305,95.227787,798.0,9,4,0.0,12667.0,12667.0,0.0,1,2,2,,,1
4,2025-08-04 14:20:18,1091880.0,6,55,Empleado,1911153,410000,164348,95.227787,695.0,7,5,0.0,9338.0,9338.0,0.0,5,0,0,2097374.0,Creciente,1
4,2025-05-02 08:20:58,1852200.0,12,45,Independiente,1400000,100000,146851,95.227787,788.0,13,4,0.0,4361.0,4361.0,0.0,3,0,7,,,1
9,2025-04-04 08:44:44,5713136.399999999,11,40,Independiente,3000000,1500000,445259,95.227787,788.0,8,5,0.0,8654.0,8654.0,0.0,3,0,4,,,1
4,2025-08-14 11:28:33,3004992.0,6,50,Independiente,3260000,1163000,450039,95.227787,843.0,9,4,0.0,18458.0,18458.0,0.0,8,0,0,,,1
9,2025-06-27 15:28:11,1852965.5999999999,9,50,Independiente,3000000,1000000,173714,95.227787,812.0,4,5,0.0,5000.0,5000.0,0.0,2,0,2,,,1
4,2025-01-30 17:42:36,1120450.8,6,41,Independiente,2000000,800000,166682,95.227787,769.0,9,3,0.0,25979.0,25979.0,0.0,6,0,2,90900.0,Creciente,1
4,2025-12-10 15:49:22,1611570.0,12,57,Independiente,2981000,0,134114,95.227787,844.0,2,2,0.0,0.0,0.0,0.0,1,0,0,1000000.0,Estable,1
9,2025-09-20 12:08:30,1408394.4,9,57,Empleado,2135000,480000,133237,95.227787,772.0,9,2,0.0,14787.0,7858.0,0.0,2,2,3,1378976.0,Creciente,1
4,2025-02-28 12:11:21,1258714.8,12,57,Independiente,3000000,1500000,99502,95.227787,797.0,1,5,0.0,2891.0,2891.0,0.0,0,0,1,434074.0,Creciente,1
4,2024-12-19 17:30:25,718800.0,10,56,Empleado,2200000,1500000,66468,95.227787,770.0,8,3,0.0,225800.0,173776.0,0.0,5,1,1,,,1
9,2025-02-06 14:30:04,3528025.1999999997,9,59,Empleado,3500000,1500000,329487,95.227787,833.0,6,8,0.0,40885.0,40885.0,0.0,6,0,0,1191666.0,Creciente,1
4,2025-02-04 10:24:40,490320.0,6,55,Independiente,1200000,500000,72776,-4.727537,726.0,6,12,0.0,1074.0,1074.0,0.0,0,0,6,,,0
9,2025-09-17 09:04:37,2194588.8,5,55,Empleado,4206000,1162000,358516,95.227787,892.0,6,1,0.0,256335.0,70835.0,0.0,4,0,0,,,1
4,2025-01-06 11:52:33,4398841.2,12,55,Empleado,5000000,1500000,305475,89.629386,726.0,17,3,0.0,57142.0,0.0,0.0,7,0,7,1318255.0,Creciente,1
9,2025-07-18 09:51:44,2084379.5999999999,9,55,Empleado,3000000,2000000,197911,95.227787,879.0,2,2,0.0,609.0,609.0,0.0,1,0,0,1060000.0,Estable,1
9,2025-06-05 16:24:05,2584164.0,10,60,Independiente,2560000,1250000,219983,95.227787,807.0,2,0,0.0,56262.0,56262.0,0.0,0,0,1,,,1
9,2025-09-11 16:55:58,2015077.2,11,54,Empleado,12800000,6367000,159204,95.227787,802.0,26,5,0.0,295420.0,155986.0,0.0,14,1,9,7216666.0,Decreciente,1
4,2025-08-24 11:42:37,1194000.0,6,55,Empleado,1930000,937000,180339,95.227787,799.0,5,4,0.0,8757.0,8757.0,0.0,2,0,3,969508.0,Creciente,1
9,2025-05-10 12:01:02,3084340.8,10,53,Independiente,3000000,2000000,262286,95.227787,801.0,12,5,0.0,33541.0,20950.0,0.0,6,3,1,,,1
9,2025-06-15 12:38:15,1571625.5999999999,9,53,Empleado,3000000,1000000,147268,91.410695,849.0,4,5,0.0,16893.0,16893.0,0.0,2,0,0,1845454.0,Creciente,1
4,2025-02-09 15:37:31,3293760.0,24,54,Empleado,2686000,1000000,144322,95.227787,863.0,7,5,0.0,2682.0,2682.0,0.0,1,0,4,3358504.0,Decreciente,1
4,2025-05-13 11:28:38,1848000.0,6,53,Independiente,2800000,900000,275394,95.227787,855.0,6,3,0.0,19866.0,19866.0,0.0,5,0,1,1000000.0,Estable,1
10,2024-12-01 12:37:40,3365400.0,6,53,Empleado,1000000,200000,499512,95.227787,791.0,1,0,0.0,0.0,0.0,0.0,0,0,0,867832.0,Estable,1
4,2025-02-18 16:54:03,696000.0,12,52,Empleado,2900000,500000,54839,95.227787,833.0,5,3,0.0,56310.0,46394.0,0.0,3,0,2,3044054.0,Creciente,1
4,2025-02-09 15:31:09,2130457.1999999997,12,53,Empleado,1400000,300000,167863,95.227787,774.0,3,3,0.0,426.0,426.0,0.0,0,0,3,1184598.0,Creciente,1
9,2025-06-21 16:02:15,2194539.6,4,52,Empleado,2500000,1500000,441430,95.227787,792.0,5,5,0.0,74832.0,74832.0,0.0,3,1,1,2950725.0,Decreciente,1
4,2025-02-17 18:57:55,2659140.0,12,53,Empleado,2000000,200000,208654,95.227787,880.0,7,2,0.0,26138.0,26138.0,0.0,4,2,0,1293906.0,Estable,1
4,2025-03-29 08:21:11,3923674.8,36,51,Empleado,1500000,80000,130316,95.227787,786.0,5,3,0.0,21446.0,21446.0,0.0,2,0,1,,,1
4,2026-02-11 18:39:17,8857200.0,36,51,Empleado,2310000,583000,338078,95.227787,812.0,7,0,0.0,1324.0,1324.0,0.0,2,1,2,309334.0,Decreciente,1
4,2025-12-25 14:53:32,2091120.0,12,54,Independiente,2353000,0,172463,95.227787,842.0,1,1,0.0,0.0,0.0,0.0,1,0,0,,,1
9,2025-10-16 16:14:28,2569764.0,10,50,Empleado,5220000,1574000,222787,95.227787,890.0,9,2,0.0,91716.0,91716.0,0.0,5,0,0,1000000.0,Creciente,1
9,2025-02-06 18:13:51,2380070.4,11,51,Empleado,6000000,4000000,185176,92.228643,782.0,15,7,0.0,106637.0,106637.0,0.0,11,0,3,9216425.0,Creciente,1
4,2024-12-03 11:14:23,1660500.0,18,50,Independiente,3000000,1500000,91795,95.227787,874.0,0,3,0.0,0.0,,,0,0,0,1531700.0,Creciente,1
10,2024-12-28 14:02:52,2845080.0,6,51,Independiente,5000000,100000,422267,95.227787,807.0,3,4,0.0,1926.0,1926.0,0.0,1,0,2,,,1
9,2025-06-06 14:23:58,1493632.8,9,51,Independiente,3480000,2350000,139960,95.227787,825.0,8,6,0.0,13558.0,13558.0,0.0,5,0,1,402180.0,Creciente,1
9,2025-02-28 16:54:37,4260195.6,11,50,Empleado,4000000,2000000,331833,95.227787,776.0,5,3,0.0,4238.0,4238.0,0.0,3,0,1,,,1
4,2025-01-20 16:57:18,366964.8,6,51,Independiente,1500000,300000,54467,95.227787,774.0,5,2,0.0,1113.0,1113.0,0.0,2,0,2,727028.0,Creciente,1
4,2025-02-20 12:00:36,2400000.0,12,50,Empleado,1500000,700000,189100,71.297103,730.0,5,4,0.0,22565.0,22565.0,0.0,2,1,0,1163622.0,Decreciente,1
9,2025-04-16 15:18:35,2810962.8,9,50,Empleado,1500000,500000,262897,95.227787,773.0,0,0,0.0,0.0,,,0,0,0,,,1
9,2025-02-28 15:40:35,1223006.4,10,49,Independiente,10000000,4000000,103839,91.99794,848.0,7,7,0.0,18928.0,18928.0,0.0,5,0,0,,,1
4,2024-12-01 08:49:07,1800000.0,24,48,Empleado,1600000,450000,78689,95.227787,760.0,8,1,0.0,6491.0,6491.0,0.0,3,0,5,,,1
9,2026-02-05 15:33:06,3217939.1999999997,11,49,Independiente,4320000,1010000,264132,95.227787,786.0,3,1,0.0,5708.0,5708.0,0.0,1,0,0,,,1
4,2025-02-24 18:49:23,1496112.0,12,49,Empleado,1200000,500000,117541,95.227787,862.0,4,2,0.0,8938.0,8938.0,0.0,4,0,0,1000000.0,Creciente,1
4,2024-12-02 16:35:22,1387028.4,12,49,Empleado,1400000,500000,108881,95.227787,820.0,6,1,0.0,2849.0,2849.0,0.0,3,0,3,1084812.0,Creciente,1
4,2025-02-07 18:54:25,8404800.0,36,48,Empleado,9500000,3000000,271707,95.227787,821.0,17,9,0.0,140291.0,136873.0,0.0,13,0,2,923771.0,Creciente,1
9,2025-02-12 12:13:40,909874.7999999999,10,49,Empleado,1500000,800000,77171,89.2295,729.0,8,4,0.0,44206.0,44206.0,0.0,7,0,0,1639853.0,Creciente,1
4,2025-03-27 08:26:24,360000.0,6,48,Independiente,800000,100000,53652,95.227787,782.0,1,3,0.0,7.0,7.0,0.0,1,0,0,1403704.0,173031,1
9,2024-12-12 17:12:54,2332394.4,10,47,Empleado,0,0,197512,95.227787,726.0,6,1,631.0,138971.0,138971.0,,2,0,3,,,1
10,2025-05-01 18:35:20,1200000.0,6,48,Empleado,1000000,350000,178838,95.227787,791.0,1,2,0.0,40190.0,40190.0,0.0,0,1,0,956288.0,Creciente,1
4,2024-12-10 15:46:17,1889520.0,12,51,Empleado,1300000,650000,148326,95.227787,872.0,3,2,0.0,5034.0,5034.0,0.0,2,0,1,1273610.0,Creciente,1
9,2025-11-05 14:31:23,2814468.0,5,49,Independiente,6500000,5500000,464852,95.227787,655.0,10,2,0.0,155030.0,137646.0,0.0,4,0,4,4772350.0,Creciente,1
9,2025-02-04 13:46:26,1247500.8,9,47,Independiente,3000000,1500000,116506,95.227787,839.0,13,12,0.0,639984.0,267554.0,0.0,9,2,1,2319300.0,Creciente,1
4,2025-03-07 15:49:51,1834800.0,12,47,Empleado,1500000,300000,144150,95.227787,753.0,11,3,0.0,11654.0,11654.0,0.0,2,0,7,925157.0,Creciente,1
4,2025-04-29 16:18:13,547920.0,6,48,Independiente,3800000,500000,82066,95.227787,779.0,8,3,0.0,57317.0,57317.0,0.0,1,1,5,,,1
4,2025-10-20 13:57:54,4800000.0,24,49,Independiente,4450000,299000,224923,95.227787,831.0,1,2,0.0,280.0,280.0,0.0,1,0,0,,,1
4,2024-11-29 14:45:10,1319880.0,12,47,Independiente,1500000,600000,103610,95.227787,783.0,6,1,0.0,5022.0,5022.0,0.0,2,0,3,454263.0,Estable,1
10,2025-03-25 11:08:30,762000.0,6,47,Empleado,3000000,1000000,113249,95.227787,790.0,4,2,0.0,247.0,247.0,0.0,0,0,2,848330.0,Creciente,1
4,2025-02-23 18:20:57,2572680.0,24,46,Independiente,3000000,300000,112709,95.227787,788.0,12,8,0.0,27221.0,27221.0,0.0,5,0,5,,,1
4,2025-01-16 17:24:01,960000.0,12,46,Empleado,1000000,200000,75547,92.228643,759.0,3,5,0.0,602.0,602.0,0.0,0,0,2,830652.0,Creciente,1
9,2025-05-31 19:02:26,2659106.4,9,46,Empleado,3000000,1200000,249170,95.227787,844.0,7,3,0.0,74905.0,74905.0,0.0,2,0,0,,,1
4,2024-12-28 16:28:33,3254400.0,6,47,Empleado,3500000,400000,483037,95.227787,808.0,6,3,0.0,9424.0,9424.0,0.0,3,0,1,454263.0,Estable,1
9,2024-12-12 12:57:29,2073067.2,10,46,Empleado,1500000,400000,175551,95.227787,845.0,9,5,0.0,200024.0,101758.0,0.0,7,0,0,961521.0,Creciente,1
4,2025-01-12 14:10:19,859302.0,6,46,Empleado,3000000,1000000,127746,95.227787,865.0,4,3,0.0,90882.0,90882.0,0.0,2,0,0,3172637.0,Creciente,1
4,2025-03-15 14:51:11,1145280.0,6,46,Empleado,5000000,2000000,170213,95.227787,875.0,3,2,0.0,81.0,81.0,0.0,2,0,0,17279743.0,Decreciente,1
4,2025-04-16 19:46:47,1663080.0,12,45,Independiente,2000000,1000000,130875,46.387527,794.0,5,5,0.0,4063.0,4063.0,0.0,1,0,2,813887.0,Creciente,0
9,2024-12-08 08:42:11,1387762.8,9,43,Empleado,6000000,4000000,129419,95.227787,841.0,8,0,0.0,120873.0,120873.0,,3,0,1,,,1
4,2024-12-24 14:01:34,896280.0,12,44,Independiente,2000000,300000,70323,95.227787,783.0,1,0,0.0,0.0,0.0,0.0,0,0,0,1180160.0,Decreciente,1
4,2024-12-08 12:09:49,1672112.4,12,46,Independiente,2300000,690000,131260,95.227787,838.0,2,3,0.0,19554.0,19554.0,0.0,0,1,1,905965.0,Creciente,1
9,2025-05-15 09:54:37,2039778.0,9,45,Independiente,1800000,700000,193029,95.227787,823.0,2,2,0.0,1114.0,1114.0,0.0,2,0,0,,,1
10,2024-12-23 14:21:33,618720.0,10,44,Independiente,1500000,500000,57193,95.227787,792.0,3,1,0.0,891.0,891.0,0.0,1,0,1,,,1
9,2025-08-02 16:58:20,936592.7999999999,11,46,Empleado,3100000,1550000,73369,95.227787,748.0,5,7,0.0,8223.0,8223.0,0.0,4,0,0,961885.0,Creciente,1
9,2026-01-01 19:03:20,2148955.1999999997,2,36,Empleado,2169000,0,857651,95.227787,789.0,0,0,0.0,0.0,,,0,0,0,,,1
4,2025-07-15 19:36:18,1297773.5999999999,12,45,Independiente,3000000,1200000,104661,95.227787,732.0,12,4,0.0,22763.0,22763.0,0.0,5,0,7,,,1
4,2025-01-31 18:36:59,910800.0,12,44,Empleado,2000000,900000,71467,95.227787,753.0,9,5,0.0,17919.0,17919.0,0.0,1,1,6,1869545.0,Creciente,1
4,2025-07-29 17:12:42,2807880.0,6,50,Independiente,908526,4078000,420556,95.227787,800.0,10,11,0.0,252859.0,203616.0,0.0,3,2,2,941789.0,Creciente,1
4,2025-09-26 18:25:50,960000.0,6,57,Independiente,1660000,300000,145483,95.227787,813.0,0,2,0.0,0.0,,,0,0,0,,,1
10,2025-06-05 13:57:14,1528560.0,18,51,Independiente,2500000,700000,85702,95.227787,722.0,15,5,0.0,19760.0,19413.0,0.0,4,1,8,954263.0,Creciente,1
10,2025-10-11 18:06:03,626235.6,6,50,Independiente,2180000,563000,94586,95.227787,747.0,3,4,0.0,4157.0,4157.0,0.0,1,0,0,,,1
4,2025-03-25 13:31:26,525982.7999999999,6,43,Independiente,1800000,300000,78383,95.227787,776.0,4,4,0.0,1909.0,1909.0,0.0,2,0,1,,,1
4,2025-09-14 10:46:45,1423800.0,12,55,Independiente,1562000,191000,116370,95.227787,776.0,3,2,0.0,376.0,376.0,0.0,0,0,3,,,1
4,2025-07-10 14:02:45,1809360.0,12,54,Independiente,2000000,0,145305,95.227787,759.0,7,3,0.0,6568.0,6568.0,0.0,2,1,3,954263.0,Creciente,1
4,2025-02-04 11:34:19,2138400.0,12,54,Empleado,4500000,1200000,167793,95.227787,857.0,11,2,0.0,162300.0,160971.0,0.0,7,0,3,461885.0,Creciente,1
4,2024-12-25 15:33:41,806400.0,6,54,Empleado,2000000,500000,119718,95.227787,797.0,11,3,0.0,14852.0,14852.0,0.0,8,1,1,3659808.0,Creciente,1
4,2025-07-01 14:09:27,3983520.0,18,54,Empleado,2000000,700000,219430,95.227787,784.0,12,5,0.0,7419.0,7419.0,0.0,1,0,10,,,1
9,2025-04-23 12:08:10,1540630.8,9,55,Independiente,3500000,1100000,144226,84.730786,824.0,1,3,0.0,9352.0,0.0,0.0,0,0,1,,,1
4,2025-04-14 17:46:18,600000.0,6,55,Independiente,1800000,1200000,89560,89.2295,768.0,1,2,0.0,214.0,214.0,0.0,0,0,1,,,1
4,2025-01-13 18:36:45,1105800.0,6,34,Empleado,3500000,500000,163957,95.227787,848.0,4,5,0.0,87200.0,87200.0,0.0,3,0,1,,,1
9,2025-06-07 10:11:15,3163952.4,10,53,Empleado,2400000,1900000,269338,95.227787,792.0,0,0,0.0,0.0,,,0,0,0,,,1
4,2024-12-13 17:03:57,2962020.0,6,55,Empleado,12000000,2000000,439439,95.227787,855.0,1,7,0.0,718.0,718.0,0.0,1,0,0,908526.0,Estable,1
4,2025-01-01 15:00:32,1477080.0,12,52,Empleado,1000000,150000,102575,95.227787,730.0,7,2,0.0,1350.0,1350.0,0.0,0,0,7,916148.0,Creciente,1
10,2024-12-23 18:10:52,5420760.0,24,52,Independiente,3500000,500000,236945,95.227787,745.0,13,8,0.0,33289.0,15815.0,0.0,5,1,4,,,1
4,2025-07-29 14:46:35,1648836.0,6,60,Independiente,2170000,1221000,246936,95.227787,837.0,5,5,0.0,32776.0,32776.0,0.0,0,1,2,,,1
4,2025-05-16 18:58:09,3681720.0,10,55,Empleado,2200000,1000000,341172,95.227787,816.0,5,3,0.0,39055.0,22102.0,0.0,2,3,0,2087079.0,Creciente,1
4,2025-01-16 16:07:09,957480.0,10,52,Empleado,2800000,600000,88549,95.227787,729.0,4,5,0.0,7781.0,7781.0,0.0,2,0,1,,,1
4,2025-09-06 18:48:58,8496000.0,18,49,Independiente,5000000,2716000,484871,95.227787,812.0,5,1,0.0,155921.0,146940.0,0.0,1,2,1,,,1
4,2025-03-01 16:15:53,2191200.0,12,44,Empleado,2500000,500000,172364,95.227787,813.0,2,5,0.0,100505.0,100505.0,0.0,1,1,0,2414364.0,Creciente,1
4,2025-03-26 14:17:22,6262920.0,12,57,Independiente,2500000,900000,492042,95.227787,813.0,13,8,0.0,37880.0,37880.0,0.0,4,2,4,,,1
4,2025-07-05 11:35:53,684600.0,6,54,Independiente,3800000,900000,103156,95.227787,787.0,7,3,0.0,72167.0,72167.0,0.0,4,1,1,908526.0,Estable,1
4,2025-03-18 18:05:37,617460.0,6,54,Independiente,8000000,3000000,91710,95.227787,747.0,6,7,0.0,4433.0,1916.0,0.0,0,0,6,,,1
9,2025-07-11 13:48:01,538680.0,3,51,Independiente,5000000,2000000,143094,95.227787,812.0,2,2,0.0,78029.0,78029.0,0.0,1,0,0,,,1
4,2025-12-17 16:47:01,864000.0,8,46,Empleado,2030000,0,102471,95.227787,772.0,2,2,0.0,1689.0,1689.0,0.0,1,0,0,1210069.0,Creciente,1
9,2025-01-20 10:23:13,1965648.0,9,43,Independiente,3500000,1000000,183575,95.227787,752.0,18,7,0.0,89898.0,85990.0,0.0,4,3,7,,,1
9,2024-12-12 14:26:40,931166.4,9,54,Independiente,5000000,2500000,86838,-12.801019,766.0,8,3,0.0,2773.0,2773.0,0.0,3,0,5,905453.0,Creciente,0
4,2025-06-29 12:48:19,628560.0,6,53,Independiente,6000000,3000000,93188,95.227787,716.0,29,8,0.0,41923.0,41923.0,0.0,6,0,21,,,1
4,2025-08-09 18:55:35,3114598.8,6,52,Independiente,1000000,760000,468805,95.227787,864.0,5,3,0.0,678.0,678.0,0.0,4,0,0,969508.0,Creciente,1
4,2025-04-29 17:35:30,1864800.0,10,50,Independiente,3500000,700000,173908,95.227787,897.0,4,2,0.0,0.0,0.0,0.0,1,0,1,,,1
9,2025-04-17 10:40:17,1700290.8,9,49,Empleado,7000000,4000000,159173,95.227787,874.0,12,2,0.0,287464.0,287464.0,0.0,11,0,1,6800909.0,Creciente,1
4,2025-01-23 17:34:46,1740000.0,24,48,Independiente,2500000,650000,76490,95.227787,803.0,1,2,0.0,0.0,0.0,0.0,0,0,0,908526.0,Estable,1
9,2025-02-21 15:45:02,4100353.1999999997,3,47,Empleado,5000000,4000000,1087937,84.730786,852.0,13,3,0.0,577563.0,180100.0,0.0,10,0,0,9767241.0,Creciente,1
9,2025-02-26 11:49:19,1867500.0,10,46,Empleado,3500000,1500000,158559,95.227787,808.0,2,2,0.0,3002.0,3002.0,0.0,1,0,0,923771.0,Creciente,1
4,2025-05-09 14:33:05,3393390.0,24,45,Empleado,4500000,400000,149172,95.227787,793.0,9,11,0.0,75346.0,68608.0,0.0,5,2,1,2659205.0,Decreciente,1
4,2025-06-07 15:50:11,511200.0,6,46,Empleado,2300000,350000,76031,89.2295,698.0,4,9,0.0,1367.0,1367.0,0.0,0,0,4,994444.0,Creciente,1
4,2025-03-15 16:46:17,1909200.0,6,44,Empleado,1900000,800000,284532,95.227787,823.0,2,5,0.0,19133.0,19133.0,0.0,2,0,0,2360647.0,Decreciente,1
4,2025-01-03 13:16:16,1320000.0,6,44,Empleado,2200000,1000000,196234,95.227787,741.0,2,8,0.0,5567.0,5567.0,0.0,1,0,1,2070000.0,Estable,1
9,2025-06-14 08:27:56,2676432.0,10,50,Empleado,5000000,3000000,227837,95.227787,780.0,6,4,0.0,146182.0,146182.0,0.0,3,0,0,,,1
4,2025-09-11 13:39:46,2019000.0,6,39,Empleado,1570000,251000,304945,95.227787,819.0,6,7,0.0,5961.0,5961.0,0.0,4,0,1,908526.0,Decreciente,1
9,2025-07-06 14:24:56,5170490.399999999,9,45,Empleado,2000000,1000000,484730,95.227787,713.0,2,1,0.0,102.0,102.0,0.0,0,0,1,954263.0,Creciente,1
9,2026-01-18 15:36:31,2685423.6,10,47,Empleado,2378000,1108000,239268,95.227787,815.0,3,6,0.0,70753.0,70753.0,0.0,2,0,1,,,1
4,2025-03-25 13:12:52,636000.0,6,47,Independiente,1250000,0,94784,95.227787,823.0,2,3,0.0,107.0,107.0,0.0,0,0,2,,,1
4,2025-02-08 15:28:42,1368000.0,12,66,Independiente,1000000,100000,107787,95.227787,757.0,1,2,0.0,155.0,155.0,0.0,0,0,1,,,1
4,2025-03-18 16:08:38,1116120.0,12,51,Empleado,1100000,0,88230,95.227787,805.0,5,2,0.0,99742.0,99742.0,0.0,1,1,1,1072678.0,Creciente,1
4,2025-02-14 11:57:54,1200000.0,12,53,Empleado,1200000,100000,94550,95.227787,825.0,4,3,0.0,1098.0,1098.0,0.0,1,0,2,,,1
4,2025-03-06 17:46:36,3087000.0,12,51,Independiente,3500000,1500000,242528,95.227787,846.0,6,6,0.0,25805.0,25805.0,0.0,4,0,2,1569526.0,Creciente,1
4,2025-11-04 13:41:44,3600000.0,6,50,Empleado,5840000,2180000,548330,95.227787,831.0,5,4,0.0,43476.0,43476.0,0.0,2,1,0,992377.0,Creciente,1
4,2025-11-23 17:19:47,390663.6,6,50,Empleado,1430000,72000,59405,95.227787,771.0,3,1,0.0,324.0,324.0,0.0,1,0,2,992377.0,Creciente,1
4,2025-03-29 17:21:56,592800.0,12,49,Independiente,4000000,1500000,46573,91.99794,704.0,9,4,0.0,25170.0,22885.0,0.0,6,0,3,,,1
4,2025-04-14 11:52:00,1193160.0,12,49,Empleado,2600000,850000,94590,95.227787,831.0,5,6,0.0,11438.0,11438.0,0.0,3,0,0,2447454.0,Decreciente,1
9,2025-03-19 12:57:22,1536949.2,9,48,Independiente,3000000,700000,143744,95.227787,864.0,4,7,0.0,90251.0,90251.0,0.0,2,0,1,,,1
4,2024-12-31 17:00:00,929220.0,12,47,Empleado,3250000,2000000,72822,95.227787,761.0,10,2,0.0,44144.0,44144.0,0.0,7,0,0,2717476.0,Creciente,1
4,2025-05-25 11:16:16,2160000.0,8,50,Empleado,1300000,500000,247840,95.227787,769.0,15,3,0.0,29413.0,29413.0,0.0,3,0,10,946640.0,Creciente,1
4,2025-07-05 12:49:32,7848000.0,6,49,Empleado,10000000,4500000,1179803,95.227787,834.0,7,3,0.0,93770.0,92947.0,0.0,5,0,1,14030061.0,Creciente,1
9,2025-03-12 16:52:49,5180047.2,11,48,Independiente,22000000,121150000,403482,68.29796,747.0,9,13,0.0,183083.0,183083.0,0.0,6,0,1,378553.0,Creciente,1
9,2025-05-18 15:03:25,1424618.4,9,47,Empleado,2000000,800000,133493,95.227787,729.0,12,8,0.0,25763.0,25763.0,0.0,7,0,5,1110584.0,Creciente,1
9,2025-05-22 12:37:55,2100024.0,10,46,Empleado,2000000,1600000,178769,95.227787,802.0,7,3,0.0,2203.0,2203.0,0.0,2,0,3,1818750.0,Creciente,1
4,2025-10-27 12:39:27,960289.2,6,25,Empleado,5670000,3989000,146988,95.227787,725.0,14,2,0.0,139243.0,112701.0,0.0,2,7,5,5476666.0,Decreciente,1
9,2025-05-21 10:15:18,1874664.0,9,45,Empleado,2000000,1000000,175664,95.227787,811.0,3,1,0.0,2312.0,2312.0,0.0,1,0,0,1758333.0,Creciente,1
9,2025-02-20 18:39:35,1756839.5999999999,11,43,Independiente,3200000,1400000,136843,95.227787,754.0,4,7,0.0,62579.0,62579.0,0.0,1,0,3,,,1
4,2025-01-23 08:17:53,1477755.5999999999,6,42,Independiente,1900000,500000,219700,95.227787,859.0,5,7,0.0,11095.0,11095.0,0.0,5,0,0,433334.0,Estable,1
4,2025-08-27 16:40:33,1200000.0,8,42,Empleado,1540000,290000,137673,95.227787,772.0,4,6,0.0,2555.0,2555.0,0.0,0,0,4,966667.0,Creciente,1
4,2025-08-11 11:59:23,2230800.0,6,41,Empleado,5082586,3477000,336148,95.227787,818.0,4,3,0.0,52233.0,52233.0,0.0,2,0,0,5336697.0,Creciente,1
4,2025-01-07 13:24:17,936000.0,18,40,Empleado,1300000,200000,51928,95.227787,754.0,8,6,0.0,90862.0,27296.0,0.0,2,3,0,908526.0,Estable,1
9,2025-03-07 11:56:56,3110310.0,9,40,Empleado,4000000,1850000,290754,95.227787,792.0,9,11,0.0,26456.0,22100.0,0.0,2,0,3,1477987.0,Creciente,1
4,2025-06-10 16:18:16,1560000.0,8,42,Empleado,2800000,450000,178996,95.227787,790.0,7,9,0.0,14152.0,14152.0,0.0,2,0,3,873600.0,Creciente,1
4,2024-11-29 18:09:36,2400000.0,8,41,Empleado,2700000,700000,272314,95.227787,845.0,6,3,0.0,15106.0,15106.0,0.0,3,0,2,2700000.0,Estable,1
4,2025-01-15 08:13:50,3355632.0,36,41,Empleado,1500000,700000,107955,95.227787,754.0,8,3,0.0,11127.0,11127.0,0.0,1,0,7,1576294.0,Decreciente,1
4,2025-01-10 18:53:26,2757240.0,6,41,Empleado,1000000,420000,409246,95.227787,847.0,4,3,0.0,15306.0,7639.0,0.0,0,3,0,1157448.0,Creciente,1
4,2025-01-03 17:45:13,495600.0,6,40,Empleado,6000000,3000000,73509,95.227787,798.0,7,4,0.0,11702.0,11702.0,0.0,3,0,3,4350519.0,Creciente,1
4,2025-12-10 16:45:57,1435173.5999999999,12,40,Empleado,3190000,629000,119424,95.227787,767.0,4,3,0.0,22333.0,22333.0,0.0,0,1,2,1000000.0,Creciente,1
4,2025-04-12 07:27:35,1626294.0,12,38,Empleado,5000000,1500000,128927,95.227787,802.0,13,11,0.0,414337.0,414337.0,0.0,7,1,0,5343984.0,Decreciente,1
4,2025-06-09 16:01:32,1311600.0,8,38,Independiente,3800000,1800000,151194,95.227787,738.0,8,3,0.0,39370.0,32454.0,0.0,0,2,5,1319677.0,Creciente,1
9,2025-10-15 12:05:29,4626270.0,10,37,Empleado,2280000,256000,401077,95.227787,859.0,4,3,0.0,261407.0,14993.0,0.0,4,0,0,3342541.0,Creciente,1
9,2024-12-05 13:09:49,1842870.0,10,36,Empleado,1800000,600000,156058,95.227787,795.0,3,5,0.0,298.0,298.0,0.0,1,0,1,1500000.0,Estable,1
4,2025-06-24 17:39:10,4977703.2,36,37,Empleado,3600000,100000,170953,95.227787,733.0,2,5,0.0,12821.0,12821.0,0.0,1,0,0,759986.0,Creciente,1
4,2025-07-05 15:28:10,1963200.0,6,37,Empleado,1900000,800000,291057,95.227787,763.0,3,4,0.0,160.0,160.0,0.0,0,0,2,961885.0,Creciente,1
4,2025-06-03 19:14:05,3169800.0,12,37,Empleado,3500000,1000000,249651,95.227787,802.0,10,2,0.0,58714.0,58714.0,0.0,4,0,5,3659090.0,Estable,1
4,2025-01-23 18:34:13,3840000.0,36,38,Empleado,1600000,800000,124138,95.227787,747.0,7,7,0.0,19485.0,19485.0,0.0,3,0,1,908526.0,Decreciente,1
6,2025-09-22 14:30:45,1107804.0,10,38,Empleado,1500000,0,105864,95.227787,781.0,5,5,0.0,13732.0,13732.0,0.0,3,0,2,1079333.0,Decreciente,1
9,2025-01-15 11:19:22,442560.0,8,38,Independiente,5000000,2000000,46078,95.227787,706.0,10,0,0.0,42188.0,42188.0,,4,0,1,,,1
9,2025-03-28 13:08:50,1709262.0,10,37,Empleado,4000000,1200000,145200,69.456282,722.0,6,13,0.0,37083.0,37083.0,0.0,2,0,4,1060215.0,Creciente,1
9,2025-11-07 16:43:51,6303169.2,9,37,Empleado,6560000,4094000,607120,88.229786,795.0,11,4,0.0,271020.0,232729.0,0.0,6,2,2,,,1
9,2024-12-18 08:51:55,767424.0,9,36,Empleado,3000000,1000000,71568,95.227787,804.0,10,11,0.0,179986.0,179986.0,0.0,7,0,2,3673296.0,Decreciente,1
4,2024-12-16 13:00:43,1860046.8,18,37,Empleado,1750000,120000,102827,92.603537,806.0,3,2,0.0,22868.0,2071.0,0.0,1,1,0,908526.0,Estable,1
9,2025-01-24 18:06:06,1697199.5999999999,10,38,Empleado,4000000,2000000,143949,95.227787,775.0,2,4,0.0,131.0,131.0,0.0,0,0,1,1148719.0,Creciente,1
4,2024-11-30 16:43:01,3518400.0,36,37,Empleado,7000000,500000,113514,95.227787,842.0,3,3,0.0,57344.0,57344.0,0.0,3,0,0,5270833.0,Creciente,1
4,2025-03-26 14:30:32,1953000.0,12,37,Empleado,2000000,190000,154369,95.227787,765.0,9,5,0.0,22509.0,22509.0,0.0,5,1,1,2611165.0,Creciente,1
4,2025-01-14 13:35:39,1631466.0,12,38,Empleado,1250000,500000,128387,88.229786,759.0,2,3,0.0,11865.0,11865.0,0.0,2,0,0,1405690.0,Creciente,1
9,2025-03-12 15:36:57,1908892.7999999998,9,37,Empleado,2000000,900000,178445,95.227787,833.0,5,7,0.0,16044.0,16044.0,0.0,3,0,2,1305583.0,Creciente,1
9,2025-05-16 16:28:40,3011421.6,10,37,Independiente,1800000,800000,256085,95.227787,795.0,4,8,0.0,12289.0,12289.0,0.0,3,0,1,1432012.0,Creciente,1
9,2025-08-30 09:09:35,3229918.8,11,37,Empleado,1000000,0,255184,95.227787,770.0,1,0,0.0,0.0,0.0,,0,0,1,,,1
9,2025-01-18 12:17:37,2160248.4,11,38,Empleado,6000000,2000000,182688,95.227787,791.0,9,11,0.0,190293.0,190293.0,0.0,3,0,2,8292330.0,Creciente,1
9,2025-09-26 12:46:59,3798026.4,10,37,Empleado,4690000,1910000,326712,95.227787,775.0,7,4,0.0,160071.0,130829.0,0.0,4,0,2,,,1
4,2025-01-26 15:14:09,2520000.0,6,38,Empleado,3500000,1200000,374884,95.227787,735.0,8,3,0.0,20920.0,20920.0,0.0,4,0,1,1927131.0,Creciente,1
4,2025-08-27 16:01:32,1931880.0,18,40,Empleado,3560000,173000,110688,95.227787,732.0,5,4,0.0,957.0,957.0,0.0,3,0,0,3810750.0,Creciente,1
4,2025-02-03 15:37:31,2317200.0,12,38,Independiente,7000000,3000000,182049,95.227787,746.0,10,3,0.0,219198.0,217577.0,0.0,8,1,0,,,1
4,2025-01-11 15:43:34,4870980.0,6,44,Independiente,11000000,3000000,722464,95.227787,827.0,7,5,0.0,330624.0,330624.0,0.0,5,0,1,5231818.0,Creciente,1
4,2025-01-03 17:01:32,2858278.8,12,40,Empleado,2500000,500000,198492,95.227787,804.0,3,4,0.0,190.0,190.0,0.0,0,0,1,2697031.0,Creciente,1
4,2025-08-10 11:45:40,2805241.1999999997,6,43,Empleado,1200000,1052000,422283,95.227787,840.0,7,5,0.0,28205.0,28205.0,0.0,6,0,0,1110909.0,Creciente,1
4,2025-12-01 18:35:19,2649962.4,6,41,Independiente,4326000,899000,404709,95.227787,772.0,13,5,0.0,3305.0,3305.0,0.0,2,0,9,1000000.0,Estable,1
9,2025-03-24 11:04:41,878880.0,9,60,Empleado,2500000,1500000,82198,95.227787,795.0,0,0,0.0,0.0,,,0,0,0,,,1
9,2025-03-17 13:25:54,616455.6,12,45,Empleado,3500000,1500000,42809,95.227787,753.0,3,5,0.0,32352.0,32352.0,0.0,2,0,0,931394.0,Creciente,1
4,2025-05-11 18:28:25,1431172.8,6,53,Empleado,3900000,2500000,212761,95.227787,788.0,6,2,0.0,83266.0,73380.0,0.0,4,0,2,,,1
4,2024-12-31 11:23:48,1389240.0,12,39,Empleado,1300000,150000,108873,95.227787,750.0,2,3,0.0,0.0,0.0,0.0,0,0,0,1210000.0,Creciente,1
4,2025-08-04 18:04:13,2697600.0,6,44,Empleado,3087000,1878000,404003,89.979287,772.0,6,3,0.0,101616.0,101616.0,0.0,5,0,1,3038000.0,Creciente,1
4,2025-02-22 17:26:30,2216280.0,12,47,Empleado,1100000,300000,174106,95.227787,776.0,5,4,0.0,324.0,324.0,0.0,2,0,1,848070.0,Creciente,1
4,2025-05-24 12:07:09,1485360.0,6,64,Empleado,8000000,2000000,221366,95.227787,833.0,14,3,0.0,126960.0,121825.0,0.0,9,0,4,,,1
4,2025-04-06 11:16:11,1079880.0,12,44,Empleado,2000000,500000,84981,95.227787,822.0,4,2,0.0,5690.0,5690.0,0.0,3,0,0,1859880.0,Estable,1
4,2025-08-30 16:43:11,2100322.8,8,42,Empleado,2170000,609000,243585,-4.727537,706.0,5,8,0.0,9568.0,7403.0,0.0,0,0,5,,,0
10,2025-02-19 16:08:40,1743600.0,8,45,Empleado,2000000,600000,197933,95.227787,800.0,9,3,0.0,45558.0,38530.0,0.0,6,1,0,1600000.0,Creciente,1
4,2025-04-04 17:57:41,3276840.0,12,63,Empleado,4500000,1500000,257443,95.227787,839.0,7,0,0.0,15129.0,15129.0,0.0,2,0,4,963410.0,Creciente,1
4,2025-01-04 15:56:57,899880.0,6,62,Independiente,1500000,200000,124983,95.227787,802.0,4,0,0.0,1591.0,1591.0,0.0,1,0,2,909000.0,Estable,1
9,2025-02-03 11:01:59,1604400.0,2,64,Independiente,4000000,2000000,632417,95.227787,862.0,4,3,0.0,5011.0,5011.0,0.0,2,0,1,916148.0,Creciente,1
4,2025-02-28 16:39:13,1079880.0,12,62,Empleado,3000000,200000,84945,95.227787,856.0,9,3,0.0,74483.0,70660.0,0.0,6,0,0,,,1
4,2025-01-17 18:35:08,2937480.0,12,62,Empleado,7800000,1100000,203992,95.227787,814.0,5,3,0.0,89222.0,89222.0,0.0,3,0,1,,,1
4,2025-01-14 14:34:47,3069240.0,12,61,Empleado,2300000,500000,213142,95.227787,847.0,4,2,0.0,23398.0,23398.0,0.0,3,0,0,916148.0,Creciente,1
4,2025-01-07 14:17:48,3935760.0,12,60,Independiente,5500000,2000000,273317,46.387527,922.0,4,0,0.0,118416.0,118416.0,0.0,2,1,0,,,0
4,2025-01-22 13:44:58,1508280.0,12,64,Independiente,1200000,300000,104742,95.227787,870.0,2,1,0.0,7.0,7.0,0.0,2,0,0,,,1
4,2025-05-30 16:05:49,540000.0,6,61,Empleado,1600000,300000,80314,95.227787,713.0,11,6,0.0,9320.0,9320.0,0.0,6,0,4,950105.0,Creciente,1
4,2025-05-10 17:07:23,1607880.0,6,60,Independiente,3800000,900000,239611,95.227787,894.0,11,6,0.0,226198.0,226198.0,0.0,8,0,1,933473.0,Creciente,1
4,2025-08-10 16:59:24,4370520.0,6,60,Empleado,2500000,300000,648016,95.227787,790.0,2,1,0.0,2059.0,2059.0,0.0,1,0,0,,,1
4,2025-02-22 16:01:05,3017880.0,6,60,Independiente,3000000,1000000,448238,95.227787,844.0,9,1,0.0,7455.0,0.0,0.0,4,0,2,923771.0,Creciente,1
4,2025-05-05 18:26:32,2402100.0,18,59,Independiente,3000000,1200000,133266,95.227787,858.0,10,4,0.0,41155.0,41155.0,0.0,7,0,1,,,1
4,2025-04-26 17:26:33,3835920.0,36,60,Independiente,2000000,100000,127435,5.474216,803.0,2,3,0.0,16840.0,16840.0,0.0,2,0,0,,,0
4,2025-01-23 09:04:52,4016184.0,18,59,Independiente,2500000,1000000,222064,95.227787,850.0,5,5,0.0,29.0,29.0,0.0,1,0,0,908526.0,Estable,1
9,2025-01-19 08:57:29,1528578.0,10,59,Independiente,1500000,350000,129647,95.227787,867.0,9,2,0.0,0.0,0.0,0.0,5,0,0,908526.0,Estable,1
9,2025-02-05 10:43:46,1416922.8,11,59,Empleado,4000000,2000000,110240,95.227787,779.0,6,3,0.0,122383.0,122383.0,0.0,3,0,1,2177236.0,Creciente,1
4,2025-01-23 16:18:20,5021520.0,12,59,Empleado,3400000,1000000,348717,95.227787,805.0,6,3,0.0,1803.0,1803.0,0.0,3,0,2,,,1
4,2025-08-29 11:31:03,1152340.8,12,59,Empleado,8080000,77000,93331,95.227787,911.0,5,1,0.0,42696.0,42696.0,0.0,3,0,0,4470865.0,Decreciente,1
4,2025-07-20 18:01:26,1200000.0,6,60,Empleado,9021731,535000,179717,95.227787,872.0,5,2,0.0,36891.0,22399.0,0.0,4,1,0,3932566.0,Creciente,1
4,2024-12-06 16:05:40,1200000.0,12,59,Empleado,1500000,300000,94160,95.227787,817.0,5,9,0.0,1075.0,1075.0,0.0,2,0,1,908526.0,Estable,1
4,2025-04-25 10:57:28,5103180.0,36,57,Independiente,3000000,300000,165507,95.227787,759.0,5,2,0.0,10042.0,10042.0,0.0,2,0,0,,,1
4,2025-06-08 13:19:42,2970240.0,36,57,Empleado,1500000,250000,101980,95.227787,752.0,4,5,0.0,18982.0,18982.0,0.0,3,1,0,1004375.0,Creciente,1
4,2025-02-12 14:33:11,1045080.0,6,57,Independiente,3000000,790000,155223,95.227787,838.0,4,2,0.0,271.0,271.0,0.0,2,0,0,1300000.0,Estable,1
9,2025-12-03 16:10:43,2349958.8,3,57,Independiente,5605000,3059000,632407,95.227787,823.0,6,1,0.0,3096.0,3096.0,0.0,3,0,0,992377.0,Creciente,1
4,2025-01-05 16:21:08,3842280.0,12,57,Empleado,2500000,500000,266825,95.227787,783.0,10,3,0.0,20565.0,2610.0,0.0,5,0,5,2102230.0,Creciente,1
4,2025-01-11 15:41:22,2206440.0,12,56,Empleado,3000000,500000,153225,95.227787,850.0,0,0,0.0,0.0,,,0,0,0,466667.0,Estable,1
9,2025-03-17 10:13:41,1604400.0,2,60,Empleado,30000000,25000000,632696,95.227787,815.0,6,3,0.0,229128.0,229128.0,0.0,1,0,3,,,1
4,2025-09-08 15:43:20,2908800.0,36,55,Empleado,5520000,3379000,103723,95.227787,776.0,14,3,0.0,118469.0,118469.0,0.0,9,0,2,3036869.0,Creciente,1
4,2025-08-16 14:58:53,576000.0,6,55,Empleado,2870000,542000,86998,95.227787,836.0,4,1,0.0,3147.0,3147.0,0.0,0,1,1,969508.0,Creciente,1
4,2025-07-14 08:48:26,2880000.0,6,54,Empleado,16000000,8000000,431320,29.419461,745.0,16,3,0.0,276284.0,276284.0,0.0,9,0,6,31640.0,Creciente,0
4,2025-07-16 18:29:57,2495880.0,6,55,Empleado,3000000,200000,373792,95.227787,779.0,2,3,0.0,13728.0,13728.0,0.0,0,0,2,908526.0,Estable,1
4,2025-01-19 13:05:22,2949828.0,12,54,Empleado,2500000,300000,231174,95.227787,836.0,7,2,0.0,8413.0,8413.0,0.0,3,0,0,,,1
4,2025-03-07 13:16:57,2050441.2,6,54,Independiente,2000000,400000,304754,95.227787,834.0,3,1,0.0,1044.0,1044.0,0.0,2,0,0,,,1
4,2025-01-27 08:09:37,1817760.0,12,55,Empleado,5000000,2000000,142811,95.227787,808.0,2,3,0.0,96732.0,96732.0,0.0,1,0,0,916841.0,Creciente,1
4,2025-05-24 17:45:06,732000.0,6,54,Independiente,1500000,400000,109091,95.227787,852.0,4,3,0.0,1146.0,1146.0,0.0,1,0,2,,,1
4,2025-06-24 18:50:16,1019760.0,8,54,Independiente,2500000,650000,116498,95.227787,824.0,2,2,0.0,78.0,78.0,0.0,1,0,0,,,1
4,2025-10-14 19:18:41,5078760.0,36,53,Empleado,2360000,522000,181100,95.227787,883.0,2,1,0.0,520.0,520.0,0.0,1,0,0,,,1
4,2025-05-12 18:10:28,1889880.0,6,52,Independiente,1500000,500000,281652,95.227787,802.0,0,2,0.0,0.0,,,0,0,0,,,1
4,2025-02-23 12:31:23,2471880.0,12,51,Empleado,3900000,1800000,194202,95.227787,904.0,11,6,0.0,15774.0,15774.0,0.0,7,0,3,2233750.0,Creciente,1
4,2024-12-24 14:38:39,1808280.0,10,49,Empleado,2500000,600000,167154,85.538247,796.0,8,7,0.0,52508.0,52508.0,0.0,5,0,0,1837037.0,Decreciente,1
4,2025-05-12 17:44:27,2663880.0,6,50,Empleado,6200000,1600000,397003,95.227787,814.0,12,4,0.0,22744.0,22744.0,0.0,7,0,1,1458170.0,Creciente,1
4,2025-01-15 17:09:18,788281.2,12,51,Empleado,1500000,500000,54742,95.227787,758.0,6,2,0.0,31360.0,31360.0,0.0,3,0,0,832877.0,Creciente,1
4,2025-01-14 15:44:38,2704198.8,12,50,Empleado,1000000,500000,187792,95.227787,839.0,9,5,0.0,13913.0,13913.0,0.0,7,0,0,1145147.0,Creciente,1
4,2025-01-21 13:43:14,1620601.2,6,49,Empleado,5000000,2500000,225084,95.227787,849.0,3,2,0.0,131771.0,131771.0,0.0,2,0,0,6842171.0,Creciente,1
4,2025-01-23 19:27:47,3291480.0,12,51,Empleado,3000000,800000,228575,95.227787,860.0,3,2,0.0,5615.0,5615.0,0.0,2,0,0,,,1
4,2025-05-19 13:18:09,1152000.0,6,51,Empleado,4500000,800000,171685,95.227787,822.0,3,2,0.0,24212.0,24212.0,0.0,2,0,0,31504.0,Creciente,1
4,2025-02-17 15:22:39,2988000.0,12,49,Independiente,2800000,800000,234750,95.227787,738.0,9,9,0.0,15107.0,15107.0,0.0,5,0,0,,,1
9,2025-05-31 11:19:25,878880.0,5,49,Independiente,5000000,2000000,142747,95.227787,729.0,26,9,0.0,191609.0,191609.0,0.0,2,0,19,939017.0,Creciente,1
4,2025-03-28 16:19:51,825480.0,6,48,Empleado,1950000,650000,122718,95.227787,821.0,4,3,0.0,7178.0,7178.0,0.0,2,0,0,689021.0,Decreciente,1
4,2025-05-06 18:24:04,1458601.2,8,53,Empleado,1500000,600000,165772,95.227787,782.0,3,1,0.0,318.0,318.0,0.0,1,0,2,,,1
4,2025-08-27 14:49:31,761760.0,12,50,Empleado,1853000,78000,61313,95.227787,838.0,3,0,0.0,464.0,464.0,0.0,2,0,0,975052.0,Creciente,1
4,2025-04-06 18:31:46,3605280.0,36,47,Empleado,3500000,2500000,116927,95.227787,809.0,9,4,0.0,6797.0,6797.0,0.0,5,0,1,1686731.0,Creciente,1
4,2025-01-29 16:41:07,2006160.0,12,43,Independiente,2000000,600000,157613,95.227787,833.0,4,3,0.0,20118.0,20118.0,0.0,3,0,0,,,1
4,2025-09-17 14:28:57,3084480.0,10,44,Independiente,3730000,275000,292929,95.227787,812.0,6,3,0.0,5507.0,5507.0,0.0,3,0,1,975052.0,Creciente,1
4,2024-12-24 18:25:34,1115761.2,12,28,Empleado,2000000,650000,87550,95.227787,754.0,7,1,0.0,15650.0,10752.0,0.0,1,0,2,2122990.0,Creciente,1
4,2024-12-12 14:52:43,2634960.0,18,45,Empleado,1900000,550000,145579,95.227787,821.0,2,0,0.0,46535.0,46535.0,0.0,0,1,0,1117278.0,Estable,1
4,2025-09-24 16:10:12,3135600.0,30,48,Empleado,5900000,1328000,121538,95.227787,808.0,4,5,0.0,82231.0,82231.0,0.0,1,2,0,3071044.0,Creciente,1
4,2025-04-24 13:05:18,3085200.0,8,47,Empleado,4000000,2000000,350231,91.410695,783.0,8,6,0.0,66021.0,66021.0,0.0,5,0,0,2700000.0,Decreciente,1
4,2025-01-14 14:07:34,4127880.0,12,46,Independiente,5000000,1500000,286658,95.227787,829.0,5,2,0.0,47678.0,47678.0,0.0,2,0,0,916148.0,Creciente,1
4,2025-05-12 17:18:27,2160000.0,6,48,Empleado,1100000,400000,323490,81.231786,740.0,14,3,0.0,11026.0,11026.0,0.0,7,0,4,941789.0,Creciente,1
4,2025-09-06 17:19:36,5056560.0,30,46,Independiente,2300000,695000,198917,95.227787,829.0,4,0,0.0,13088.0,13088.0,0.0,2,0,1,,,1
4,2025-01-10 13:09:21,1631880.0,12,51,Empleado,1600000,700000,113325,95.227787,851.0,3,0,0.0,82240.0,82240.0,0.0,1,1,1,916148.0,Creciente,1
9,2025-06-15 15:52:09,1269000.0,3,43,Independiente,5000000,2000000,337095,95.227787,830.0,20,3,0.0,222688.0,222688.0,0.0,12,0,5,1622899.0,Creciente,1
4,2025-05-25 14:05:54,2276038.8,24,27,Independiente,2400000,580000,100871,95.227787,802.0,0,4,0.0,0.0,,,0,0,0,,,1
4,2025-10-12 11:46:42,840000.0,6,52,Empleado,4650000,2563000,127303,95.227787,870.0,12,2,0.0,61641.0,61641.0,0.0,9,0,2,983368.0,Creciente,1
4,2025-06-18 15:40:33,1523880.0,12,43,Empleado,1750000,650000,120808,95.227787,777.0,10,5,0.0,22926.0,22926.0,0.0,5,0,4,1554601.0,Creciente,1
4,2025-01-29 11:39:14,1989240.0,6,42,Empleado,3000000,950000,295456,95.227787,822.0,4,6,0.0,10460.0,10460.0,0.0,2,0,1,,,1
4,2025-01-22 14:31:15,1959240.0,6,44,Empleado,1700000,800000,272117,95.227787,791.0,4,6,0.0,0.0,0.0,0.0,3,0,0,908526.0,Estable,1
4,2025-06-11 17:09:36,2076840.0,12,42,Independiente,5000000,800000,163571,95.227787,780.0,7,6,0.0,92711.0,92711.0,0.0,4,0,0,,,1
4,2025-03-18 17:12:16,2699401.1999999997,6,42,Independiente,6500000,2200000,401208,-14.837353,807.0,3,12,0.0,0.0,0.0,0.0,1,0,0,,,0
4,2025-02-07 14:06:01,2645760.0,12,43,Empleado,1250000,600000,207334,89.979287,744.0,8,3,0.0,7591.0,7591.0,0.0,4,0,0,968666.0,Creciente,1
4,2025-04-01 14:25:55,5519280.0,24,42,Empleado,2000000,200000,191642,95.227787,791.0,8,3,0.0,50443.0,50443.0,0.0,4,0,1,1974185.0,Creciente,1
4,2024-12-28 19:03:25,2117880.0,12,45,Empleado,1400000,600000,166172,95.227787,813.0,6,6,0.0,36917.0,36917.0,0.0,3,0,1,908526.0,Estable,1
4,2024-12-12 10:46:30,3132000.0,12,43,Independiente,3000000,1000000,245757,95.227787,798.0,3,3,0.0,43319.0,43319.0,0.0,2,0,0,908526.0,Estable,1
9,2025-05-31 14:41:20,1994379.5999999999,10,52,Independiente,9000000,4000000,169776,47.613894,847.0,3,4,0.0,58036.0,0.0,0.0,1,0,1,939017.0,Creciente,0
4,2025-01-30 10:12:07,8640000.0,24,51,Empleado,4500000,300000,300000,38.37838,757.0,12,7,0.0,14038.0,14038.0,0.0,5,0,2,2030437.0,Creciente,0
4,2025-04-25 17:23:29,1855669.2,6,41,Independiente,4000000,0,275868,95.227787,834.0,5,1,0.0,90157.0,90157.0,0.0,3,1,0,941789.0,Creciente,1
4,2025-10-01 16:13:23,3217440.0,6,42,Empleado,5490000,1870000,487608,95.227787,844.0,9,6,0.0,48648.0,48648.0,0.0,7,0,2,1040343.0,Creciente,1
4,2025-01-16 16:38:05,661164.0,6,41,Empleado,6500000,500000,98134,95.227787,790.0,1,6,0.0,94.0,94.0,0.0,0,0,0,2164053.0,Creciente,1
4,2025-04-09 16:40:19,2956560.0,24,41,Empleado,1500000,400000,129943,95.227787,800.0,3,2,0.0,3618.0,3618.0,0.0,0,1,0,946904.0,Creciente,1
4,2025-05-11 19:10:26,1283760.0,6,43,Independiente,5000000,1600000,191321,95.227787,817.0,7,8,0.0,1759.0,1759.0,0.0,3,0,0,,,1
4,2025-03-12 13:01:45,1786681.2,12,43,Empleado,1800000,900000,140544,95.227787,794.0,12,0,0.0,42895.0,42895.0,0.0,3,1,6,1337327.0,Creciente,1
4,2025-03-18 15:02:58,5704681.2,12,41,Empleado,4000000,1500000,448185,95.227787,846.0,4,0,0.0,22813.0,22813.0,0.0,3,0,1,2900058.0,Creciente,1
4,2025-02-20 17:37:50,2572680.0,10,41,Empleado,3000000,1000000,238066,95.227787,870.0,7,2,0.0,68352.0,68352.0,0.0,3,0,1,3791441.0,Creciente,1
4,2025-02-25 13:47:46,602280.0,6,46,Empleado,1130000,400000,89516,-17.221953,745.0,3,6,0.0,4534.0,4534.0,0.0,1,0,0,931394.0,Creciente,0
4,2025-04-26 17:56:21,3474720.0,12,44,Empleado,1000000,200000,273471,95.227787,765.0,4,6,0.0,15639.0,15639.0,0.0,0,2,2,1063779.0,Creciente,1
4,2025-10-02 14:52:34,3446640.0,6,41,Empleado,2330000,106000,521239,95.227787,799.0,2,5,0.0,0.0,0.0,0.0,0,0,1,908526.0,Creciente,1
4,2025-01-23 18:15:53,1636680.0,6,40,Empleado,4000000,2000000,227317,95.227787,822.0,10,7,0.0,51507.0,50741.0,0.0,5,0,1,5970675.0,Decreciente,1
4,2025-05-21 15:55:31,1931760.0,24,40,Empleado,2600000,500000,84902,95.227787,784.0,8,3,0.0,67259.0,67259.0,0.0,0,0,7,1334857.0,Creciente,1
4,2025-01-27 18:59:30,431640.0,6,41,Empleado,3500000,550000,64110,95.227787,778.0,21,10,0.0,12961.0,12955.0,0.0,9,0,11,1083636.0,Creciente,1
4,2025-05-24 17:59:06,1600320.0,24,42,Independiente,1400000,350000,70335,95.227787,744.0,2,9,0.0,4998.0,4998.0,0.0,2,0,0,,,1
4,2024-12-27 18:37:56,1433880.0,6,41,Empleado,1500000,200000,212817,95.227787,829.0,4,8,0.0,1656.0,1656.0,0.0,1,0,1,1045244.0,Decreciente,1
4,2026-01-22 17:36:56,2814000.0,24,42,Empleado,4292000,737000,114405,95.227787,765.0,5,7,0.0,2551.0,2551.0,0.0,2,0,2,2027319.0,Creciente,1
4,2025-04-10 15:27:41,1631880.0,6,41,Empleado,2300000,650000,242599,95.227787,714.0,2,0,0.0,1012.0,1012.0,0.0,1,0,0,,,1
4,2025-05-29 11:09:30,923880.0,6,41,Empleado,2600000,450000,137904,95.227787,813.0,1,6,0.0,24185.0,24185.0,0.0,0,0,1,2487272.0,Creciente,1
4,2024-11-28 13:51:42,1044000.0,12,40,Empleado,1450000,500000,81919,95.227787,737.0,5,5,0.0,2182.0,2182.0,0.0,0,0,5,908526.0,Estable,1
9,2024-11-29 14:59:05,1224920.4,10,36,Empleado,2800000,800000,103729,95.227787,797.0,0,5,0.0,0.0,,,0,0,0,2699253.0,Creciente,1
4,2025-01-02 13:20:18,2858280.0,6,40,Empleado,1700000,350000,396983,95.227787,826.0,4,2,0.0,2809.0,2809.0,0.0,0,1,0,1399884.0,Creciente,1
4,2025-01-23 08:17:13,4276440.0,12,40,Empleado,7000000,450000,296975,95.227787,839.0,8,2,0.0,603590.0,168886.0,0.0,5,0,0,6940646.0,Decreciente,1
9,2025-07-20 09:46:57,5762640.0,12,39,Independiente,4000000,2000000,400183,-15.473246,287.0,4,7,4973.0,6800.0,6800.0,0.0,1,0,2,1000000.0,Creciente,0
4,2024-12-02 10:28:20,2289360.0,12,39,Empleado,1600000,500000,179638,95.227787,800.0,7,7,0.0,34575.0,34575.0,0.0,2,1,1,1002551.0,Decreciente,1
4,2024-12-10 18:04:04,1182840.0,12,38,Empleado,1000000,200000,92636,95.227787,837.0,3,6,0.0,171.0,171.0,0.0,1,0,0,939630.0,Creciente,1
4,2024-12-09 12:07:55,3097128.0,6,36,Independiente,3000000,280000,459366,95.227787,786.0,5,5,0.0,64053.0,64053.0,0.0,4,0,0,902381.0,Creciente,1
4,2025-01-22 15:34:42,2625240.0,6,39,Empleado,4760000,1500000,364617,95.227787,884.0,6,3,0.0,71022.0,71022.0,0.0,4,0,0,1914371.0,Decreciente,1
4,2025-02-21 12:52:22,2259091.1999999997,12,38,Empleado,4000000,1000000,177484,34.021029,768.0,7,13,0.0,76554.0,76554.0,0.0,7,0,0,4021971.0,Creciente,0
4,2025-01-10 17:25:09,1115760.0,6,37,Empleado,1800000,600000,154967,95.227787,840.0,1,1,0.0,323.0,323.0,0.0,1,0,0,,,1
4,2025-01-21 18:40:52,2081880.0,12,38,Empleado,4000000,400000,144575,95.227787,777.0,1,11,0.0,10028.0,10028.0,0.0,1,0,0,4349075.0,Creciente,1
4,2025-01-29 10:35:53,1557360.0,6,38,Empleado,2900000,2000000,231310,95.227787,829.0,3,5,0.0,4624.0,4624.0,0.0,2,0,0,2369403.0,Creciente,1
4,2025-10-12 17:13:50,2531880.0,6,38,Empleado,1980000,39000,383711,95.227787,798.0,2,0,0.0,160983.0,72.0,0.0,1,0,0,3231496.0,Decreciente,1
4,2025-01-11 17:52:45,4515600.0,24,28,Independiente,3000000,500000,196931,95.227787,772.0,8,6,0.0,37912.0,37912.0,0.0,5,0,0,863151.0,Creciente,1
4,2024-12-31 18:15:46,2021760.0,12,37,Empleado,2500000,800000,140400,95.227787,764.0,5,5,0.0,161936.0,35731.0,0.0,4,0,0,2829329.0,Creciente,1
4,2025-08-09 12:29:42,1440000.0,6,57,Independiente,3000000,1000000,213509,95.227787,773.0,7,4,0.0,26041.0,26041.0,0.0,3,0,2,,,1
4,2024-11-30 13:09:54,2377200.0,10,52,Empleado,5000000,0,219386,95.227787,760.0,7,1,0.0,139814.0,139814.0,0.0,5,0,1,5696896.0,Decreciente,1
4,2025-07-01 10:26:27,2040000.0,6,46,Independiente,12000000,9000000,305518,95.227787,787.0,10,5,0.0,105732.0,102612.0,0.0,4,3,2,,,1
4,2025-01-03 19:07:01,600000.0,6,56,Empleado,2000000,500000,88994,95.227787,772.0,7,10,0.0,66618.0,66618.0,0.0,4,0,1,908526.0,Estable,1
4,2025-12-14 11:35:00,3054720.0,6,54,Independiente,4732000,523000,466525,95.227787,842.0,3,3,0.0,913.0,913.0,0.0,2,0,1,,,1
4,2024-12-27 15:27:53,3360000.0,10,52,Independiente,4000000,1000000,309710,95.227787,814.0,4,2,0.0,3694.0,3694.0,0.0,1,0,1,,,1
4,2024-12-19 18:31:57,2135917.1999999997,6,49,Empleado,1800000,600000,317025,39.372537,809.0,0,3,0.0,0.0,,,0,0,0,1200000.0,Estable,0
4,2025-01-23 08:24:16,3257760.0,12,28,Empleado,1100000,4000000,226233,95.227787,858.0,8,1,0.0,41529.0,35496.0,0.0,4,1,0,923357.0,Creciente,1
4,2025-04-04 16:44:41,6540300.0,12,47,Independiente,8000000,800000,513792,95.227787,793.0,5,3,0.0,3099.0,3099.0,0.0,1,0,2,,,1
4,2025-06-03 17:50:13,360000.0,6,38,Independiente,4000000,1560000,54116,95.227787,745.0,3,7,0.0,6765.0,6765.0,0.0,3,0,0,,,1
4,2025-05-20 12:01:04,1440000.0,12,38,Empleado,3000000,1200000,114851,95.227787,719.0,2,3,0.0,0.0,0.0,0.0,0,0,0,2233554.0,Creciente,1
4,2025-03-27 18:00:21,3780566.4,12,47,Empleado,4700000,550000,298823,34.005349,791.0,8,7,0.0,22179.0,22179.0,0.0,5,0,1,2549001.0,Creciente,0
4,2025-08-24 19:07:37,3515100.0,6,53,Empleado,6770000,3761000,526435,95.227787,734.0,12,2,0.0,139576.0,85326.0,0.0,10,0,0,5866666.0,Creciente,1
4,2025-02-04 09:02:21,1414260.0,6,38,Empleado,7500000,3500000,209913,95.227787,783.0,11,5,0.0,119799.0,119799.0,0.0,9,0,0,8211625.0,-702927,1
4,2025-01-21 11:45:18,1875144.0,6,57,Independiente,1000000,200000,278129,95.227787,867.0,6,2,0.0,37701.0,29638.0,0.0,5,0,0,,,1
4,2025-01-16 15:47:41,2057640.0,6,48,Independiente,1700000,400000,285783,95.227787,813.0,5,2,0.0,5018.0,5018.0,0.0,4,0,0,466667.0,Estable,1
4,2025-02-01 15:54:25,1079880.0,6,52,Independiente,4000000,550000,160392,95.227787,795.0,3,4,0.0,13744.0,607.0,0.0,0,0,1,,,1
4,2025-04-20 18:50:11,1764961.2,8,50,Empleado,1320000,350000,200591,40.764359,802.0,5,3,0.0,11133.0,11133.0,0.0,3,0,1,1058929.0,Creciente,0
4,2025-01-15 12:48:29,2759641.1999999997,12,37,Empleado,5000000,2000000,191642,95.227787,850.0,12,9,0.0,49149.0,49149.0,0.0,9,0,1,5557808.0,Creciente,1
4,2025-01-19 11:10:18,922680.0,6,59,Independiente,1700000,700000,128150,95.227787,866.0,4,2,0.0,2330.0,2330.0,0.0,2,0,0,,,1
4,2024-12-23 16:04:51,2708038.8,36,51,Empleado,3000000,1000000,87544,95.227787,813.0,2,4,0.0,19316.0,19316.0,0.0,1,0,0,3158119.0,Creciente,1
4,2025-01-08 10:49:38,1693200.0,12,51,Independiente,1600000,600000,132694,95.227787,735.0,0,3,0.0,0.0,,,0,0,0,,,1
4,2025-01-22 18:55:41,2984520.0,12,41,Empleado,3500000,620000,233737,95.227787,781.0,7,12,0.0,21048.0,21048.0,0.0,4,1,0,2750138.0,Creciente,1
4,2025-08-25 12:48:02,522000.0,6,37,Independiente,2060000,358000,78184,89.979287,764.0,2,5,0.0,5929.0,5929.0,0.0,1,0,1,936433.0,Decreciente,1
4,2025-05-25 17:33:52,3625947.6,12,67,Empleado,4000000,1300000,285373,95.227787,768.0,7,8,0.0,7161.0,7161.0,0.0,4,0,1,941789.0,Creciente,1
4,2025-08-11 18:43:24,3623400.0,30,62,Empleado,2700952,6675000,141395,95.227787,842.0,14,6,0.0,95730.0,95730.0,0.0,12,1,1,2804074.0,Creciente,1
4,2025-03-25 18:18:35,408000.0,6,60,Independiente,1800000,900000,60637,62.667613,792.0,3,6,0.0,5707.0,5707.0,0.0,0,1,1,,,0
4,2025-09-02 12:49:17,5068200.0,6,61,Empleado,10870000,2224000,761699,95.227787,882.0,3,0,0.0,185566.0,185566.0,0.0,3,0,0,24376313.0,Creciente,1
4,2025-09-25 18:58:17,574560.0,6,55,Independiente,3270000,908000,86346,95.227787,753.0,9,5,0.0,30551.0,30551.0,0.0,4,0,3,,,1
4,2025-02-11 16:52:32,4640220.0,12,50,Empleado,4200000,2000000,364102,95.227787,822.0,3,3,0.0,132700.0,132700.0,0.0,1,2,0,,,1
4,2025-03-24 15:38:23,1769518.8,12,59,Empleado,2800000,500000,139194,95.227787,795.0,4,4,0.0,2048.0,2048.0,0.0,2,0,1,,,1
4,2025-01-14 13:33:55,2134440.0,6,56,Independiente,4500000,1200000,296450,95.227787,845.0,5,2,0.0,6078.0,0.0,0.0,2,0,1,5909090.0,Creciente,1
4,2025-06-16 16:39:58,2220000.0,6,47,Independiente,3000000,1400000,330180,95.227787,806.0,13,5,0.0,29002.0,29002.0,0.0,4,2,2,941789.0,Creciente,1
4,2025-01-03 18:25:57,4108320.0,12,51,Empleado,4500000,1500000,321964,95.227787,779.0,5,3,0.0,58448.0,58448.0,0.0,2,1,2,469405.0,Creciente,1
9,2025-04-23 15:46:05,1185660.0,9,50,Independiente,5000000,2000000,110996,95.227787,844.0,8,3,0.0,57736.0,57736.0,0.0,5,0,2,1242500.0,Creciente,1
9,2025-04-20 17:40:17,1340617.2,9,49,Empleado,3200000,1500000,125502,95.227787,773.0,3,3,0.0,67.0,67.0,0.0,0,0,0,1688958.0,Creciente,1
4,2025-01-23 10:42:11,886680.0,12,48,Empleado,1500000,300000,69570,95.227787,835.0,4,1,0.0,789.0,789.0,0.0,3,0,1,,,1
4,2026-01-26 10:45:10,5678040.0,24,49,Empleado,3491000,1052000,277805,95.227787,828.0,7,5,0.0,26599.0,17459.0,0.0,2,1,1,,,1
4,2025-04-25 18:11:08,1737478.8,6,48,Independiente,2000000,850000,258313,95.227787,783.0,8,11,0.0,359.0,359.0,0.0,2,0,4,,,1
4,2025-09-30 14:49:58,5330280.0,24,41,Empleado,1840000,656000,248030,95.227787,741.0,7,3,0.0,4248.0,4248.0,0.0,2,0,4,1424277.0,Creciente,1
4,2024-11-29 12:39:31,1649280.0,6,39,Independiente,2500000,600000,244516,95.227787,789.0,1,3,0.0,0.0,0.0,0.0,0,0,1,905965.0,Creciente,1
4,2025-01-10 13:56:27,1445760.0,8,38,Empleado,4300000,1500000,163836,95.227787,745.0,3,2,0.0,646.0,646.0,0.0,0,0,0,1000000.0,Estable,1
4,2025-08-27 17:16:34,7548960.0,36,38,Empleado,18490000,5276000,254695,95.227787,840.0,5,3,0.0,157882.0,157882.0,0.0,5,0,0,4660556.0,Creciente,1
9,2025-07-03 18:57:23,880848.0,9,38,Independiente,5000000,2000000,82579,95.227787,737.0,2,2,0.0,0.0,0.0,0.0,0,0,1,,,1
4,2025-12-17 15:59:00,2640000.0,36,38,Empleado,3155000,73000,100428,95.227787,727.0,3,6,0.0,1364.0,1364.0,0.0,1,0,0,3354981.0,Creciente,1
4,2025-06-14 17:24:43,2016000.0,12,37,Empleado,5000000,2000000,159837,95.227787,718.0,9,4,0.0,82602.0,82602.0,0.0,5,0,1,6140920.0,Creciente,1
4,2025-08-21 09:22:25,2472478.8,6,68,Empleado,5210000,763000,370288,95.227787,781.0,7,2,0.0,631.0,631.0,0.0,3,0,3,1682981.0,Creciente,1
4,2025-01-07 18:35:27,1200000.0,12,63,Empleado,6000000,1000000,83333,95.227787,747.0,21,8,0.0,299106.0,299106.0,0.0,17,0,3,916148.0,Creciente,1
4,2025-02-22 15:34:59,7646400.0,12,54,Independiente,7000000,3000000,600685,95.227787,753.0,12,4,0.0,69391.0,69391.0,0.0,9,0,1,,,1
4,2025-05-20 10:39:33,1108800.0,6,37,Independiente,3000000,900000,165247,95.227787,820.0,2,3,0.0,0.0,0.0,0.0,1,0,1,870265.0,Creciente,1
4,2025-01-29 11:49:27,770158.7999999999,6,60,Independiente,2500000,500000,114390,95.227787,829.0,7,3,0.0,5874.0,4980.0,0.0,6,0,0,,,1
9,2025-02-02 17:30:45,1022012.3999999999,10,47,Empleado,3000000,1600000,86682,95.227787,862.0,4,3,0.0,94059.0,94059.0,0.0,2,0,0,7589428.0,Decreciente,1
4,2025-03-10 09:37:01,7200000.0,6,44,Independiente,4000000,2000000,1070071,85.897119,827.0,7,9,0.0,1789.0,1789.0,0.0,3,0,2,,,1
4,2025-01-23 08:16:05,2125918.8,12,53,Empleado,1000000,200000,147633,95.227787,840.0,3,1,0.0,1523.0,1523.0,0.0,2,0,1,957912.0,Decreciente,1
4,2025-04-17 17:07:46,996000.0,6,48,Empleado,2000000,350000,148669,85.897119,821.0,2,4,0.0,5428.0,5428.0,0.0,1,0,0,,,1
4,2025-04-03 17:35:08,1345680.0,6,56,Empleado,3000000,1500000,199870,89.2295,764.0,8,2,0.0,2047.0,2047.0,0.0,2,0,4,,,1
4,2026-01-02 10:24:26,1055880.0,12,54,Empleado,1925000,60000,87766,81.231786,791.0,1,1,0.0,60.0,60.0,0.0,0,0,1,1000000.0,Estable,1
4,2025-01-14 15:00:34,2702160.0,12,48,Empleado,3500000,800000,187650,95.227787,873.0,3,1,0.0,40590.0,39241.0,0.0,3,0,0,,,1
4,2024-12-07 12:17:49,2569200.0,24,49,Empleado,5000000,1500000,111884,95.227787,819.0,14,2,0.0,147779.0,147779.0,0.0,7,1,2,1760000.0,Estable,1
4,2025-01-20 17:41:19,2493600.0,6,42,Empleado,4500000,2000000,369726,95.227787,800.0,8,6,0.0,24787.0,24787.0,0.0,4,0,1,5992914.0,Creciente,1
4,2024-12-01 08:05:27,2149080.0,6,56,Empleado,1100000,200000,318979,95.227787,778.0,9,1,0.0,2696.0,2118.0,0.0,2,0,3,469405.0,Estable,1
4,2025-01-23 11:14:22,5090040.0,12,56,Empleado,1500000,400000,353475,75.691683,738.0,6,3,0.0,45822.0,45822.0,0.0,2,0,1,916148.0,Creciente,1
4,2025-02-21 15:50:18,2841600.0,6,41,Empleado,3000000,800000,422055,95.227787,819.0,11,5,0.0,27805.0,27805.0,0.0,7,0,1,,,1
4,2025-01-14 18:28:34,2036281.2,12,51,Empleado,3500000,1000000,141408,95.227787,859.0,11,2,0.0,109288.0,7578.0,0.0,7,1,0,2580717.0,Creciente,1
4,2025-01-05 18:33:05,1542840.0,6,51,Empleado,1500000,200000,228840,95.227787,714.0,5,2,0.0,621.0,621.0,0.0,1,0,0,930000.0,Creciente,1
4,2025-09-21 17:33:03,770280.0,6,50,Independiente,1907000,585000,116341,95.227787,769.0,10,11,0.0,44078.0,44078.0,0.0,4,0,2,928571.0,Decreciente,1
4,2025-08-11 15:18:14,4005600.0,12,50,Independiente,2040000,560000,319478,95.227787,747.0,5,6,0.0,1310.0,1310.0,0.0,0,0,2,615779.0,Creciente,1
4,2025-01-10 19:02:39,1738800.0,12,38,Empleado,6407000,3000000,136268,95.227787,756.0,4,6,0.0,80480.0,80480.0,0.0,1,0,0,7212131.0,Creciente,1
4,2024-12-03 18:12:54,2791920.0,12,41,Empleado,2400000,600000,219073,72.892484,788.0,2,5,0.0,80.0,80.0,0.0,0,0,0,908526.0,0,1
4,2025-07-25 08:59:37,4398960.0,12,42,Empleado,3000000,1400000,344511,95.227787,758.0,4,2,0.0,0.0,0.0,0.0,0,0,0,2976032.0,Creciente,1
4,2025-01-22 13:33:31,2133358.8,12,47,Independiente,1800000,650000,148150,95.227787,792.0,7,4,0.0,15361.0,15361.0,0.0,3,0,1,,,1
4,2025-01-16 12:54:48,2439480.0,6,47,Independiente,18000000,5000000,338817,95.227787,815.0,10,1,0.0,23196.0,23196.0,0.0,8,0,1,732877.0,Estable,1
4,2025-01-14 14:56:28,1755480.0,12,39,Empleado,7000000,3000000,121908,95.227787,886.0,9,5,0.0,30920.0,30920.0,0.0,5,0,0,908526.0,Estable,1
4,2025-01-23 14:59:56,4524361.2,12,48,Empleado,2500000,500000,314192,76.91269,759.0,4,2,0.0,26123.0,26123.0,0.0,3,0,1,916148.0,Creciente,1
4,2025-03-11 15:26:36,1796160.0,10,45,Empleado,2700000,1200000,166210,95.227787,826.0,1,2,0.0,31559.0,31559.0,0.0,1,0,0,3067328.0,Decreciente,1
9,2025-09-06 10:44:04,1763605.2,5,44,Empleado,7630000,741000,288109,95.227787,842.0,5,4,0.0,3084.0,3084.0,0.0,2,0,0,1179377.0,Creciente,1
4,2025-03-29 12:10:59,1528215.5999999999,6,46,Independiente,2500000,1300000,227188,95.227787,818.0,4,2,0.0,9614.0,9614.0,0.0,2,0,0,821999.0,Creciente,1
4,2025-04-27 17:16:49,2245152.0,12,38,Independiente,4500000,2000000,176681,95.227787,829.0,12,6,0.0,16068.0,16068.0,0.0,7,0,2,,,1
4,2025-01-17 15:21:56,3057480.0,12,38,Empleado,3500000,2500000,239451,95.227787,840.0,3,2,0.0,83993.0,83151.0,0.0,1,2,0,2751101.0,Creciente,1
4,2025-03-05 16:23:16,1898880.0,6,38,Independiente,2500000,500000,282035,95.227787,773.0,5,4,0.0,30859.0,30859.0,0.0,1,0,0,1817052.0,Decreciente,1
4,2025-02-20 18:00:05,1079878.8,12,36,Empleado,2500000,1200000,84840,95.227787,775.0,6,4,0.0,310.0,310.0,0.0,2,0,2,2999893.0,Creciente,1
4,2024-12-30 12:01:59,1150200.0,8,37,Independiente,8000000,2900000,130342,95.227787,857.0,7,2,0.0,112950.0,112950.0,0.0,4,0,1,908526.0,Estable,1
4,2026-03-01 17:40:56,2999880.0,18,39,Empleado,5127000,2266000,181764,47.613894,762.0,8,6,0.0,26938.0,26938.0,0.0,4,0,3,1327454.0,Creciente,0
4,2025-08-25 14:48:28,1140000.0,6,38,Empleado,2040000,1097000,172184,95.227787,759.0,11,5,0.0,14607.0,14607.0,0.0,4,0,3,969508.0,Creciente,1
4,2025-07-26 16:52:34,1415760.0,18,52,Independiente,1300000,250000,80086,95.227787,765.0,7,6,0.0,480.0,480.0,0.0,2,0,1,,,1
4,2025-05-27 16:37:42,1041960.0,6,44,Empleado,1036000,450000,154970,95.227787,732.0,6,7,0.0,23329.0,23329.0,0.0,4,0,0,995530.0,Creciente,1
4,2025-01-20 10:22:11,4200000.0,6,39,Independiente,20000000,1000000,623365,95.227787,803.0,10,7,0.0,192699.0,192699.0,0.0,6,0,2,1227272.0,Decreciente,1
9,2025-02-28 11:45:31,1427994.0,3,69,Independiente,5500000,5000000,378886,95.227787,889.0,4,2,0.0,1705.0,1705.0,0.0,2,0,0,2781850.0,Creciente,1
10,2025-08-17 09:54:30,1018440.0,6,68,Empleado,2584596,775000,152539,95.227787,819.0,9,8,0.0,32145.0,32145.0,0.0,4,1,2,2527293.0,Creciente,1
9,2025-01-24 17:00:04,665019.6,7,65,Empleado,2000000,1200000,78415,95.227787,834.0,6,6,0.0,14128.0,14128.0,0.0,4,1,0,916148.0,Creciente,1
9,2025-11-13 18:53:11,2073198.0,3,68,Empleado,3540000,1102000,556849,95.227787,869.0,4,1,0.0,71625.0,71625.0,0.0,3,0,0,,,1
4,2025-04-26 16:54:25,1020000.0,8,65,Empleado,3000000,900000,116534,95.227787,901.0,6,2,0.0,12934.0,12934.0,0.0,3,1,0,3251464.0,Creciente,1
10,2025-05-10 14:13:27,664680.0,6,67,Independiente,2000000,300000,99052,95.227787,819.0,4,1,0.0,5623.0,5623.0,0.0,3,0,1,941789.0,Creciente,1
4,2024-12-21 11:09:59,1399200.0,24,67,Empleado,2500000,800000,61229,95.227787,805.0,2,3,0.0,17351.0,17351.0,0.0,1,0,0,1540359.0,Estable,1
9,2025-01-25 11:06:50,822532.7999999999,9,66,Empleado,2500000,2000000,76524,95.227787,658.0,5,2,105.0,43458.0,43458.0,0.0,0,2,3,2955764.0,Creciente,1
4,2025-07-03 11:46:43,1384976.4,6,65,Empleado,3000000,2000000,208690,95.227787,809.0,3,2,0.0,1117.0,1117.0,0.0,0,2,1,958420.0,Creciente,1
4,2024-11-29 18:03:55,921600.0,6,66,Independiente,2200000,1100000,136645,95.227787,874.0,1,2,0.0,158.0,158.0,0.0,1,0,0,1800000.0,Estable,1
4,2025-01-26 16:17:23,1097136.0,6,66,Empleado,1400000,400000,163214,89.979287,787.0,2,2,0.0,15765.0,15765.0,0.0,2,0,0,925157.0,Creciente,1
4,2024-12-22 17:12:21,3022200.0,8,64,Empleado,1800000,1100000,342911,95.227787,859.0,6,3,0.0,35673.0,7245.0,0.0,4,1,1,,,1
9,2025-05-11 13:34:09,1820214.0,10,67,Empleado,2600000,650000,154787,95.227787,813.0,3,3,0.0,12500.0,12500.0,0.0,1,0,1,939017.0,Creciente,1
4,2025-09-22 09:17:36,1419600.0,10,63,Independiente,2290000,615000,135880,95.227787,824.0,3,5,0.0,1182.0,1182.0,0.0,1,0,1,774282.0,Creciente,1
4,2025-03-02 11:10:50,4065600.0,6,68,Independiente,6000000,2000000,604264,95.227787,830.0,2,2,0.0,4632.0,4632.0,0.0,1,0,0,33334.0,Estable,1
4,2026-01-22 15:13:53,4532400.0,36,64,Empleado,7725000,2274000,171015,95.227787,862.0,7,3,0.0,158659.0,157523.0,0.0,5,1,0,,,1
4,2024-12-30 13:13:48,753855.6,10,67,Empleado,1798000,100000,69857,95.227787,843.0,1,2,0.0,0.0,0.0,0.0,0,0,0,1936433.0,Creciente,1
9,2025-03-06 17:47:45,1015233.6,7,63,Independiente,4500000,1500000,119802,95.227787,796.0,9,7,0.0,24883.0,24883.0,0.0,4,2,0,908526.0,Estable,1
9,2025-04-25 15:06:53,1601151.5999999999,10,51,Empleado,3000000,1800000,137639,95.227787,829.0,11,6,0.0,15243.0,15243.0,0.0,4,0,2,3933679.0,Decreciente,1
9,2025-03-27 13:46:58,2376184.8,11,36,Empleado,4035000,2500000,185190,95.227787,822.0,6,6,0.0,291560.0,291560.0,0.0,5,0,0,4330052.0,Decreciente,1
9,2025-01-24 17:24:35,1669077.5999999999,11,66,Empleado,3200000,2000000,129859,95.227787,803.0,1,2,0.0,1325.0,1325.0,0.0,0,0,1,,,1
9,2025-02-01 16:49:20,1963357.2,11,56,Independiente,3300000,1400000,152754,92.228643,786.0,3,4,0.0,54100.0,47500.0,0.0,0,2,0,921593.0,Creciente,1
4,2024-11-28 16:03:20,3300601.1999999997,12,43,Empleado,4170000,1000000,258987,95.227787,746.0,9,2,0.0,39989.0,35407.0,0.0,4,3,0,3290773.0,Creciente,1
9,2025-05-16 10:00:40,2981610.0,11,54,Empleado,3100000,1580000,232640,95.227787,797.0,2,1,0.0,32756.0,32756.0,0.0,0,0,1,939017.0,Creciente,1
4,2025-02-27 17:01:34,2292000.0,10,59,Empleado,1700000,45600,213211,95.227787,814.0,8,2,0.0,27193.0,20823.0,0.0,2,0,5,849400.0,Creciente,1
4,2025-06-02 16:06:08,1273200.0,12,47,Empleado,1117000,35000,102236,95.227787,781.0,1,0,0.0,62.0,62.0,0.0,0,0,1,950105.0,Creciente,1
9,2025-04-10 14:32:54,3585025.1999999997,10,42,Independiente,5000000,2000000,304544,95.227787,778.0,1,2,0.0,53.0,53.0,0.0,0,0,1,931394.0,Creciente,1
4,2025-01-06 16:37:19,1560000.0,6,52,Independiente,2000000,400000,216667,95.227787,797.0,4,2,0.0,101109.0,101109.0,0.0,1,0,2,,,1
4,2024-12-15 18:43:29,1314000.0,12,64,Empleado,2500000,1500000,103162,61.695683,804.0,2,6,0.0,19870.0,19870.0,0.0,1,1,0,2137895.0,Estable,0
4,2024-12-24 10:43:22,1692418.8,12,57,Empleado,4000000,1000000,132854,95.227787,795.0,4,2,0.0,702.0,702.0,0.0,0,0,3,4360864.0,Estable,1
9,2025-02-01 09:51:01,1701302.4,10,52,Empleado,2500000,1000000,144297,95.227787,907.0,7,5,0.0,8884.0,8884.0,0.0,5,1,1,3597450.0,Creciente,1
4,2025-12-02 15:12:58,3300000.0,36,41,Empleado,4118000,1905000,125535,95.227787,747.0,5,8,0.0,2713.0,2713.0,0.0,2,0,1,1532666.0,Creciente,1
4,2025-03-28 18:33:35,630000.0,6,37,Empleado,2500000,500000,94037,95.227787,804.0,9,1,0.0,70710.0,70710.0,0.0,7,0,1,,,1
4,2024-12-31 16:13:47,3588000.0,18,57,Independiente,5000000,2000000,199058,95.227787,856.0,25,6,0.0,542337.0,313242.0,0.0,15,6,0,1000000.0,Estable,1
9,2025-01-08 14:09:36,4735336.8,9,47,Independiente,8000000,3200000,442240,95.227787,831.0,7,2,0.0,51699.0,51699.0,0.0,1,0,3,908526.0,Estable,1
4,2025-04-17 15:15:43,1348800.0,12,57,Independiente,1900000,760000,106143,95.227787,848.0,2,4,0.0,0.0,0.0,0.0,1,0,0,30285.0,Creciente,1
9,2025-07-20 08:23:16,2888496.0,9,57,Empleado,3000000,1500000,271312,95.227787,826.0,6,6,0.0,76414.0,76414.0,0.0,4,0,0,,,1
9,2024-12-20 11:21:41,1381728.0,11,53,Independiente,4000000,3000000,116850,95.227787,823.0,0,2,0.0,0.0,,,0,0,0,908526.0,Estable,1
4,2024-12-30 18:59:32,5436000.0,36,52,Empleado,1800000,420000,175764,95.227787,782.0,4,4,0.0,14191.0,14191.0,0.0,1,0,2,1381026.0,Estable,1
4,2025-05-27 15:43:07,900000.0,8,40,Independiente,2500000,500000,102603,95.227787,789.0,8,3,0.0,9128.0,9128.0,0.0,3,0,2,995923.0,Creciente,1
4,2025-04-24 16:57:59,3111064.8,24,41,Empleado,2600000,100000,138629,95.227787,779.0,7,5,0.0,50130.0,23130.0,0.0,3,2,2,1198083.0,Creciente,1
9,2025-05-16 17:38:31,1109160.0,10,63,Independiente,1900000,1000000,95346,95.227787,772.0,2,6,0.0,284.0,284.0,0.0,0,0,2,90853.0,Estable,1
9,2025-03-06 16:06:22,1355330.4,3,60,Empleado,3000000,2500000,359607,95.227787,881.0,21,5,0.0,1294959.0,1294959.0,0.0,18,0,3,13750000.0,Creciente,1
9,2025-06-19 17:46:52,1725919.2,10,60,Independiente,3500000,1800000,147000,95.227787,804.0,7,2,0.0,25786.0,25786.0,0.0,4,0,1,2139347.0,Creciente,1
4,2025-09-22 12:15:53,736800.0,6,58,Independiente,2030000,202000,111285,95.227787,896.0,6,6,0.0,4293.0,2053.0,0.0,2,0,3,977131.0,Creciente,1
9,2025-02-27 09:45:21,2023095.5999999999,9,37,Empleado,3000000,2000000,191176,95.227787,808.0,1,2,0.0,0.0,0.0,0.0,1,0,0,,,1
9,2025-05-11 10:52:25,1549425.5999999999,11,63,Independiente,2000000,800000,131556,95.227787,849.0,4,4,0.0,87211.0,37322.0,0.0,3,1,0,946640.0,Creciente,1
9,2025-01-29 11:09:42,1736229.5999999999,10,61,Empleado,1450000,450000,147259,95.227787,781.0,3,3,0.0,25601.0,25601.0,0.0,2,0,0,1585539.0,Creciente,1
9,2025-07-18 16:31:08,2600991.6,11,57,Empleado,6000000,0,219585,95.227787,890.0,23,8,0.0,297080.0,65933.0,0.0,12,1,1,3184043.0,Creciente,1
9,2025-04-30 11:04:35,1850478.0,10,57,Independiente,4000000,2000000,157361,95.227787,862.0,3,2,0.0,4277.0,4277.0,0.0,2,0,0,1036000.0,Estable,1
9,2025-11-29 17:27:22,3483885.6,10,55,Independiente,3680000,692000,307236,95.227787,894.0,6,1,0.0,21172.0,21172.0,0.0,4,0,0,2187663.0,Creciente,1
9,2025-05-17 12:24:49,964018.7999999999,8,64,Independiente,2000000,700000,100675,95.227787,802.0,0,1,0.0,0.0,,,0,0,0,,,1
4,2025-07-14 11:04:14,8640000.0,36,58,Empleado,4000000,200000,299965,95.227787,824.0,3,6,0.0,2117.0,2117.0,0.0,2,0,1,1592424.0,Creciente,1
4,2024-12-28 08:53:47,684600.0,12,48,Independiente,3800000,1150000,53718,95.227787,809.0,1,5,0.0,48161.0,48161.0,0.0,1,0,0,726821.0,Decreciente,1
9,2025-02-15 17:02:10,2013627.5999999999,9,58,Independiente,8000000,4000000,188235,95.227787,817.0,1,2,0.0,61.0,61.0,0.0,0,0,0,916841.0,Creciente,1
9,2025-08-24 12:37:15,3669322.8,10,42,Empleado,5000000,4939000,315641,95.227787,793.0,7,8,0.0,129728.0,129728.0,0.0,5,0,2,30285.0,Decreciente,1
4,2024-12-23 07:56:34,1416000.0,12,55,Independiente,1800000,300000,111155,95.227787,765.0,4,7,0.0,11366.0,5413.0,0.0,0,1,3,908526.0,Decreciente,1
4,2025-06-25 11:25:09,726600.0,6,47,Independiente,2000000,900000,108457,95.227787,838.0,3,2,0.0,12551.0,12551.0,0.0,2,0,0,1232583.0,Creciente,1
4,2025-02-16 15:57:06,366000.0,6,43,Empleado,4000000,2000000,54361,95.227787,755.0,13,8,0.0,147978.0,129015.0,0.0,2,2,7,3759105.0,Creciente,1
4,2025-07-15 14:18:07,1458000.0,10,40,Empleado,1500000,500000,137465,95.227787,756.0,8,10,0.0,13068.0,13068.0,0.0,3,0,4,,,1
9,2025-09-07 12:09:39,2388712.8,3,62,Empleado,1800000,0,636884,95.227787,780.0,1,2,0.0,0.0,0.0,0.0,0,0,0,,,1
9,2026-03-05 13:25:19,4106260.8,2,52,Independiente,4490000,1435000,1644056,95.227787,892.0,9,1,0.0,11347.0,11347.0,0.0,7,0,0,,,1
9,2025-03-27 10:52:51,1087909.2,10,49,Empleado,2500000,1200000,92417,95.227787,831.0,4,2,0.0,2534.0,2534.0,0.0,3,0,0,,,1
9,2025-05-25 11:20:29,964018.7999999999,8,65,Independiente,2000000,700000,100675,95.227787,802.0,1,0,0.0,0.0,0.0,0.0,0,0,0,,,1
4,2024-12-27 13:27:13,1348800.0,12,58,Independiente,3800000,400000,105829,95.227787,799.0,6,8,0.0,59747.0,44232.0,0.0,1,2,2,908526.0,Estable,1
4,2025-03-30 12:20:49,528000.0,6,38,Independiente,1800000,720000,78494,95.227787,785.0,7,4,0.0,3333.0,3333.0,0.0,1,2,3,1825581.0,Decreciente,1
4,2025-08-10 18:28:22,2752800.0,6,37,Independiente,1000000,2007000,415779,95.227787,689.0,6,5,0.0,15676.0,15676.0,0.0,3,0,2,851937.0,Creciente,1
9,2025-03-19 11:02:09,3103392.0,5,47,Independiente,4000000,2000000,503464,95.227787,803.0,12,4,0.0,269961.0,269961.0,0.0,9,0,1,1590909.0,Creciente,1
9,2025-11-24 08:58:07,1065600.0,2,42,Empleado,33860000,11870000,444000,95.227787,876.0,12,9,0.0,683495.0,683495.0,0.0,8,0,3,18486833.0,Creciente,1
9,2025-01-12 17:17:38,1450628.4,9,42,Independiente,1200000,600000,135476,95.227787,800.0,0,2,0.0,0.0,,,0,0,0,,,1
9,2025-05-16 16:00:59,840000.0,3,48,Independiente,2000000,700000,223006,95.227787,820.0,9,3,0.0,57691.0,57691.0,0.0,6,0,2,1246666.0,Decreciente,1
9,2024-12-13 09:15:07,3383991.6,11,36,Empleado,4150000,1500000,261405,95.227787,828.0,5,6,0.0,3214.0,3214.0,0.0,1,0,1,1644444.0,Creciente,1
4,2025-04-01 12:00:12,1693663.2,12,62,Independiente,2000000,500000,134268,95.227787,754.0,6,8,0.0,19490.0,19490.0,0.0,1,3,1,985609.0,Creciente,1
9,2025-03-21 11:55:31,1209436.8,10,52,Empleado,2100000,1000000,102740,95.227787,835.0,3,2,0.0,6222.0,45.0,0.0,0,1,0,3502115.0,Decreciente,1
4,2025-07-26 17:04:28,1249516.8,6,52,Empleado,1000000,0,188279,95.227787,816.0,4,2,0.0,61842.0,61842.0,0.0,4,0,0,1000000.0,Creciente,1
4,2024-12-12 16:56:59,1491702.0,12,51,Independiente,1100000,330000,117049,95.227787,805.0,1,0,0.0,1219.0,1219.0,0.0,0,0,1,,,1
4,2025-07-22 11:27:06,2037927.5999999999,6,47,Independiente,2620000,8075000,302688,95.227787,765.0,2,0,0.0,11456.0,6000.0,0.0,0,0,2,,,1
9,2025-03-12 11:34:06,1801722.0,10,43,Independiente,3000000,2000000,152974,85.538247,783.0,5,5,0.0,36985.0,21931.0,0.0,3,2,0,1000000.0,Decreciente,1
4,2025-02-08 12:49:24,1770000.0,6,47,Empleado,4000000,3000000,263311,95.227787,829.0,3,1,0.0,26322.0,26322.0,0.0,1,0,1,3441302.0,Decreciente,1
9,2026-01-21 17:12:53,5844256.8,11,43,Empleado,2041000,223000,479703,95.227787,802.0,3,7,0.0,577.0,577.0,0.0,0,0,1,,,1
4,2025-05-11 16:23:22,3760464.0,36,50,Empleado,1200000,100000,126875,95.227787,834.0,4,2,0.0,6728.0,6728.0,0.0,1,0,2,1559587.0,Creciente,1
9,2025-05-29 10:30:35,2286871.1999999997,10,48,Independiente,4000000,1500000,194675,95.227787,806.0,3,4,0.0,318.0,318.0,0.0,1,0,1,,,1
9,2025-01-08 11:51:33,2763224.4,9,58,Independiente,3400000,1400000,258061,95.227787,670.0,6,5,0.0,26651.0,6561.0,0.0,1,1,3,984236.0,Estable,1
4,2025-01-20 14:12:27,7683240.0,36,42,Empleado,3200000,500000,247613,95.227787,858.0,5,4,0.0,40805.0,29251.0,0.0,2,1,0,3254135.0,Creciente,1
9,2025-05-23 17:24:45,456016.8,2,57,Empleado,2100000,1300000,179804,95.227787,855.0,8,2,0.0,52786.0,52786.0,0.0,6,0,1,3417586.0,Creciente,1
4,2025-11-03 11:32:58,840000.0,6,56,Independiente,1990000,0,127944,95.227787,812.0,0,2,0.0,0.0,,,0,0,0,532317.0,Creciente,1
4,2024-12-17 17:09:25,1560000.0,12,54,Independiente,4000000,300000,122408,-14.837353,764.0,5,3,0.0,3402.0,3402.0,0.0,0,0,2,,,0
4,2025-07-18 13:07:32,1745191.2,6,52,Empleado,4300000,2000000,262968,95.227787,801.0,7,6,0.0,132175.0,132175.0,0.0,4,0,0,4365302.0,Decreciente,1
4,2025-04-24 15:11:06,8640000.0,36,40,Empleado,5500000,700000,281570,95.227787,848.0,7,4,0.0,120246.0,120246.0,0.0,5,0,1,3383613.0,Creciente,1
4,2025-08-20 10:02:41,3835051.1999999997,6,47,Independiente,31809,2154000,574403,95.227787,790.0,8,3,0.0,17706.0,9493.0,0.0,3,2,2,31809.0,Creciente,1
4,2024-12-03 09:05:14,925086.0,6,45,Empleado,1000000,750000,137338,95.227787,813.0,1,0,0.0,3143.0,3143.0,0.0,0,0,1,1029289.0,Creciente,1
4,2026-04-22 13:34:07,5874000.0,6,44,Empleado,4976000,964000,911133,95.227787,862.0,6,4,0.0,15976.0,15976.0,0.0,2,1,0,,,1
9,2025-07-02 17:30:39,878880.0,2,43,Independiente,5000000,2000000,346841,95.227787,828.0,4,9,0.0,129826.0,129826.0,0.0,0,1,2,903996.0,Creciente,1
9,2025-06-22 12:05:02,1526745.5999999999,9,43,Empleado,4500000,2500000,143131,95.227787,846.0,7,2,0.0,93807.0,93807.0,0.0,4,0,2,2727272.0,Creciente,1
4,2025-10-17 16:31:47,1625923.2,24,43,Independiente,2520000,906000,77457,95.227787,838.0,4,5,0.0,26752.0,26752.0,0.0,1,1,0,,,1
9,2025-05-08 08:39:18,1761219.5999999999,10,42,Empleado,2000000,1000000,149771,95.227787,777.0,0,0,0.0,0.0,,,0,0,0,925157.0,Creciente,1
4,2025-05-18 19:06:47,1469666.4,10,44,Independiente,3500000,215000,137775,95.227787,786.0,6,5,0.0,48136.0,15930.0,0.0,5,0,1,1506057.0,Decreciente,1
9,2025-05-15 12:29:41,1498992.0,2,42,Independiente,5000000,2000000,591302,95.227787,802.0,6,1,0.0,83680.0,83680.0,0.0,2,0,2,939017.0,Creciente,1
9,2025-08-04 09:49:15,2654108.4,9,41,Empleado,4500000,1000000,249296,95.227787,798.0,2,5,0.0,0.0,0.0,0.0,0,0,0,4225393.0,Creciente,1
4,2025-07-24 15:18:47,1225112.4,6,41,Independiente,1000000,356000,184601,95.227787,807.0,2,3,0.0,26316.0,26316.0,0.0,0,1,0,961885.0,Creciente,1
9,2025-01-11 15:34:53,916876.7999999999,10,42,Empleado,1500000,800000,77765,82.308401,726.0,7,1,0.0,73502.0,73502.0,,3,0,3,,,1
9,2025-02-15 11:59:28,3804502.8,9,37,Empleado,3000000,1500000,355648,95.227787,894.0,3,4,0.0,3606.0,3606.0,0.0,0,2,0,2840155.0,Creciente,1
9,2025-03-20 14:14:20,776900.4,11,51,Independiente,7000000,3500000,60548,95.227787,767.0,11,8,0.0,74819.0,74819.0,0.0,6,0,4,925157.0,Creciente,1
4,2024-12-23 14:43:14,600000.0,6,40,Independiente,2900000,900000,88962,95.227787,802.0,1,3,0.0,0.0,0.0,0.0,0,0,0,1161637.0,Decreciente,1
9,2025-05-04 08:19:25,1852965.5999999999,10,40,Empleado,1400000,800000,157573,95.227787,837.0,3,2,0.0,8153.0,8153.0,0.0,3,0,0,1202583.0,Creciente,1
4,2025-01-17 10:24:30,1736820.0,6,40,Independiente,3000000,1500000,257518,95.227787,844.0,12,3,0.0,111164.0,111164.0,0.0,4,0,3,688965.0,Decreciente,1
9,2025-02-24 11:47:06,1477653.5999999999,9,40,Empleado,4437982,3000000,137802,95.227787,847.0,6,3,0.0,15903.0,15903.0,0.0,3,0,0,4594880.0,Estable,1
9,2025-02-05 13:05:00,2169558.0,10,39,Independiente,5000000,4000000,184012,91.99794,895.0,8,3,0.0,148537.0,148537.0,0.0,6,0,0,1981817.0,Estable,1
9,2025-04-25 10:47:12,2643382.8,9,39,Empleado,3000000,2000000,250150,95.227787,819.0,1,2,0.0,0.0,0.0,0.0,0,0,0,1728080.0,Creciente,1
4,2025-01-11 10:55:09,619200.0,6,41,Empleado,3800000,2100000,91902,95.227787,731.0,12,6,0.0,12859.0,12859.0,0.0,4,0,4,,,1
9,2025-03-12 15:29:43,1301632.8,10,41,Empleado,3000000,1500000,110514,95.227787,841.0,3,11,0.0,6193.0,6193.0,0.0,3,0,0,908528.0,Decreciente,1
4,2025-03-22 19:01:43,2921881.1999999997,36,40,Independiente,1700000,400000,96325,95.227787,761.0,5,8,0.0,4061.0,4061.0,0.0,1,0,1,851007.0,Decreciente,1
4,2025-06-15 16:09:06,1258714.8,6,39,Independiente,2500000,1000000,189213,95.227787,796.0,8,5,0.0,25213.0,16624.0,0.0,1,3,2,516667.0,Creciente,1
4,2024-11-28 17:33:50,6475560.0,36,39,Empleado,10000000,3000000,208236,95.227787,828.0,12,6,0.0,611683.0,148727.0,0.0,10,1,0,3638436.0,Estable,1
9,2025-03-19 10:38:08,3256372.8,11,39,Empleado,3400000,1500000,253788,89.2295,787.0,2,3,0.0,377598.0,377598.0,0.0,2,0,0,,,1
9,2025-07-25 11:38:14,1381225.2,10,38,Empleado,1500000,800000,117888,95.227787,863.0,7,5,0.0,64667.0,24776.0,0.0,5,0,2,1231148.0,Creciente,1
9,2025-01-03 14:43:17,2823630.0,10,37,Empleado,6000000,3500000,239487,95.227787,838.0,2,2,0.0,171851.0,35.0,0.0,1,0,0,2521454.0,Creciente,1
9,2024-12-18 15:58:37,4156707.5999999996,11,36,Independiente,7000000,2500000,323403,89.979287,760.0,4,0,0.0,43.0,43.0,,0,0,3,,,1
9,2025-02-19 18:34:23,799680.0,11,42,Empleado,3100000,1500000,62288,91.99794,770.0,8,12,0.0,114808.0,113844.0,0.0,7,0,1,3207423.0,Creciente,1
9,2025-02-24 12:42:20,1103268.0,10,42,Empleado,1500000,800000,93672,95.227787,855.0,4,4,0.0,52051.0,52051.0,0.0,3,0,0,4410434.0,Creciente,1
4,2025-07-25 17:28:33,500640.0,6,44,Empleado,2660000,1666000,74230,95.227787,793.0,12,11,0.0,71744.0,71744.0,0.0,7,0,2,,,1
4,2025-04-06 14:36:33,8494800.0,6,44,Empleado,8000000,1000000,1261710,95.227787,871.0,8,6,0.0,27435.0,27435.0,0.0,3,0,2,,,1
4,2025-04-28 15:38:26,1163461.2,12,39,Empleado,1200000,600000,92795,95.227787,801.0,0,2,0.0,0.0,,,0,0,0,,,1
4,2025-04-10 14:26:49,3475680.0,6,39,Independiente,18000000,5000000,516233,95.227787,747.0,10,7,0.0,208080.0,208080.0,0.0,5,0,2,933473.0,1000000,1
4,2025-09-07 16:57:05,1925768.4,6,39,Independiente,3252000,2106000,290866,95.227787,758.0,8,6,0.0,114403.0,114403.0,0.0,4,0,2,893333.0,Creciente,1
9,2025-06-01 13:53:32,1770720.0,9,39,Empleado,3000000,1000000,165924,95.227787,765.0,4,2,0.0,11564.0,11564.0,0.0,2,0,1,,,1
4,2025-10-25 09:26:48,2512148.4,8,39,Empleado,1890000,221000,294464,95.227787,769.0,5,2,0.0,1384.0,1384.0,0.0,1,0,4,150000.0,Creciente,1
10,2025-03-27 10:55:37,1200000.0,18,42,Empleado,3500000,2000000,66526,95.227787,784.0,8,6,0.0,66236.0,66236.0,0.0,5,0,3,,,1
4,2025-01-10 11:12:07,1348800.0,12,42,Independiente,3800000,400000,105829,95.227787,755.0,5,4,0.0,28414.0,28414.0,0.0,0,0,3,30285.0,Estable,1
9,2025-06-06 10:38:52,2007241.2,9,41,Independiente,3650000,1958000,188088,95.227787,820.0,4,4,0.0,54173.0,54173.0,0.0,2,1,1,,,1
9,2025-07-13 15:46:38,3588486.0,11,41,Empleado,5000000,2500000,280470,95.227787,881.0,4,4,0.0,42510.0,42510.0,0.0,2,0,0,5000000.0,Creciente,1
9,2025-07-24 16:19:29,2106543.6,9,41,Independiente,1300000,500000,197865,95.227787,821.0,3,2,0.0,4123.0,4123.0,0.0,2,0,0,,,1
9,2025-11-02 17:53:25,5009214.0,9,41,Empleado,4330000,2620000,482486,95.227787,861.0,11,6,0.0,108392.0,108392.0,0.0,7,0,1,3862682.0,Creciente,1
9,2025-04-30 15:34:41,6663319.2,9,41,Independiente,15000000,5000000,623786,95.227787,768.0,11,11,0.0,198613.0,198613.0,0.0,9,0,0,8517310.0,Creciente,1
9,2025-04-10 16:46:13,1540652.4,9,40,Independiente,3850000,2650000,144090,95.227787,842.0,3,5,0.0,25849.0,25849.0,0.0,1,1,0,688965.0,Decreciente,1
10,2025-03-05 13:06:07,600000.0,18,43,Independiente,2300000,1500000,33268,95.227787,832.0,4,2,0.0,4235.0,4235.0,0.0,2,0,1,688965.0,Decreciente,1
9,2025-02-21 16:18:13,1604400.0,5,41,Independiente,4000000,2000000,260206,88.229786,811.0,6,3,0.0,111877.0,92976.0,0.0,2,1,3,923771.0,Creciente,1
9,2025-09-18 18:52:04,5900520.0,3,41,Empleado,5269000,842000,1573211,95.227787,815.0,10,4,0.0,925.0,925.0,0.0,9,0,0,3146686.0,Creciente,1
4,2025-05-12 18:16:12,1670280.0,12,43,Empleado,1450000,300000,131456,95.227787,792.0,2,1,0.0,1549.0,1549.0,0.0,1,0,1,1431066.0,Creciente,1
9,2024-11-27 16:42:31,1260217.2,10,36,Empleado,4000000,1500000,106718,-5.665257,686.0,8,1,45.0,11989.0,11989.0,,3,0,5,,,0
9,2025-04-17 13:25:43,3902588.4,9,36,Independiente,3000000,1000000,365341,95.227787,806.0,8,5,0.0,20872.0,20111.0,0.0,5,0,1,1100000.0,Estable,1
9,2025-11-10 12:53:26,1221123.5999999999,10,37,Empleado,8790000,8250000,107134,95.227787,730.0,12,19,0.0,149007.0,0.0,0.0,6,0,4,2000000.0,Estable,1
4,2024-12-24 16:22:54,3600000.0,18,57,Empleado,1200000,400000,199015,95.227787,769.0,2,2,0.0,645.0,645.0,0.0,0,0,2,1028087.0,Creciente,1
9,2025-06-25 17:31:08,2240565.6,5,45,Empleado,3500000,2000000,364016,95.227787,817.0,4,2,0.0,20208.0,20208.0,0.0,3,0,0,3432732.0,Creciente,1
4,2025-01-14 11:13:22,2112000.0,12,39,Independiente,3200000,1700000,165170,95.227787,809.0,6,4,0.0,13317.0,8817.0,0.0,5,0,0,732877.0,Estable,1
4,2024-12-11 13:27:12,1348800.0,12,62,Independiente,3800000,2150000,105829,95.227787,799.0,1,1,0.0,450.0,450.0,0.0,1,0,0,908526.0,Estable,1
9,2025-05-23 13:47:50,3946042.8,9,62,Empleado,9000000,5300000,369762,95.227787,869.0,3,2,0.0,3387.0,3387.0,0.0,3,0,0,8727272.0,Creciente,1
4,2025-01-14 11:06:42,1520640.0,12,62,Empleado,1200000,200000,119091,95.227787,760.0,9,4,0.0,15237.0,15237.0,0.0,4,0,4,908526.0,Estable,1
9,2025-05-24 09:13:00,2591889.6,9,62,Empleado,5767000,2500000,242872,95.227787,782.0,8,2,0.0,85052.0,85052.0,0.0,2,0,1,5958384.0,Decreciente,1
4,2025-04-10 08:12:24,4875120.0,18,61,Empleado,1700000,400000,269794,95.227787,724.0,6,7,0.0,24722.0,24722.0,0.0,1,1,3,1813193.0,Creciente,1
4,2025-09-27 15:51:49,937800.0,6,61,Independiente,1950000,507000,142840,95.227787,850.0,6,3,0.0,10149.0,10149.0,0.0,3,0,1,983368.0,Creciente,1
9,2024-12-26 10:49:20,845754.0,10,61,Independiente,3000000,2000000,71733,95.227787,717.0,7,5,0.0,13446.0,13446.0,0.0,2,1,2,908526.0,Estable,1
4,2025-02-23 13:17:19,2352000.0,6,60,Empleado,2000000,600000,349911,95.227787,856.0,6,3,0.0,8823.0,102.0,0.0,4,0,1,2084474.0,Creciente,1
9,2025-05-23 18:08:46,1722526.8,9,60,Empleado,2500000,1000000,161409,95.227787,893.0,7,2,0.0,107895.0,77723.0,0.0,5,0,0,6901361.0,Creciente,1
4,2025-01-14 13:25:51,1728789.5999999999,12,61,Empleado,1500000,450000,135200,86.230357,814.0,3,7,0.0,2387.0,2387.0,0.0,0,0,2,1443332.0,Creciente,1
9,2025-06-01 11:43:29,2422382.4,10,59,Empleado,2500000,1600000,206211,95.227787,832.0,0,2,0.0,0.0,,,0,0,0,946640.0,Creciente,1
9,2024-12-18 11:43:03,2204299.1999999997,9,59,Independiente,5500000,3000000,205567,95.227787,872.0,6,1,0.0,60665.0,60665.0,0.0,5,0,0,2465917.0,Creciente,1
9,2025-06-14 18:16:00,1687792.8,9,59,Empleado,4000000,2000000,158154,95.227787,873.0,4,0,0.0,102636.0,86254.0,0.0,2,1,0,,,1
4,2025-01-27 17:50:52,1299600.0,12,58,Independiente,3500000,900000,102398,95.227787,840.0,3,2,0.0,0.0,0.0,0.0,0,0,1,1000000.0,Creciente,1
9,2025-01-16 17:15:31,799680.0,11,57,Independiente,3300000,1400000,62217,91.99794,812.0,2,0,0.0,35137.0,35137.0,,1,0,1,,,1
4,2024-12-13 11:10:30,2037600.0,12,57,Empleado,2400000,500000,159950,95.227787,855.0,2,3,0.0,0.0,0.0,0.0,1,0,0,,,1
4,2025-04-04 12:26:22,1488000.0,6,57,Independiente,5000000,2000000,221210,95.227787,785.0,4,5,0.0,60878.0,60878.0,0.0,0,3,0,981410.0,Creciente,1
9,2025-05-24 11:01:02,1977864.0,9,57,Empleado,4000000,2600000,185335,95.227787,822.0,2,6,0.0,7970.0,7970.0,0.0,2,0,0,946640.0,Creciente,1
9,2025-02-13 17:38:44,1277478.0,10,57,Independiente,4000000,2500000,108464,95.227787,855.0,1,2,0.0,996.0,996.0,0.0,1,0,0,919960.0,Creciente,1
9,2025-04-18 15:55:04,740545.2,7,56,Empleado,3000000,1500000,88344,95.227787,862.0,10,3,0.0,13755.0,13755.0,0.0,5,0,2,2086363.0,Creciente,1
9,2025-04-14 10:50:08,5467141.2,10,56,Independiente,3500000,1000000,505342,95.227787,781.0,4,4,0.0,41036.0,27019.0,0.0,2,0,1,977131.0,Creciente,1
9,2025-01-16 12:40:09,2508831.6,11,57,Empleado,6000000,4000000,212167,95.227787,815.0,10,2,0.0,181029.0,133835.0,0.0,4,0,2,3640000.0,Creciente,1
9,2025-03-16 17:52:39,3544756.8,11,56,Independiente,2900000,2000000,276264,95.227787,772.0,5,0,0.0,14103.0,14103.0,0.0,2,0,3,,,1
9,2025-02-07 14:04:39,2984607.6,10,56,Empleado,3500000,0,253141,95.227787,804.0,5,8,0.0,58074.0,58074.0,0.0,3,0,1,2314207.0,Estable,1
9,2025-06-13 18:34:57,1397446.8,9,55,Independiente,3000000,1000000,130947,95.227787,854.0,8,4,0.0,110623.0,110623.0,0.0,8,0,0,3500000.0,Estable,1
9,2025-01-31 15:30:26,1571496.0,9,55,Independiente,8000000,4200000,146764,47.613894,848.0,16,2,0.0,4055.0,4055.0,0.0,4,0,10,2426000.0,Estable,0
9,2025-05-18 14:40:25,1312480.8,10,55,Empleado,1300000,520000,111728,95.227787,807.0,11,6,0.0,52245.0,0.0,0.0,3,1,3,1368844.0,Creciente,1
4,2025-06-21 16:34:29,806400.0,6,55,Independiente,3500000,510000,121220,95.227787,849.0,5,8,0.0,5760.0,3693.0,0.0,1,2,1,954263.0,Creciente,1
4,2025-04-26 12:06:40,396261.6,6,55,Empleado,6000000,4000000,59148,78.432586,793.0,5,7,0.0,97940.0,97940.0,0.0,1,1,2,797484.0,Decreciente,1
9,2025-05-28 14:26:53,1255708.8,10,55,Empleado,3500000,1000000,106895,95.227787,884.0,9,3,0.0,55983.0,55983.0,0.0,4,1,2,,,1
9,2025-04-25 16:51:54,3543170.4,10,56,Independiente,12000000,5000000,301304,95.227787,792.0,12,3,0.0,198777.0,198777.0,0.0,8,0,3,933473.0,Creciente,1
9,2025-03-15 14:45:11,2696257.1999999997,9,54,Empleado,6040000,1400000,252048,95.227787,828.0,6,3,0.0,71884.0,60449.0,0.0,3,1,1,5688524.0,Creciente,1
9,2024-12-26 09:56:18,2419399.1999999997,10,56,Independiente,4500000,1200000,205202,81.231786,669.0,8,4,222.0,171275.0,171275.0,,5,0,1,,,1
9,2025-04-23 17:27:17,11310267.6,9,54,Independiente,9083000,6000000,1058810,91.728786,895.0,1,7,0.0,75.0,75.0,0.0,0,0,1,829911.0,Creciente,1
4,2025-08-03 15:51:07,1264800.0,12,53,Independiente,30285,723000,102439,95.227787,766.0,10,16,0.0,43188.0,43188.0,0.0,3,1,6,30285.0,Estable,1
9,2025-05-22 15:09:59,738384.0,9,54,Independiente,5000000,2500000,69190,95.227787,834.0,8,4,0.0,108068.0,108068.0,0.0,6,0,0,946640.0,Creciente,1
9,2025-05-15 13:03:31,1464720.0,9,53,Independiente,3742000,3742000,137120,95.227787,836.0,4,3,0.0,7114.0,7114.0,0.0,1,2,0,,,1
4,2025-07-04 12:00:53,435240.0,8,53,Independiente,3800000,800000,50325,90.562453,819.0,9,3,0.0,12669.0,12669.0,0.0,4,1,2,,,1
9,2025-02-09 10:13:51,799680.0,10,52,Independiente,3200000,1400000,67825,95.227787,807.0,0,2,0.0,0.0,,,0,0,0,,,1
9,2025-06-15 09:30:21,3346236.0,10,52,Empleado,4000000,3000000,284856,88.229786,798.0,3,2,0.0,91333.0,91333.0,0.0,2,0,0,1740479.0,Decreciente,1
9,2025-04-11 11:42:16,1770720.0,10,42,Empleado,5000000,3000000,150421,85.538247,809.0,6,8,0.0,112128.0,112128.0,0.0,1,0,2,7796033.0,Creciente,1
4,2025-02-22 09:14:08,1320000.0,8,51,Empleado,1500000,700000,150161,45.764593,848.0,3,3,0.0,30271.0,30271.0,0.0,2,1,0,1642839.0,Creciente,0
4,2025-06-15 16:10:34,1311600.0,6,51,Independiente,3800000,0,197163,95.227787,798.0,1,3,0.0,0.0,0.0,0.0,0,0,1,1242317.0,Decreciente,1
4,2025-02-27 17:28:13,1917600.0,6,51,Independiente,7000000,3500000,284816,95.227787,816.0,6,3,0.0,12023.0,12023.0,0.0,3,1,1,903132.0,Creciente,1
9,2025-01-26 17:13:30,3068128.8,11,50,Empleado,2400000,800000,238709,95.227787,791.0,18,4,0.0,98222.0,98222.0,0.0,8,1,3,916148.0,Creciente,1
9,2025-04-16 15:15:47,1380001.2,10,51,Empleado,1300000,600000,117230,95.227787,827.0,2,4,0.0,0.0,0.0,0.0,0,0,2,931394.0,Creciente,1
9,2025-07-17 18:27:43,1629975.5999999999,9,51,Empleado,3000000,2500000,153101,95.227787,879.0,1,2,0.0,59753.0,59753.0,0.0,1,0,0,1360469.0,Creciente,1
4,2025-01-07 11:08:28,606678.0,12,50,Empleado,1500000,450000,47742,70.093283,749.0,8,5,0.0,18459.0,18459.0,0.0,1,1,4,1699795.0,Creciente,1
4,2025-01-10 14:36:02,667800.0,6,50,Independiente,3800000,1025000,99115,95.227787,738.0,8,9,0.0,19128.0,19128.0,0.0,4,1,2,,,1
9,2025-03-01 11:14:30,1308835.2,10,49,Empleado,2000000,1000000,111126,95.227787,801.0,3,2,0.0,45150.0,45150.0,0.0,1,0,1,3738052.0,Creciente,1
9,2025-06-20 12:03:56,821788.7999999999,9,49,Independiente,5000000,3000000,77042,95.227787,750.0,7,4,0.0,17052.0,6998.0,0.0,3,1,1,954263.0,Creciente,1
9,2025-03-15 17:03:35,1143631.2,10,48,Independiente,4500000,2000000,97099,95.227787,711.0,7,8,0.0,117731.0,117731.0,0.0,2,2,3,923771.0,Creciente,1
4,2025-02-16 10:15:04,3196611.6,12,48,Independiente,4500000,1000000,251867,95.227787,763.0,6,5,0.0,3582.0,3582.0,0.0,2,0,2,,,1
4,2026-01-16 10:53:49,4532400.0,36,49,Empleado,5092000,1105000,171015,95.227787,806.0,4,2,0.0,22342.0,22342.0,0.0,4,0,0,1600000.0,Estable,1
4,2025-06-09 13:44:19,628240.7999999999,6,47,Independiente,3000000,800000,94439,95.227787,817.0,6,3,0.0,5014.0,5014.0,0.0,1,2,2,,,1
9,2025-03-01 10:18:02,1716024.0,10,47,Empleado,3000000,1200000,145698,95.227787,776.0,8,2,0.0,44159.0,35437.0,0.0,3,1,2,1959360.0,Creciente,1
9,2025-01-11 09:17:29,1345897.2,10,47,Independiente,9000000,6000000,114153,95.227787,818.0,7,3,0.0,45965.0,45965.0,0.0,7,0,0,1500000.0,Estable,1
4,2025-08-31 12:12:41,6708000.0,12,47,Empleado,3460000,1369000,548316,95.227787,777.0,7,4,0.0,29302.0,29302.0,0.0,2,0,5,977131.0,Creciente,1
9,2025-04-05 12:26:42,2827244.4,9,45,Empleado,6000000,4500000,263788,91.728786,863.0,6,4,0.0,258186.0,248589.0,0.0,4,0,1,1500000.0,Decreciente,1
4,2024-12-09 10:12:48,2849280.0,12,45,Independiente,3000000,1100000,223146,95.227787,850.0,5,1,0.0,37294.0,35974.0,0.0,3,0,1,908526.0,Estable,1
4,2025-05-03 12:32:49,2245200.0,6,45,Empleado,3500000,500000,333777,95.227787,799.0,4,5,0.0,377.0,377.0,0.0,1,0,1,3755914.0,Creciente,1
4,2025-03-17 11:57:52,1052400.0,6,46,Independiente,877000,3000000,156831,95.227787,718.0,7,7,0.0,25126.0,25126.0,0.0,2,0,4,,,1
9,2025-04-04 09:19:15,3915576.0,9,44,Empleado,13187000,7600000,366206,95.227787,876.0,9,3,0.0,445866.0,445866.0,0.0,5,1,0,12448578.0,Creciente,1
9,2026-01-28 16:52:58,905691.6,10,45,Empleado,5243000,2465000,80696,95.227787,802.0,7,3,0.0,25013.0,14699.0,0.0,4,1,1,2315262.0,Creciente,1
9,2025-08-22 12:25:18,1561700.4,10,54,Independiente,1017500,319000,134340,95.227787,818.0,7,4,0.0,7320.0,7320.0,0.0,5,0,0,1170104.0,Creciente,1
9,2025-10-09 12:04:00,4827878.399999999,6,46,Independiente,25530000,9457000,667496,95.227787,879.0,11,4,0.0,279678.0,279678.0,0.0,11,0,0,1775000.0,Creciente,1
4,2025-03-20 17:00:47,695040.0,12,46,Independiente,3000000,1800000,54937,91.99794,826.0,3,7,0.0,23372.0,23372.0,0.0,1,2,0,923771.0,Creciente,1
9,2025-06-27 17:05:13,2332068.0,9,44,Empleado,3000000,2000000,218630,95.227787,867.0,4,2,0.0,82183.0,82183.0,0.0,3,0,0,9390921.0,Creciente,1
9,2025-04-11 10:22:36,868575.6,12,44,Empleado,6330000,3900000,60318,95.227787,858.0,5,5,0.0,106007.0,33405.0,0.0,5,0,0,993658.0,Decreciente,1
9,2025-02-07 12:32:09,1872788.4,11,45,Empleado,3000000,1500000,145708,92.228643,778.0,5,3,0.0,27889.0,27889.0,0.0,2,0,1,916148.0,Creciente,1
4,2025-05-30 14:50:14,1764000.0,6,44,Independiente,2000000,400000,264207,95.227787,728.0,3,4,0.0,927.0,927.0,0.0,0,0,2,30285.0,Creciente,1
4,2025-08-14 15:05:12,6624000.0,6,42,Empleado,12392000,8788000,997035,95.227787,794.0,11,4,0.0,691980.0,689703.0,0.0,3,3,1,908526.0,Creciente,1
4,2024-12-16 11:15:29,4080000.0,6,58,Independiente,4000000,1500000,603919,95.227787,759.0,3,3,0.0,309.0,309.0,0.0,0,0,1,,,1
9,2025-07-31 17:38:52,1779402.0,2,60,Empleado,3500000,2000000,702635,95.227787,860.0,5,4,0.0,21001.0,21001.0,0.0,2,1,1,4487399.0,Creciente,1
9,2025-07-06 10:36:00,878880.0,5,51,Independiente,2800000,1500000,142788,95.227787,799.0,4,3,0.0,9467.0,9467.0,0.0,2,0,1,,,1
9,2025-10-09 17:10:07,2227932.0,11,47,Independiente,7170000,3025000,177520,95.227787,846.0,4,9,0.0,105218.0,105218.0,0.0,3,0,0,1515016.0,Creciente,1
4,2025-03-25 18:22:24,3227893.1999999997,36,37,Empleado,2700000,700000,106382,95.227787,807.0,3,5,0.0,13887.0,13887.0,0.0,1,0,1,925157.0,Creciente,1
9,2025-06-21 18:24:08,936480.0,6,50,Empleado,2000000,1000000,128003,95.227787,903.0,5,3,0.0,17434.0,17434.0,0.0,4,0,0,954263.0,Creciente,1
9,2024-12-11 16:15:02,1531060.8,10,52,Empleado,4800000,2700000,129653,95.227787,750.0,1,0,0.0,47783.0,0.0,0.0,0,0,0,,,1
4,2025-04-05 17:07:44,2152680.0,12,57,Independiente,3500000,1000000,169404,95.227787,784.0,5,8,0.0,1597.0,1597.0,0.0,2,0,2,939017.0,Creciente,1
4,2025-03-18 12:29:21,4248058.8,6,56,Independiente,4000000,600000,630953,95.227787,822.0,13,10,0.0,155467.0,155467.0,0.0,10,0,2,,,1
4,2025-03-23 15:42:11,1620060.0,12,53,Independiente,2000000,700000,127279,95.227787,854.0,6,2,0.0,49536.0,2420.0,0.0,3,0,1,931394.0,Creciente,1
4,2025-07-27 08:32:03,1171200.0,6,54,Empleado,1883897,552000,176058,95.227787,751.0,10,3,0.0,32879.0,13028.0,0.0,5,0,2,1966675.0,Creciente,1
4,2025-07-05 10:03:26,1066560.0,6,49,Independiente,7000000,850000,160338,95.227787,771.0,10,2,0.0,16880.0,15962.0,0.0,5,0,2,961885.0,Creciente,1
4,2025-04-25 14:42:25,398400.0,6,47,Empleado,1400000,500000,59468,95.227787,746.0,1,2,0.0,0.0,0.0,0.0,0,0,0,2737252.0,Creciente,1
9,2025-04-10 14:58:45,1269000.0,5,46,Empleado,5000000,2000000,205870,95.227787,848.0,15,15,0.0,295069.0,232549.0,0.0,5,0,6,,,1
4,2025-06-07 13:18:52,1382400.0,6,44,Independiente,6000000,2600000,207806,95.227787,732.0,8,5,0.0,39293.0,39293.0,0.0,5,0,1,,,1
4,2025-03-03 17:32:29,2400000.0,6,41,Empleado,5000000,2200000,356465,89.979287,729.0,4,3,0.0,1910.0,1910.0,0.0,2,0,0,2010909.0,Creciente,1
4,2025-04-12 18:25:03,5451720.0,18,39,Empleado,2400000,500000,301739,95.227787,708.0,2,1,0.0,50000.0,50000.0,0.0,1,0,0,2067940.0,Creciente,1
4,2025-08-22 10:53:40,5625000.0,6,51,Independiente,5690000,1997000,846667,83.231214,855.0,4,2,0.0,16808.0,16808.0,0.0,2,0,1,1583333.0,Creciente,1
4,2025-01-26 18:15:48,4756800.0,12,63,Empleado,6000000,2000000,372766,75.691683,797.0,9,8,0.0,138100.0,138100.0,0.0,6,0,0,9573086.0,Creciente,1
4,2025-06-09 17:36:48,652800.0,6,59,Independiente,8000000,3500000,98131,95.227787,842.0,16,4,0.0,173488.0,173488.0,0.0,8,0,4,,,1
4,2025-08-16 17:36:07,2038140.0,6,55,Independiente,2440000,9000,305240,95.227787,825.0,3,3,0.0,9.0,9.0,0.0,2,0,0,,,1
4,2025-04-08 14:05:02,1707120.0,6,54,Empleado,7000000,2500000,253784,95.227787,789.0,6,3,0.0,31183.0,24854.0,0.0,4,0,0,939017.0,Creciente,1
4,2025-02-08 10:49:08,1010280.0,12,53,Empleado,2000000,600000,79372,95.227787,726.0,25,7,0.0,23492.0,23492.0,0.0,11,0,7,1665102.0,Creciente,1
4,2025-03-25 14:35:36,2645760.0,10,53,Empleado,4500000,1300000,244811,95.227787,795.0,7,7,0.0,189215.0,189215.0,0.0,4,0,0,,,1
4,2025-01-26 12:36:10,1717200.0,12,49,Empleado,15000000,5000000,134911,95.227787,791.0,3,3,0.0,4830.0,4830.0,0.0,0,1,1,916841.0,Creciente,1
4,2025-08-25 16:42:34,2340600.0,12,48,Empleado,2300000,900000,183308,95.227787,763.0,17,6,0.0,26252.0,26252.0,0.0,14,0,2,3236103.0,Decreciente,1
4,2025-01-23 12:23:20,2893800.0,6,48,Empleado,1700000,700000,429208,95.227787,736.0,3,2,0.0,30126.0,30126.0,0.0,0,1,1,1690910.0,Estable,1
4,2025-04-09 15:30:08,1560000.0,12,45,Empleado,6000000,1000000,123671,95.227787,744.0,5,5,0.0,27134.0,27134.0,0.0,3,0,1,1429793.0,Creciente,1
4,2025-03-26 16:48:27,3025920.0,24,40,Empleado,5500000,2000000,132890,95.227787,796.0,6,7,0.0,57964.0,57964.0,0.0,5,0,0,5689769.0,Creciente,1
4,2026-03-05 15:42:34,2484000.0,6,45,Independiente,3735000,0,384628,95.227787,779.0,1,2,0.0,68.0,68.0,0.0,0,0,0,1240000.0,Creciente,1
4,2025-01-09 17:18:49,1560000.0,12,47,Independiente,10000000,4000000,122000,95.227787,832.0,8,1,0.0,9253.0,9253.0,0.0,2,0,1,916148.0,Creciente,1
4,2024-12-10 11:30:30,1335240.0,6,44,Empleado,2800000,800000,198184,95.227787,760.0,4,0,0.0,7309.0,7309.0,0.0,2,0,0,,,1
4,2024-12-10 15:54:56,1923600.0,6,42,Empleado,4000000,600000,284923,95.227787,805.0,10,4,0.0,95045.0,95045.0,0.0,8,0,0,1794414.0,Creciente,1
4,2024-12-12 13:50:14,637140.0,6,45,Empleado,2000000,500000,94469,95.227787,743.0,7,29,0.0,22450.0,21947.0,0.0,5,0,0,1739093.0,Creciente,1
4,2025-01-11 14:47:10,5712000.0,6,42,Independiente,15000000,6000000,846257,95.227787,778.0,13,3,0.0,527517.0,527517.0,0.0,7,1,4,2285467.0,Creciente,1
4,2025-03-21 10:03:15,1926000.0,6,59,Independiente,8000000,2400000,286259,95.227787,841.0,4,3,0.0,17207.0,264.0,0.0,2,0,0,946394.0,Creciente,1
4,2024-12-02 07:48:32,2146800.0,10,49,Empleado,2000000,250000,197811,95.227787,832.0,3,2,0.0,44038.0,42.0,0.0,0,1,0,635969.0,Estable,1
9,2025-02-08 14:11:27,1604400.0,5,46,Independiente,4000000,2000000,260055,95.227787,864.0,7,2,0.0,228518.0,228518.0,0.0,3,0,2,1356250.0,Creciente,1
4,2025-05-20 17:29:36,3637112.4,6,42,Independiente,5000000,1900000,542046,95.227787,767.0,15,9,0.0,143647.0,143647.0,0.0,12,0,1,927067.0,Creciente,1
4,2025-07-11 13:37:57,2792640.0,6,46,Empleado,2000000,500000,414783,95.227787,857.0,3,3,0.0,8074.0,8074.0,0.0,3,0,0,933333.0,Creciente,1
9,2024-12-26 14:38:38,1183695.5999999999,10,55,Independiente,3250000,1255550,100396,95.227787,831.0,8,1,0.0,21450.0,21450.0,,0,0,5,,,1
4,2025-02-19 10:37:05,1649280.0,6,51,Empleado,12000000,4000000,244796,95.227787,767.0,8,3,0.0,6205.0,6205.0,0.0,1,0,3,30285.0,Estable,1
4,2025-08-14 15:51:40,2101200.0,6,49,Empleado,3830000,981000,316270,95.227787,771.0,9,7,0.0,41231.0,41231.0,0.0,3,0,2,2805347.0,Creciente,1
4,2025-01-28 17:21:51,3220440.0,6,49,Empleado,2250000,0,478323,95.227787,862.0,5,2,0.0,30011.0,30011.0,0.0,3,0,0,2288461.0,22832,1
4,2025-05-18 15:42:35,1656000.0,6,47,Empleado,6000000,1500000,246797,95.227787,791.0,3,3,0.0,0.0,0.0,0.0,0,0,0,,,1
4,2026-01-23 13:48:17,3291120.0,24,42,Empleado,6345000,2716000,158992,95.227787,813.0,10,8,0.0,106473.0,106473.0,0.0,9,0,0,1000000.0,Estable,1
4,2025-03-31 10:46:26,600000.0,6,38,Empleado,3500000,1500000,89197,95.227787,760.0,5,0,0.0,10001.0,10001.0,,1,0,2,,,1
4,2025-04-09 12:39:14,1200000.0,6,45,Empleado,5000000,1500000,178395,95.227787,762.0,4,5,0.0,11467.0,11467.0,0.0,0,0,2,933473.0,Creciente,1
4,2025-02-27 13:26:27,1896000.0,6,41,Independiente,8000000,7000000,281800,95.227787,743.0,11,4,0.0,62943.0,62943.0,0.0,5,0,0,925157.0,Creciente,1
4,2025-01-23 08:12:40,1492260.0,8,55,Empleado,3000000,2000000,169026,95.227787,739.0,5,2,17.0,42749.0,42749.0,0.0,3,0,0,,,1
4,2025-02-18 15:15:40,3442561.1999999997,12,47,Empleado,4500000,1000000,270463,95.227787,819.0,5,6,0.0,61312.0,61312.0,0.0,2,0,0,,,1
4,2025-12-15 13:21:46,3216000.0,6,54,Independiente,8224000,2145000,493083,95.227787,769.0,4,3,0.0,134165.0,134165.0,0.0,2,0,0,1000000.0,Estable,1
9,2025-03-01 11:07:23,936480.0,2,50,Independiente,5000000,2000000,369247,95.227787,793.0,5,6,0.0,21241.0,21241.0,0.0,3,0,2,2023317.0,Creciente,1
9,2025-04-10 17:42:14,1109160.0,9,48,Independiente,5000000,5000000,103735,95.227787,825.0,7,2,0.0,65546.0,65546.0,0.0,4,0,1,1318181.0,Creciente,1
4,2025-09-09 16:07:54,480000.0,6,39,Empleado,2980000,838000,72139,95.227787,747.0,7,5,0.0,44658.0,17679.0,0.0,4,1,2,1393854.0,Creciente,1
4,2025-02-23 11:35:29,3360000.0,6,39,Independiente,8000000,1500000,499052,95.227787,736.0,4,4,0.0,31123.0,31123.0,0.0,2,0,0,,,1
4,2025-08-04 15:16:09,1485864.0,6,55,Independiente,3000000,1000000,220289,95.227787,802.0,2,0,0.0,0.0,0.0,0.0,2,0,0,,,1
9,2024-11-27 11:41:46,1547084.4,10,47,Independiente,3000000,1500000,131010,95.227787,710.0,8,10,0.0,34476.0,26250.0,0.0,4,0,2,,,1
4,2025-08-25 13:16:27,2003880.0,6,48,Empleado,2140000,0,300136,90.562453,771.0,2,4,0.0,0.0,0.0,0.0,0,0,1,975052.0,Decreciente,1
4,2024-12-24 18:20:39,1137240.0,6,40,Empleado,1800000,400000,168796,95.227787,806.0,3,0,0.0,23267.0,23267.0,0.0,0,1,1,2253180.0,Decreciente,1
4,2025-03-30 11:09:27,3650000.4,12,43,Empleado,4700000,1500000,287235,95.227787,703.0,10,4,0.0,83945.0,75216.0,0.0,8,0,0,,,1
4,2025-01-23 16:59:45,2067240.0,6,67,Empleado,3000000,1300000,287117,95.227787,787.0,9,2,0.0,6577.0,6577.0,0.0,2,0,0,916148.0,Creciente,1
4,2025-02-18 10:39:06,2304000.0,12,63,Independiente,6000000,4000000,181012,95.227787,878.0,3,3,0.0,7344.0,7344.0,0.0,3,0,0,,,1
9,2025-05-08 15:54:20,821208.0,2,61,Independiente,5000000,2000000,323939,95.227787,777.0,9,9,0.0,23898.0,23898.0,0.0,6,0,2,976666.0,Creciente,1
4,2025-01-10 12:22:32,1032240.0,18,61,Independiente,2865000,1175000,56924,95.227787,756.0,10,2,0.0,9748.0,9748.0,0.0,2,0,3,,,1
9,2025-05-08 15:24:19,1109160.0,2,57,Empleado,5000000,2000000,437526,95.227787,907.0,7,2,0.0,85254.0,85254.0,0.0,5,0,1,939017.0,Creciente,1
4,2024-12-06 15:24:30,11040000.0,6,52,Independiente,15000000,5000000,1635622,95.227787,833.0,9,6,0.0,345985.0,238186.0,0.0,6,0,0,2200000.0,Estable,1
4,2025-04-03 16:34:13,1416000.0,10,63,Independiente,1600000,700000,131216,91.728786,872.0,1,0,0.0,0.0,0.0,0.0,0,0,1,,,1
4,2025-02-26 11:40:36,14208000.0,8,62,Independiente,30000000,15000000,1612795,95.227787,843.0,2,3,0.0,28853.0,28853.0,0.0,1,0,1,928853.0,Creciente,1
9,2025-05-28 11:39:53,878880.0,2,61,Independiente,4000000,2000000,346790,84.730786,812.0,8,6,0.0,4922.0,4922.0,0.0,4,0,2,,,1
4,2025-07-30 15:07:21,10680000.0,8,36,Independiente,10000000,4200000,1225432,95.227787,787.0,6,9,0.0,72696.0,72696.0,0.0,3,0,1,,,1
4,2025-04-12 18:14:16,3240000.0,12,45,Independiente,8000000,3200000,254970,95.227787,809.0,1,2,0.0,39.0,39.0,0.0,0,0,0,323032.0,Estable,1
4,2025-09-30 11:36:08,1884000.0,6,55,Independiente,2780000,1575000,286483,95.227787,836.0,4,2,0.0,61588.0,61588.0,0.0,2,0,0,977131.0,Creciente,1
4,2025-01-31 16:00:28,4080000.0,6,37,Empleado,20000000,14000000,605991,95.227787,834.0,10,7,0.0,88439.0,88439.0,0.0,8,0,1,,,1
4,2024-12-20 15:54:31,2894845.1999999997,6,55,Independiente,6000000,2500000,428928,95.227787,844.0,6,11,0.0,61785.0,26901.0,0.0,4,0,1,939249.0,Estable,1
4,2025-08-30 13:52:41,3510900.0,6,54,Independiente,4860000,970000,527653,95.227787,788.0,11,2,0.0,26481.0,26481.0,0.0,6,0,1,30285.0,Creciente,1
4,2025-01-13 14:58:27,1167480.0,12,53,Empleado,1900000,300000,81075,91.99794,826.0,5,4,0.0,4221.0,4221.0,0.0,1,0,1,916841.0,Creciente,1
4,2025-02-28 16:52:48,4464000.0,12,63,Independiente,8000000,3200000,350682,37.209403,781.0,4,5,0.0,7257.0,7257.0,0.0,4,0,0,923771.0,Creciente,0
4,2024-12-06 10:01:31,2880000.0,6,59,Independiente,5000000,2500000,427466,62.667613,879.0,11,3,0.0,80861.0,80861.0,0.0,9,0,0,1250000.0,Estable,0
4,2025-03-20 17:21:22,3506400.0,10,61,Empleado,6550000,2500000,324468,95.227787,848.0,9,2,0.0,45614.0,45614.0,0.0,5,0,1,928853.0,Creciente,1
9,2025-01-27 14:48:00,1185660.0,2,57,Independiente,4000000,2000000,467360,95.227787,832.0,9,3,0.0,224209.0,224209.0,0.0,5,0,2,1500000.0,Estable,1
4,2024-12-05 15:55:54,3467640.0,8,57,Independiente,3500000,1200000,393302,27.971651,825.0,7,1,0.0,9700.0,9700.0,0.0,4,0,0,908526.0,Estable,0
4,2024-12-14 14:32:26,3499999.1999999997,12,56,Empleado,5000000,4000000,273718,95.227787,824.0,4,4,0.0,19878.0,19878.0,0.0,2,0,0,,,1
9,2025-09-21 09:51:54,4695888.0,12,56,Empleado,2980000,1200000,326103,95.227787,818.0,2,8,0.0,466.0,466.0,0.0,0,0,1,927464.0,Decreciente,1
4,2025-05-20 12:30:45,2933400.0,6,55,Empleado,3800000,1050000,437170,95.227787,883.0,5,5,0.0,36834.0,36834.0,0.0,4,0,0,3789627.0,Creciente,1
4,2025-05-28 16:48:55,1233481.2,6,55,Independiente,2000000,600000,184117,95.227787,787.0,2,0,0.0,12516.0,12516.0,0.0,2,0,0,,,1
4,2025-04-10 17:17:28,3038880.0,6,55,Empleado,4000000,500000,451336,95.227787,703.0,9,13,0.0,15202.0,15202.0,0.0,4,0,2,931394.0,Creciente,1
9,2025-06-29 12:41:04,3524314.8,9,55,Independiente,5000000,3000000,330402,95.227787,808.0,2,2,0.0,1787.0,1787.0,0.0,1,0,0,1800000.0,Creciente,1
4,2025-01-23 13:34:58,3342720.0,6,55,Empleado,6000000,3500000,464267,95.227787,865.0,3,3,0.0,131872.0,131872.0,0.0,2,0,0,2158333.0,209090,1
4,2024-12-13 15:11:21,4665120.0,12,56,Independiente,6000000,2800000,366031,95.227787,803.0,3,2,0.0,433.0,433.0,0.0,1,0,0,908526.0,Estable,1
9,2025-01-12 15:41:27,1269000.0,5,54,Independiente,5000000,2000000,205691,95.227787,800.0,11,0,0.0,182413.0,107479.0,0.0,4,0,4,,,1
4,2025-10-10 18:40:22,1968000.0,6,54,Independiente,1870000,316000,299737,95.227787,748.0,3,3,0.0,2397.0,1119.0,0.0,0,0,3,908526.0,Estable,1
4,2025-01-14 09:03:00,2302680.0,12,53,Independiente,4500000,1100000,159908,95.227787,868.0,7,2,0.0,30957.0,30957.0,0.0,6,0,0,1200000.0,Estable,1
4,2025-04-21 10:56:18,8352000.0,6,53,Independiente,28000000,15000000,1241628,95.227787,775.0,6,11,0.0,13103.0,13103.0,0.0,3,0,3,,,1
4,2025-01-01 16:08:20,3059520.0,12,53,Empleado,3500000,1500000,212467,95.227787,778.0,8,15,0.0,256351.0,47584.0,0.0,6,0,0,3025000.0,Creciente,1
9,2025-05-05 14:50:22,28800000.0,12,52,Empleado,19000000,12000000,2000000,95.227787,819.0,6,8,0.0,19.0,19.0,0.0,1,0,0,926883.0,Decreciente,1
4,2025-01-07 18:47:55,3672960.0,6,53,Empleado,2000000,400000,510133,95.227787,811.0,0,0,0.0,0.0,,,0,0,0,1090276.0,Decreciente,1
4,2025-07-24 14:50:08,1069920.0,6,53,Empleado,2090543,804000,160235,95.227787,852.0,7,6,0.0,9046.0,9046.0,0.0,4,1,0,2087192.0,Decreciente,1
4,2025-08-27 10:56:43,960000.0,6,52,Empleado,1000000,77000,144997,95.227787,790.0,2,2,0.0,4109.0,4109.0,0.0,1,0,0,966736.0,Creciente,1
4,2024-12-08 18:54:46,2679720.0,6,52,Empleado,7470000,2000000,397285,95.227787,856.0,4,3,0.0,0.0,0.0,0.0,3,0,0,8057604.0,Creciente,1
4,2025-02-23 13:07:08,2644800.0,12,52,Empleado,8000000,1000000,207514,95.227787,816.0,8,7,0.0,2313.0,2313.0,0.0,0,0,3,923771.0,Creciente,1
9,2025-03-22 17:52:15,1498992.0,2,52,Independiente,5000000,2000000,591128,95.227787,832.0,14,10,0.0,649798.0,649798.0,0.0,9,3,1,2490000.0,Decreciente,1
4,2025-03-06 13:17:54,1713600.0,6,51,Independiente,6000000,2000000,254677,95.227787,761.0,4,3,0.0,19388.0,19388.0,0.0,2,0,0,853576.0,Creciente,1
4,2024-12-31 14:36:55,3797520.0,12,52,Empleado,4200000,1200000,263717,95.227787,824.0,6,10,0.0,93090.0,89595.0,0.0,3,0,2,4962338.0,Creciente,1
9,2025-04-10 14:10:03,1500000.0,2,51,Independiente,5000000,2000000,591526,95.227787,851.0,8,3,0.0,30269.0,30269.0,0.0,2,2,2,931513.0,Creciente,1
9,2025-04-11 11:36:49,821208.0,3,51,Empleado,4800000,2200000,217932,95.227787,823.0,5,3,0.0,19895.0,19895.0,0.0,0,1,2,931394.0,Creciente,1
4,2025-08-25 09:13:18,1656000.0,6,46,Independiente,3270000,1285000,249259,95.227787,789.0,5,2,0.0,38868.0,38868.0,0.0,2,0,0,,,1
4,2025-03-13 17:13:41,3096000.0,12,50,Independiente,7000000,2000000,244741,95.227787,760.0,5,7,0.0,1528.0,1528.0,0.0,3,0,0,30285.0,Estable,1
4,2025-05-22 13:15:41,1133520.0,6,50,Empleado,3000000,1800000,168931,95.227787,817.0,5,3,0.0,590.0,590.0,0.0,3,0,0,,,1
4,2024-12-10 11:15:03,1515538.8,6,49,Empleado,4000000,800000,224709,95.227787,764.0,9,2,0.0,19957.0,19957.0,0.0,6,0,0,469405.0,Decreciente,1
9,2025-04-02 11:30:08,878880.0,9,47,Empleado,5000000,2000000,82198,91.728786,757.0,6,7,0.0,143744.0,143744.0,0.0,4,0,2,1000000.0,Creciente,1
4,2025-01-16 11:55:23,2334000.0,8,50,Independiente,18000000,8000000,264711,95.227787,818.0,9,5,0.0,141740.0,2012.0,0.0,5,1,1,1785666.0,Decreciente,1
9,2025-06-28 12:09:11,2138408.4,2,49,Independiente,6000000,2500000,843901,95.227787,879.0,10,6,0.0,68249.0,68249.0,0.0,7,0,0,1200000.0,Estable,1
4,2025-05-10 17:08:56,1860000.0,8,52,Independiente,5000000,500000,212503,-4.258677,747.0,1,4,0.0,555.0,555.0,0.0,0,0,1,910001.0,Estable,0
4,2025-09-22 12:41:10,1636440.0,6,53,Empleado,2060000,505000,247164,95.227787,882.0,4,1,0.0,3535.0,3535.0,0.0,3,0,0,2093785.0,Decreciente,1
4,2025-03-06 13:16:41,1716000.0,6,47,Empleado,4000000,1200000,255047,95.227787,808.0,4,2,0.0,6231.0,6231.0,0.0,2,0,1,650000.0,Creciente,1
4,2025-03-20 15:20:22,2859362.4,24,48,Empleado,5400000,800000,125575,95.227787,787.0,6,15,0.0,4456.0,4456.0,0.0,0,0,2,7111206.0,Decreciente,1
4,2025-06-12 09:16:02,3934021.1999999997,6,47,Independiente,5000000,1500000,587247,95.227787,792.0,8,4,0.0,104674.0,1412.0,0.0,1,1,1,,,1
4,2026-02-24 15:48:17,2539802.4,6,50,Independiente,2273000,255000,390701,95.227787,796.0,6,9,0.0,4643.0,4643.0,0.0,4,0,0,1064000.0,Creciente,1
4,2025-08-18 14:34:32,1106797.2,6,48,Independiente,3890000,2274000,165758,85.897119,820.0,10,5,0.0,89365.0,89365.0,0.0,6,0,2,850000.0,Creciente,1
4,2025-01-07 16:44:42,2072280.0,12,47,Empleado,1300000,600000,143908,95.227787,845.0,3,4,0.0,1782.0,1782.0,0.0,1,0,0,1345833.0,Creciente,1
9,2025-05-21 17:06:18,1079986.8,8,43,Independiente,5000000,2000000,112785,95.227787,820.0,7,5,0.0,55672.0,55672.0,0.0,3,0,1,839301.0,Decreciente,1
4,2024-12-02 12:32:40,7464000.0,10,42,Independiente,10000000,3000000,687028,95.227787,801.0,5,3,0.0,204375.0,204375.0,0.0,4,0,1,908526.0,Creciente,1
4,2025-05-13 15:22:36,1560000.0,12,45,Empleado,5000000,600000,123319,95.227787,804.0,14,5,0.0,164309.0,164309.0,0.0,10,1,1,2038354.0,Creciente,1
4,2025-08-11 10:47:10,1200000.0,6,48,Empleado,2515453,397000,180622,95.227787,849.0,5,5,0.0,2852.0,2852.0,0.0,1,0,2,2502746.0,Creciente,1
4,2025-01-25 15:33:09,1425360.0,12,48,Independiente,3500000,1500000,111982,95.227787,820.0,6,8,0.0,3608.0,3608.0,0.0,0,0,3,,,1
4,2025-03-27 11:00:02,2488320.0,6,46,Independiente,5000000,3000000,369835,95.227787,865.0,6,2,0.0,35687.0,35687.0,0.0,5,0,0,3172000.0,Creciente,1
4,2025-10-15 11:45:13,2858041.1999999997,6,45,Independiente,17750000,5995000,433141,95.227787,866.0,13,6,0.0,130346.0,130346.0,0.0,6,0,2,1300000.0,Estable,1
4,2024-11-26 17:30:47,3057600.0,12,46,Empleado,3000000,1500000,238724,95.227787,798.0,10,24,0.0,32797.0,32797.0,0.0,3,0,4,2964008.0,Creciente,1
4,2025-04-21 11:46:53,1063916.4,6,46,Independiente,6000000,0,158120,95.227787,768.0,1,6,0.0,554.0,554.0,0.0,0,0,1,917673.0,Creciente,1
9,2025-05-22 08:09:10,2042564.4,10,44,Empleado,2500000,1000000,173878,91.728786,814.0,6,2,0.0,3411.0,3411.0,0.0,2,0,1,,,1
4,2025-06-10 12:45:57,4236660.0,6,46,Independiente,5500000,500000,630117,95.227787,747.0,11,6,0.0,60240.0,60240.0,0.0,5,0,2,950105.0,Creciente,1
4,2024-12-22 11:10:11,1359480.0,6,52,Independiente,4000000,800000,201782,95.227787,796.0,5,6,0.0,0.0,0.0,0.0,0,0,0,,,1
9,2025-02-21 15:20:12,1498992.0,2,45,Independiente,5000000,2000000,591041,95.227787,802.0,5,4,0.0,3211.0,3211.0,0.0,1,0,2,916148.0,Creciente,1
4,2025-03-08 15:41:22,2109999.6,12,48,Independiente,5000000,3000000,165977,92.228643,832.0,4,3,0.0,11230.0,11230.0,0.0,2,0,1,32114.0,Decreciente,1
4,2025-11-28 18:37:00,1464960.0,6,47,Independiente,3016000,465000,223503,95.227787,837.0,4,4,0.0,15540.0,14421.0,0.0,3,0,0,952381.0,Creciente,1
4,2025-03-15 10:16:51,3859792.8,10,45,Independiente,8000000,1500000,357519,95.227787,796.0,11,3,0.0,90911.0,87517.0,0.0,7,0,0,918689.0,Creciente,1
9,2024-12-12 11:14:12,506806.8,2,46,Independiente,5000000,2000000,199684,95.227787,669.0,4,0,0.0,33913.0,33913.0,,2,0,2,,,1
4,2025-02-28 18:57:13,2575200.0,12,48,Independiente,3000000,1200000,202570,95.227787,712.0,4,4,0.0,6219.0,2792.0,0.0,0,0,3,,,1
4,2025-02-09 16:49:02,3960000.0,6,46,Independiente,12000000,4000000,588168,95.227787,847.0,13,4,0.0,33492.0,33492.0,0.0,10,0,1,916841.0,Creciente,1
4,2025-02-26 13:36:29,3147480.0,6,45,Independiente,4000000,180000,467806,95.227787,827.0,3,7,0.0,49.0,49.0,0.0,0,0,2,908526.0,Creciente,1
4,2025-01-05 10:47:05,480000.0,6,45,Independiente,3000000,2000000,71358,95.227787,795.0,2,7,0.0,0.0,0.0,0.0,0,0,0,908526.0,Estable,1
4,2024-12-22 08:36:34,1553880.0,12,47,Independiente,2500000,1400000,121928,95.227787,754.0,11,3,0.0,28493.0,28493.0,0.0,3,0,1,794960.0,Decreciente,1
4,2025-01-17 12:27:31,2604000.0,12,47,Empleado,6500000,3200000,203647,92.228643,778.0,8,2,0.0,124560.0,124560.0,0.0,6,0,2,939017.0,Creciente,1
4,2024-12-07 16:54:47,2481000.0,18,47,Empleado,2500000,700000,137059,95.227787,817.0,1,3,0.0,0.0,0.0,0.0,0,0,1,908526.0,Estable,1
9,2025-02-12 17:29:11,1871511.5999999999,10,46,Empleado,3500000,1800000,158733,95.227787,833.0,3,3,0.0,19081.0,19081.0,0.0,2,0,0,908526.0,Estable,1
4,2025-05-20 18:26:21,2065080.0,6,45,Independiente,3000000,500000,307744,95.227787,797.0,2,3,0.0,1549.0,1549.0,0.0,1,0,0,928853.0,Creciente,1
4,2025-06-05 12:11:06,2044800.0,6,45,Empleado,8000000,2000000,305219,95.227787,813.0,12,9,0.0,135833.0,135833.0,0.0,9,0,0,2094600.0,Creciente,1
4,2025-04-13 17:58:31,1134000.0,12,42,Empleado,2000000,400000,89900,95.227787,802.0,6,12,0.0,23710.0,23710.0,0.0,4,0,0,1993466.0,Creciente,1
4,2024-12-19 18:22:53,4228440.0,12,44,Empleado,11000000,850000,331791,95.227787,823.0,10,4,0.0,16101.0,16101.0,0.0,7,0,1,8923891.0,Estable,1
9,2025-03-16 10:09:15,821208.0,5,45,Independiente,5000000,2000000,133186,77.232928,848.0,5,5,0.0,29796.0,29796.0,0.0,2,0,1,121137.0,Decreciente,1
4,2025-03-06 19:33:39,3506160.0,12,43,Empleado,4500000,900000,275801,95.227787,851.0,4,4,0.0,1358.0,1358.0,0.0,2,0,0,1200000.0,Creciente,1
4,2024-12-10 10:32:30,1431360.0,12,41,Empleado,3500000,950000,112306,95.227787,791.0,5,2,0.0,39674.0,39674.0,0.0,5,0,0,4480984.0,Decreciente,1
4,2025-02-26 17:01:34,1675081.2,6,43,Independiente,3000000,700000,248965,95.227787,769.0,6,8,0.0,7184.0,7184.0,0.0,3,0,2,945115.0,Creciente,1
4,2025-06-28 17:07:03,2994000.0,6,44,Empleado,4200000,1200000,443879,95.227787,760.0,10,7,0.0,155538.0,155538.0,0.0,8,0,1,,,1
4,2025-01-16 11:20:16,6222139.2,36,42,Empleado,2500000,0,201183,15.638617,742.0,8,7,0.0,49330.0,49330.0,0.0,4,0,2,856562.0,Decreciente,0
4,2025-05-15 16:40:43,1256280.0,6,41,Empleado,2500000,850000,187226,95.227787,771.0,6,9,0.0,2384.0,2384.0,0.0,2,0,0,32724.0,Creciente,1
4,2025-01-14 15:57:05,3347760.0,12,39,Empleado,6000000,2000000,232483,95.227787,827.0,4,5,0.0,752.0,752.0,0.0,3,0,0,6705555.0,Creciente,1
4,2025-02-07 11:31:39,945000.0,6,37,Empleado,2000000,800000,140494,85.897119,804.0,6,7,0.0,2386.0,2386.0,0.0,4,0,1,1886174.0,Estable,1
4,2025-01-07 11:55:45,2294280.0,12,40,Empleado,2300000,1700000,159325,95.227787,772.0,5,3,0.0,19601.0,19601.0,0.0,4,0,0,908526.0,Estable,1
4,2025-04-28 13:07:56,12192000.0,8,40,Independiente,12000000,3800000,1390041,95.227787,803.0,13,7,0.0,180970.0,180970.0,0.0,4,0,3,954263.0,Creciente,1
4,2024-12-13 13:51:08,600000.0,6,44,Independiente,2500000,980000,89055,84.730786,869.0,4,0,0.0,77354.0,77354.0,0.0,4,0,0,908526.0,Estable,1
4,2024-12-03 15:01:30,743760.0,6,39,Empleado,1800000,400000,110393,95.227787,719.0,6,9,0.0,30901.0,30901.0,0.0,5,0,0,1707043.0,Creciente,1
4,2025-01-11 15:27:12,1051080.0,12,42,Empleado,1700000,600000,72992,95.227787,806.0,3,0,0.0,6843.0,6843.0,0.0,2,0,1,2384740.0,Creciente,1
4,2025-02-24 16:39:27,7900800.0,12,41,Independiente,20000000,7000000,621492,95.227787,811.0,6,5,0.0,30335.0,30335.0,0.0,3,0,0,908526.0,Creciente,1
4,2025-01-16 17:32:17,3327178.8,12,40,Empleado,3100000,500000,231054,95.227787,852.0,4,5,0.0,97610.0,61123.0,0.0,4,0,0,,,1
4,2025-09-04 17:00:09,1994040.0,6,41,Empleado,5887794,3206000,300170,95.227787,801.0,4,6,0.0,212346.0,212346.0,0.0,2,0,1,1833333.0,Creciente,1
4,2025-04-01 11:39:08,2967000.0,12,40,Independiente,4500000,1000000,233486,91.99794,787.0,1,12,0.0,600.0,600.0,0.0,1,0,0,1007105.0,Creciente,1
4,2025-04-14 12:17:20,13776000.0,12,39,Independiente,10000000,3000000,1084094,95.227787,827.0,8,3,0.0,57112.0,57112.0,0.0,5,0,0,716726.0,Creciente,1
4,2024-11-28 07:46:21,1200000.0,12,37,Empleado,2800000,680000,93964,95.227787,823.0,2,6,0.0,3737.0,3737.0,0.0,2,0,0,4133333.0,Decreciente,1
4,2025-04-01 14:16:55,3746280.0,24,40,Empleado,7000000,3000000,164652,95.227787,870.0,1,2,0.0,168.0,168.0,0.0,0,0,0,6605925.0,Creciente,1
4,2025-01-09 11:46:50,1415760.0,6,40,Independiente,12000000,8000000,196633,95.227787,843.0,4,4,0.0,99.0,99.0,0.0,2,0,0,908526.0,Estable,1
4,2025-08-26 17:33:41,2207640.0,6,42,Empleado,2910000,1571000,332291,95.227787,791.0,5,7,0.0,49751.0,49751.0,0.0,2,1,0,838500.0,Estable,1
4,2025-05-09 15:06:41,4560000.0,36,43,Empleado,3500000,350000,153850,6.795375,801.0,5,5,0.0,8099.0,8099.0,0.0,2,0,1,1454715.0,Creciente,0
4,2025-08-01 12:23:41,2316000.0,6,42,Independiente,908526,2889000,348636,95.227787,811.0,13,14,0.0,93150.0,93150.0,0.0,9,0,2,966736.0,Creciente,1
4,2025-01-09 08:10:23,1360680.0,12,39,Empleado,5000000,800000,94492,95.227787,827.0,4,5,0.0,0.0,0.0,0.0,2,0,1,9108333.0,Decreciente,1
4,2025-01-09 10:23:46,1396681.2,6,40,Independiente,2500000,600000,193984,95.227787,760.0,10,4,0.0,9021.0,9021.0,0.0,4,0,1,,,1
4,2025-04-09 13:18:15,2400000.0,12,38,Empleado,2500000,500000,188867,95.227787,792.0,3,7,0.0,8557.0,8557.0,0.0,3,0,0,918931.0,Creciente,1
4,2025-11-08 16:22:29,5199780.0,6,58,Empleado,6090000,3157000,722192,95.227787,931.0,9,3,0.0,66264.0,49615.0,0.0,5,0,2,6356958.0,Creciente,1
4,2024-12-27 10:02:09,2944329.6,12,46,Independiente,3000000,1000000,230262,95.227787,783.0,1,3,0.0,7455.0,7455.0,0.0,1,0,0,908526.0,Estable,1
9,2025-04-21 12:17:02,878880.0,5,52,Independiente,5000000,2000000,142664,79.482286,779.0,9,6,0.0,112463.0,112463.0,0.0,4,0,3,,,1
9,2025-06-06 18:33:04,1269000.0,5,40,Independiente,5000000,2000000,206109,95.227787,837.0,13,2,0.0,41012.0,41012.0,0.0,9,0,2,945115.0,Creciente,1
9,2025-05-18 10:04:18,878880.0,4,49,Empleado,5000000,2000000,176743,95.227787,845.0,2,2,0.0,8006.0,8006.0,0.0,2,0,0,941789.0,Creciente,1
9,2025-03-14 10:28:42,878880.0,5,42,Independiente,5500000,2000000,142539,95.227787,914.0,5,5,0.0,32852.0,32852.0,0.0,3,0,1,923771.0,Creciente,1
4,2025-01-01 16:58:58,575880.0,12,55,Empleado,4500000,2500000,39992,95.227787,770.0,10,2,0.0,94151.0,94151.0,0.0,4,0,0,5292107.0,Decreciente,1
4,2025-03-08 11:54:45,3399999.6,6,53,Independiente,7000000,2000000,505337,89.979287,823.0,3,4,0.0,4165.0,4165.0,0.0,1,1,0,931394.0,Creciente,1
4,2025-04-15 12:49:14,1435080.0,6,49,Independiente,5000000,1000000,213283,95.227787,716.0,7,5,0.0,75191.0,75191.0,0.0,4,0,1,931394.0,Creciente,1
4,2025-01-23 15:54:22,1496880.0,12,52,Empleado,3500000,1500000,117230,95.227787,779.0,12,3,0.0,104332.0,104332.0,0.0,10,0,0,,,1
4,2025-03-30 12:16:15,3048000.0,6,51,Independiente,6000000,4000000,453123,90.562453,792.0,5,4,0.0,734.0,734.0,0.0,0,0,0,30285.0,Creciente,1
4,2025-03-23 15:00:11,9360000.0,12,51,Empleado,12000000,4000000,736276,95.227787,772.0,18,14,0.0,187954.0,187954.0,0.0,11,0,4,1184043.0,Creciente,1
4,2025-02-05 15:44:29,2447760.0,10,38,Empleado,2500000,400000,226506,95.227787,844.0,9,0,0.0,18548.0,18548.0,0.0,5,0,4,2613673.0,Creciente,1
9,2025-04-30 10:49:34,2070351.5999999999,10,50,Empleado,4000000,2500000,176059,95.227787,829.0,4,6,0.0,115233.0,115233.0,0.0,2,0,0,,,1
4,2025-01-11 12:11:29,768000.0,6,49,Independiente,15000000,4000000,113991,95.227787,787.0,3,1,0.0,33662.0,33662.0,0.0,1,1,0,,,1
9,2025-07-12 11:06:30,878880.0,3,45,Independiente,5000000,2000000,233464,95.227787,834.0,5,2,0.0,5536.0,5536.0,0.0,3,0,1,30285.0,Estable,1
4,2025-02-01 12:46:10,1152000.0,10,42,Empleado,2500000,800000,106602,95.227787,751.0,5,1,0.0,10153.0,10153.0,0.0,1,0,2,924166.0,Creciente,1
4,2025-02-13 12:02:31,1823640.0,6,43,Independiente,3000000,200000,270860,95.227787,846.0,2,1,0.0,3404.0,3404.0,0.0,1,0,0,1000000.0,Estable,1
4,2025-07-18 08:10:48,1885438.8,8,42,Independiente,3000000,1000000,216337,95.227787,842.0,5,2,0.0,47656.0,47362.0,0.0,3,0,0,961885.0,Creciente,1
4,2025-03-12 15:49:22,5040000.0,12,46,Independiente,3000000,1200000,396456,95.227787,766.0,2,3,0.0,2000.0,2000.0,0.0,1,0,0,,,1
9,2025-04-13 09:54:17,878880.0,7,41,Independiente,5000000,2000000,103752,95.227787,777.0,7,6,0.0,5133.0,5133.0,0.0,3,0,2,1540364.0,Creciente,1
4,2025-05-27 14:46:20,1804800.0,6,40,Empleado,2900000,1500000,269395,95.227787,831.0,7,2,0.0,91462.0,86596.0,0.0,3,0,3,,,1
9,2025-04-26 11:43:40,878880.0,8,40,Independiente,5000000,2000000,91704,91.410695,826.0,8,4,0.0,172772.0,172772.0,0.0,6,0,1,33334.0,Creciente,1
4,2025-01-06 11:35:31,1837500.0,6,40,Independiente,4000000,2000000,272233,95.227787,719.0,8,4,0.0,13505.0,13505.0,0.0,2,0,3,,,1
4,2025-01-11 19:05:40,2990280.0,12,24,Empleado,3200000,1000000,207658,53.356379,768.0,10,7,0.0,58286.0,55877.0,0.0,5,2,0,400000.0,Estable,0
4,2025-03-11 18:33:08,1631880.0,6,39,Empleado,4600000,1200000,242544,95.227787,798.0,8,3,0.0,47707.0,21160.0,0.0,5,1,0,4579886.0,Estable,1
4,2025-01-14 15:08:32,1187760.0,6,39,Empleado,5000000,2000000,164967,95.227787,752.0,10,5,0.0,9355.0,9355.0,0.0,4,0,6,3418627.0,0,1
4,2025-08-19 12:22:48,3375000.0,6,37,Independiente,3280000,499000,508000,95.227787,739.0,2,5,0.0,13770.0,13770.0,0.0,1,0,1,,,1
4,2025-01-01 15:59:30,4030441.1999999997,12,39,Empleado,6000000,2800000,279892,95.227787,826.0,8,4,0.0,33683.0,33683.0,0.0,6,2,0,5102384.0,Creciente,1
4,2024-12-16 14:05:37,1296600.0,6,39,Empleado,3500000,1000000,192449,95.227787,763.0,10,8,0.0,65044.0,65044.0,0.0,8,0,1,211990.0,Decreciente,1
4,2024-11-29 15:40:35,3000000.0,12,39,Empleado,1000000,500000,234616,11.457788,764.0,1,0,0.0,727.0,727.0,0.0,0,0,1,1109316.0,Decreciente,0
4,2025-11-14 16:02:21,2481360.0,6,38,Empleado,3230000,397000,376037,95.227787,819.0,8,3,0.0,2626.0,2626.0,0.0,4,0,1,1200231.0,Creciente,1
4,2025-06-05 15:40:48,1677600.0,6,40,Independiente,20000000,10000000,250408,90.562453,731.0,9,0,0.0,54603.0,54603.0,0.0,4,0,2,,,1
4,2025-01-26 09:26:20,1296000.0,8,40,Empleado,2000000,800000,147113,95.227787,773.0,1,6,0.0,3851.0,3851.0,0.0,1,0,0,1408111.0,Estable,1
4,2024-12-05 13:25:23,1416000.0,12,39,Empleado,1890000,0,110739,91.728786,735.0,10,4,0.0,85572.0,85572.0,0.0,6,0,1,,,1
4,2025-09-26 08:57:28,1872000.0,6,38,Independiente,4400000,2049000,283705,95.227787,791.0,8,4,0.0,21718.0,21718.0,0.0,5,0,0,,,1
4,2025-03-21 10:58:00,1707217.2,8,38,Independiente,5000000,1500000,193972,95.227787,704.0,6,10,0.0,17982.0,17982.0,0.0,4,0,1,575524.0,Creciente,1
4,2024-12-28 08:54:59,3249999.6,6,38,Independiente,3000000,1500000,481501,89.2295,789.0,4,5,0.0,1870.0,1870.0,0.0,3,0,0,908526.0,Estable,1
4,2025-04-19 16:36:14,1196280.0,12,38,Empleado,3800000,800000,94141,95.227787,739.0,8,6,0.0,104571.0,104571.0,0.0,3,0,1,,,1
4,2025-04-09 18:31:34,892560.0,12,38,Empleado,1550000,600000,70247,95.227787,758.0,0,4,0.0,0.0,,,0,0,0,1328074.0,Creciente,1
4,2025-05-15 11:27:46,3486720.0,36,38,Empleado,3500000,1100000,114946,95.227787,755.0,3,7,0.0,83020.0,83020.0,0.0,2,0,0,800000.0,Decreciente,1
4,2025-04-19 10:35:51,2856000.0,10,37,Independiente,35000000,14000000,264656,84.730786,771.0,9,7,0.0,40225.0,40225.0,0.0,7,0,2,886020.0,Creciente,1
4,2025-03-02 18:30:21,2528100.0,12,37,Independiente,1800000,900000,198619,95.227787,802.0,4,4,0.0,19630.0,19630.0,0.0,3,0,0,,,1
4,2025-03-30 16:12:17,3574999.1999999997,6,38,Independiente,6700000,4000000,531468,21.967396,805.0,2,2,0.0,1000.0,1000.0,0.0,0,0,1,575400.0,Creciente,0
4,2024-12-29 15:21:34,2672038.8,12,38,Empleado,3500000,1000000,209652,95.227787,803.0,5,4,0.0,160390.0,3817.0,0.0,4,0,0,908600.0,Estable,1
4,2025-04-03 17:01:28,916800.0,8,37,Independiente,35000000,10000000,104196,95.227787,731.0,4,0,0.0,2039.0,2039.0,0.0,1,0,0,,,1
9,2025-09-12 15:32:59,5310331.2,9,37,Empleado,13630000,9134000,502369,95.227787,803.0,11,4,0.0,609619.0,382673.0,0.0,8,0,1,9328100.0,Decreciente,1
4,2025-04-14 10:46:47,3600000.0,12,44,Independiente,3800000,1200000,283330,95.227787,788.0,3,4,0.0,9330.0,9330.0,0.0,1,0,1,1000000.0,Estable,1
4,2024-12-12 14:27:41,3120000.0,12,47,Independiente,2200000,600000,244000,95.227787,842.0,4,5,0.0,12847.0,12847.0,0.0,2,0,2,,,1
4,2025-06-24 18:36:03,1200000.0,6,43,Independiente,5000000,500000,178466,95.227787,787.0,2,1,0.0,6126.0,6126.0,0.0,0,1,0,,,1
4,2024-12-12 15:09:34,1656000.0,6,54,Independiente,8000000,4000000,245343,95.227787,876.0,3,0,0.0,154693.0,154693.0,0.0,3,0,0,908526.0,Estable,1
4,2025-07-24 17:47:42,1016400.0,6,41,Independiente,2000000,500000,150688,95.227787,741.0,0,0,0.0,0.0,,,0,0,0,961885.0,Creciente,1
4,2024-12-23 16:53:45,1459800.0,12,38,Independiente,5000000,2000000,113975,95.227787,762.0,7,7,0.0,105904.0,105904.0,0.0,4,0,0,,,1
4,2025-02-25 09:47:44,13658400.0,12,43,Empleado,10000000,500000,1074396,91.728786,758.0,7,3,0.0,110174.0,81474.0,0.0,5,0,1,,,1
4,2024-11-30 16:38:33,2569200.0,24,38,Empleado,3000000,1500000,111884,95.227787,772.0,9,5,0.0,23601.0,22836.0,0.0,5,0,1,3333288.0,Creciente,1
4,2025-07-22 18:12:06,888000.0,6,56,Empleado,1188272,771000,131652,95.227787,764.0,5,9,0.0,4324.0,4324.0,0.0,2,0,3,1244366.0,Creciente,1
4,2025-03-25 14:25:45,3881100.0,10,47,Empleado,3500000,500000,359117,95.227787,758.0,6,4,0.0,44933.0,44933.0,0.0,2,1,0,2421199.0,Creciente,1
4,2025-08-18 10:41:44,1476000.0,6,46,Independiente,4330000,1557000,222165,95.227787,746.0,4,5,0.0,11736.0,11736.0,0.0,3,0,1,,,1
4,2025-02-08 12:56:53,1244880.0,12,40,Empleado,3100000,1500000,97682,95.227787,807.0,7,2,0.0,30171.0,27252.0,0.0,5,0,0,,,1
4,2025-01-11 08:14:53,2672028.0,12,49,Independiente,5000000,1500000,185558,95.227787,791.0,1,5,0.0,0.0,0.0,0.0,0,0,0,3100209.0,Creciente,1
4,2025-05-09 17:52:42,1440000.0,12,48,Independiente,3500000,1200000,113332,95.227787,773.0,10,7,0.0,7348.0,7348.0,0.0,4,0,1,,,1
4,2025-02-20 12:48:30,3439174.8,6,48,Independiente,5000000,2000000,510788,95.227787,852.0,4,3,0.0,28205.0,24290.0,0.0,3,0,0,916841.0,Creciente,1
4,2025-02-09 10:05:24,1728000.0,6,42,Empleado,12000000,3500000,256655,95.227787,774.0,11,5,0.0,255477.0,255477.0,0.0,7,0,2,,,1
4,2025-08-01 17:09:47,1735200.0,6,40,Independiente,908526,649000,261180,95.227787,740.0,5,3,0.0,3041.0,3041.0,0.0,0,0,5,966736.0,Creciente,1
4,2025-08-29 16:13:09,1800000.0,6,37,Independiente,2650000,829000,271868,95.227787,770.0,3,2,0.0,7223.0,7223.0,0.0,1,0,0,1277700.0,Creciente,1
9,2025-04-04 12:56:54,1269000.0,11,50,Empleado,3000000,1450000,98901,95.227787,786.0,9,2,0.0,88201.0,88201.0,0.0,5,0,1,470930.0,Decreciente,1
4,2025-01-20 17:15:54,1727760.0,12,42,Empleado,3000000,1500000,119983,95.227787,783.0,2,7,0.0,0.0,0.0,0.0,0,0,0,3258521.0,Creciente,1
9,2025-05-15 10:46:38,1604400.0,3,50,Independiente,4000000,2000000,425941,95.227787,830.0,7,6,0.0,93449.0,44314.0,0.0,4,0,2,939017.0,Creciente,1
4,2024-12-02 13:16:30,6676800.0,6,43,Independiente,6000000,3000000,988295,95.227787,832.0,5,5,0.0,17581.0,17581.0,0.0,2,0,2,904137.0,Creciente,1
4,2025-08-13 17:31:43,4060800.0,6,51,Independiente,3669000,2846000,611287,95.227787,850.0,8,4,0.0,20463.0,11897.0,0.0,3,1,1,800000.0,Creciente,1
4,2024-12-05 11:34:14,4747980.0,18,41,Empleado,1200000,700000,260910,95.227787,820.0,6,0,0.0,110940.0,72618.0,0.0,4,2,0,1418149.0,Creciente,1
4,2025-05-31 11:07:51,816000.0,6,54,Empleado,2500000,600000,121801,95.227787,813.0,5,4,0.0,159419.0,58353.0,0.0,0,4,0,945115.0,Creciente,1
4,2025-08-18 17:36:07,3132000.0,6,48,Independiente,908526,4275000,471471,95.227787,765.0,9,2,0.0,69120.0,66476.0,0.0,2,1,0,966736.0,Creciente,1
4,2025-02-18 14:56:06,4907460.0,6,43,Empleado,3500000,400000,728394,95.227787,791.0,0,1,0.0,0.0,,,0,0,0,4229905.0,Decreciente,1
4,2025-09-07 10:32:50,940800.0,12,38,Empleado,1940000,321000,76668,95.227787,784.0,1,3,0.0,345.0,345.0,0.0,1,0,0,1000000.0,Estable,1
4,2024-12-12 12:11:19,792000.0,6,38,Independiente,8000000,1000000,117338,95.227787,831.0,6,5,0.0,9660.0,9660.0,0.0,1,0,4,,,1
9,2025-06-20 16:09:02,1604400.0,2,47,Independiente,4000000,2000000,633160,70.034986,830.0,3,4,0.0,13408.0,13408.0,0.0,1,0,1,950105.0,Creciente,1
4,2025-06-24 18:01:34,1953600.0,6,46,Independiente,35000000,6000000,291622,95.227787,833.0,14,4,0.0,509419.0,509419.0,0.0,11,0,1,954263.0,Creciente,1
4,2025-03-15 18:31:14,8597760.0,12,60,Independiente,4000000,400000,675477,95.227787,852.0,5,1,0.0,287.0,287.0,0.0,1,1,0,931394.0,Creciente,1
9,2025-06-20 16:10:02,1269000.0,4,45,Empleado,5000000,2000000,255259,95.227787,906.0,8,2,0.0,35295.0,21237.0,0.0,5,0,1,,,1
4,2025-10-17 17:06:22,5424000.0,6,54,Independiente,4415000,4202000,821979,95.227787,786.0,7,3,0.0,205303.0,205303.0,0.0,6,0,0,984754.0,Creciente,1
4,2025-03-10 10:36:31,4152000.0,8,61,Independiente,8000000,4000000,471713,95.227787,779.0,5,4,0.0,15708.0,15708.0,0.0,1,2,0,926820.0,Creciente,1
9,2025-04-13 12:07:08,2725230.0,12,61,Empleado,59000000,5000000,189252,95.227787,895.0,8,4,0.0,261815.0,261815.0,0.0,6,0,0,10964332.0,Creciente,1
4,2024-12-29 13:06:08,2132397.6,10,60,Independiente,4000000,2000000,196905,95.227787,842.0,4,1,0.0,40.0,40.0,0.0,2,0,0,,,1
9,2025-05-09 10:01:45,1498992.0,5,59,Independiente,5000000,2000000,243323,95.227787,809.0,7,2,0.0,104329.0,104329.0,0.0,5,0,2,939017.0,Creciente,1
4,2025-04-04 17:05:33,1200000.0,10,58,Independiente,2600000,1400000,111152,95.227787,784.0,5,8,0.0,11275.0,11275.0,0.0,2,0,3,923771.0,Creciente,1
4,2025-05-10 11:31:57,648000.0,6,56,Independiente,3000000,1500000,96567,95.227787,754.0,1,7,0.0,0.0,0.0,0.0,1,0,0,939017.0,Creciente,1
4,2025-04-16 16:30:50,1560000.0,10,54,Independiente,5000000,2500000,144497,95.227787,824.0,8,3,0.0,56581.0,56581.0,0.0,4,2,2,1000000.0,Estable,1
9,2025-04-16 16:03:29,548232.0,2,53,Independiente,5000000,2000000,216195,95.227787,740.0,10,4,0.0,11390.0,11390.0,0.0,6,0,2,931394.0,Creciente,1
9,2025-04-18 16:10:55,1604400.0,5,51,Independiente,5000000,2000000,260433,95.227787,784.0,8,2,0.0,90358.0,90358.0,0.0,4,0,2,933473.0,Creciente,1
4,2024-12-25 15:23:06,2976000.0,18,51,Empleado,4000000,1000000,164550,95.227787,835.0,3,0,0.0,1443.0,1443.0,0.0,0,0,3,,,1
4,2025-05-02 11:23:42,7032000.0,6,41,Independiente,25000000,1000000,1047993,95.227787,865.0,5,1,0.0,62890.0,62890.0,0.0,4,0,0,1315697.0,Creciente,1
4,2025-01-03 18:03:38,4979400.0,6,37,Empleado,13000000,6500000,738565,95.227787,812.0,9,0,0.0,131936.0,131936.0,0.0,6,0,0,943184.0,Creciente,1
4,2025-09-11 15:11:48,2400000.0,6,58,Empleado,2000000,255000,360696,95.227787,780.0,3,0,0.0,9360.0,9360.0,0.0,1,0,1,2894951.0,Creciente,1
4,2025-01-22 15:06:30,1086420.0,12,26,Independiente,2200000,1000000,85085,95.227787,805.0,0,0,0.0,0.0,,,0,0,0,204418.0,Creciente,1
4,2025-08-07 09:52:43,1728000.0,6,45,Empleado,2300000,1510000,260096,95.227787,811.0,3,5,0.0,61135.0,61135.0,0.0,3,0,0,2300000.0,Estable,1
4,2025-09-12 17:16:14,4080000.0,12,40,Empleado,4230000,1061000,333502,95.227787,882.0,5,6,0.0,53626.0,53626.0,0.0,3,0,0,,,1
9,2025-07-03 13:27:26,738384.0,9,39,Independiente,5000000,2500000,69223,95.227787,782.0,2,7,0.0,1234.0,1234.0,0.0,0,0,1,,,1
4,2025-08-03 10:33:45,1872000.0,12,39,Independiente,30285,663000,151265,95.227787,803.0,4,3,0.0,16138.0,16138.0,0.0,3,0,0,30285.0,Estable,1
9,2025-04-05 10:04:52,3057044.4,9,38,Independiente,3500000,2000000,289019,95.227787,810.0,5,3,0.0,28615.0,28615.0,0.0,4,0,0,4963885.0,Decreciente,1
4,2025-04-27 08:11:34,3295921.1999999997,24,37,Empleado,3500000,1500000,146070,95.227787,843.0,6,2,0.0,26454.0,26454.0,0.0,3,0,1,204470.0,Decreciente,1
9,2025-02-28 18:23:29,918705.6,8,54,Empleado,1500000,500000,95736,95.227787,835.0,4,3,0.0,45854.0,45854.0,0.0,1,1,1,1457323.0,Creciente,1
4,2025-07-27 10:27:33,450360.0,6,57,Independiente,1500000,100000,67001,95.227787,760.0,2,4,0.0,310.0,310.0,0.0,0,0,0,,,1
4,2025-03-29 10:18:57,1160412.0,6,46,Independiente,12000000,2500000,172470,85.897119,705.0,12,11,0.0,46323.0,46323.0,0.0,7,0,1,1714670.0,Creciente,1
4,2025-05-21 11:02:09,2721649.1999999997,6,62,Independiente,3000000,100000,404631,90.562453,831.0,6,1,0.0,28646.0,28646.0,0.0,3,0,2,,,1
9,2025-05-30 17:12:57,1185660.0,4,48,Independiente,5000000,2000000,238437,95.227787,720.0,19,4,0.0,133879.0,133879.0,0.0,15,0,2,946640.0,Creciente,1
4,2025-07-24 15:59:10,480000.0,6,40,Independiente,1000000,123000,71887,90.562453,758.0,1,2,0.0,358.0,358.0,0.0,1,0,0,969638.0,Creciente,1
4,2025-12-16 15:08:36,1001878.7999999999,6,40,Independiente,2280000,0,153010,95.227787,757.0,3,1,0.0,137.0,137.0,0.0,0,0,2,132083.0,Creciente,1
4,2026-01-24 17:36:32,1285543.2,6,51,Empleado,8723000,7485000,196971,95.227787,790.0,12,5,0.0,83224.0,83224.0,0.0,7,0,2,1013333.0,Creciente,1
9,2025-11-01 15:02:57,2005837.2,10,40,Empleado,4060000,1285000,175981,95.227787,783.0,6,1,0.0,48111.0,48111.0,0.0,1,0,2,6007560.0,Creciente,1
4,2025-04-28 11:49:34,360000.0,6,38,Independiente,1500000,600000,53652,95.227787,809.0,2,2,0.0,35251.0,35251.0,0.0,1,0,0,30285.0,Creciente,1
4,2025-09-27 10:08:22,6960000.0,8,38,Independiente,9875000,13224000,807187,95.227787,798.0,12,2,0.0,139686.0,139686.0,0.0,6,0,5,975052.0,Creciente,1
4,2025-02-23 09:23:04,1729200.0,12,43,Empleado,1750000,750000,135853,74.296247,720.0,5,9,0.0,25887.0,25887.0,0.0,2,0,3,4729516.0,Creciente,1
4,2025-01-19 13:54:39,1940278.7999999998,12,37,Empleado,5720000,3000000,134742,95.227787,756.0,10,12,0.0,33921.0,33921.0,0.0,5,0,1,5133333.0,Creciente,1
4,2025-05-06 17:05:36,2778360.0,6,53,Independiente,18000000,2000000,413037,95.227787,869.0,1,1,0.0,0.0,0.0,0.0,0,0,0,908526.0,Estable,1
4,2025-09-01 14:47:07,8640000.0,24,58,Independiente,3470000,1374000,400341,95.227787,784.0,5,7,0.0,30997.0,30997.0,0.0,3,0,0,7107518.0,Creciente,1
4,2025-04-06 16:30:01,1080000.0,6,57,Empleado,4200000,900000,160555,95.227787,775.0,11,9,0.0,22284.0,22284.0,0.0,5,0,1,,,1
4,2025-05-25 08:02:42,1200000.0,6,53,Independiente,4200000,0,179717,95.227787,843.0,6,4,0.0,169633.0,75423.0,0.0,3,0,2,1433333.0,Creciente,1
4,2025-03-14 13:31:51,1799881.2,6,53,Empleado,3000000,1200000,267514,95.227787,876.0,7,2,0.0,74242.0,74242.0,0.0,6,0,0,2011251.0,Creciente,1
9,2025-02-27 13:53:19,2998800.0,5,52,Independiente,36000000,30000000,486354,95.227787,860.0,15,8,0.0,520976.0,511864.0,0.0,11,3,1,15588182.0,Creciente,1
9,2025-05-01 16:05:35,878880.0,8,48,Independiente,5000000,2000000,91704,95.227787,742.0,7,4,0.0,15539.0,15539.0,0.0,4,0,1,939017.0,Creciente,1
4,2025-01-22 13:43:54,1223880.0,12,48,Empleado,4000000,400000,84992,95.227787,821.0,6,10,0.0,45651.0,45651.0,0.0,4,0,0,1055700.0,Creciente,1
4,2025-01-18 10:00:26,1428000.0,10,46,Independiente,3000000,900000,131627,95.227787,790.0,2,1,0.0,0.0,0.0,0.0,0,0,0,991859.0,Creciente,1
4,2025-03-14 18:28:26,3144000.0,8,45,Independiente,7000000,1000000,357217,95.227787,773.0,5,5,0.0,8932.0,8932.0,0.0,3,0,0,2087486.0,Creciente,1
4,2024-12-10 16:42:23,2811361.1999999997,12,47,Empleado,5000000,3000000,220583,95.227787,725.0,12,6,0.0,74312.0,74312.0,0.0,7,0,1,4265380.0,Creciente,1
4,2025-05-10 15:24:19,3712800.0,8,43,Independiente,6000000,2000000,423272,95.227787,754.0,5,4,0.0,8070.0,8070.0,0.0,1,0,0,935968.0,Creciente,1
4,2025-05-26 15:51:04,2160000.0,6,41,Independiente,4000000,2200000,321889,95.227787,790.0,4,7,0.0,11257.0,11257.0,0.0,3,0,0,,,1
4,2025-02-07 12:01:56,5317200.0,8,39,Empleado,15000000,4000000,603051,95.227787,752.0,12,6,0.0,127463.0,127463.0,0.0,7,0,0,908526.0,Creciente,1
9,2025-02-06 10:09:09,4384165.2,3,42,Independiente,6000000,3000000,1162786,95.227787,846.0,5,2,0.0,101312.0,101312.0,0.0,4,1,0,,,1
4,2025-07-22 16:45:24,3230520.0,6,58,Empleado,3140000,1852000,478945,95.227787,807.0,7,4,0.0,71143.0,71143.0,0.0,3,0,2,,,1
4,2025-06-13 18:19:22,1860000.0,6,51,Empleado,3000000,1000000,279600,95.227787,785.0,12,11,0.0,23020.0,23020.0,0.0,6,0,4,615779.0,Creciente,1
4,2025-08-25 16:46:47,930600.0,6,47,Independiente,2640000,464000,139370,95.227787,813.0,6,2,0.0,20281.0,20281.0,0.0,3,0,2,600000.0,Decreciente,1
4,2025-09-05 10:44:06,7929600.0,6,55,Independiente,12630000,7418000,1197667,95.227787,842.0,13,4,0.0,191229.0,191229.0,0.0,8,0,4,1000000.0,Creciente,1
4,2025-01-15 15:16:27,1388280.0,12,47,Empleado,1300000,600000,96408,95.227787,780.0,3,3,0.0,0.0,0.0,0.0,0,0,0,1259348.0,Decreciente,1
10,2025-02-09 18:14:25,7200000.0,12,54,Empleado,1800000,500000,565663,95.227787,764.0,8,6,0.0,34140.0,26596.0,0.0,4,2,1,1280390.0,Decreciente,1
4,2025-08-12 14:06:33,2040000.0,6,51,Empleado,1000000,3151000,307088,95.227787,755.0,8,9,0.0,58927.0,58927.0,0.0,5,0,1,966736.0,Creciente,1
4,2025-01-07 13:12:42,1275480.0,12,48,Empleado,3800000,1800000,88575,95.227787,887.0,2,6,0.0,77656.0,77656.0,0.0,1,0,0,848804.0,Creciente,1
4,2026-02-05 08:28:43,2856000.0,6,42,Independiente,1671000,270000,440063,95.227787,746.0,3,3,0.0,22286.0,22286.0,0.0,2,0,1,1160000.0,Creciente,1
4,2025-01-20 12:49:05,5313469.2,12,50,Independiente,4000000,1000000,368991,95.227787,859.0,4,2,0.0,4661.0,4661.0,0.0,3,0,0,,,1
4,2025-05-25 17:04:31,1722000.0,6,50,Independiente,5000000,3000000,256617,95.227787,848.0,7,2,0.0,1647.0,1647.0,0.0,1,0,1,1000000.0,Creciente,1
4,2025-03-30 11:19:15,667800.0,6,52,Independiente,3800000,400000,99350,95.227787,793.0,4,4,0.0,4062.0,4062.0,0.0,1,0,1,931394.0,Creciente,1
9,2025-04-26 15:51:35,538680.0,5,49,Independiente,2400000,1600000,87441,95.227787,845.0,8,5,0.0,50288.0,50288.0,0.0,4,0,1,30285.0,Creciente,1
9,2025-05-08 11:27:24,2279972.4,10,46,Independiente,4500000,2500000,193884,95.227787,869.0,13,5,0.0,44697.0,18960.0,0.0,11,0,0,933473.0,Creciente,1
4,2025-01-10 14:58:52,1590000.0,18,48,Independiente,7000000,3000000,87605,95.227787,786.0,14,3,0.0,132953.0,12279.0,0.0,8,1,3,908526.0,Estable,1
4,2025-07-22 09:45:14,3600000.0,6,43,Empleado,1800000,2040000,542453,95.227787,836.0,8,3,0.0,21849.0,21849.0,0.0,6,0,1,1720000.0,Creciente,1
4,2025-08-12 11:07:56,864000.0,6,46,Empleado,1630000,2000000,130048,85.897119,794.0,2,1,0.0,390.0,390.0,0.0,0,0,2,,,1
4,2025-03-15 09:18:20,4065600.0,6,46,Independiente,5000000,2000000,604264,11.61911,744.0,10,12,0.0,25563.0,25563.0,0.0,3,0,1,837454.0,Creciente,0
9,2025-05-04 16:18:16,1498992.0,7,39,Independiente,5000000,2000000,177092,95.227787,818.0,8,10,0.0,79431.0,79431.0,0.0,5,0,2,1802324.0,Creciente,1
4,2025-01-19 15:41:57,2158680.0,12,37,Empleado,2300000,600000,149908,95.227787,818.0,4,4,0.0,16652.0,16652.0,0.0,2,0,1,2394000.0,Decreciente,1
4,2025-07-23 16:00:36,2087880.0,6,45,Empleado,1000000,709000,312689,95.227787,758.0,4,4,0.0,1575.0,1575.0,0.0,3,0,1,885714.0,Creciente,1
4,2025-03-05 17:04:43,3685458.0,10,45,Independiente,6500000,0,341371,95.227787,794.0,7,6,0.0,5981.0,5981.0,0.0,2,0,2,925157.0,Creciente,1
4,2025-08-27 11:36:36,4949282.399999999,12,45,Empleado,2740000,1061000,394744,95.227787,817.0,5,3,0.0,25292.0,18167.0,0.0,1,0,1,1470484.0,Creciente,1
4,2025-04-10 08:21:44,2175480.0,24,43,Empleado,1856000,350000,95633,95.227787,820.0,11,5,0.0,5735.0,5735.0,0.0,5,0,4,1781900.0,Creciente,1
4,2024-12-27 18:26:44,2423640.0,12,38,Empleado,6000000,3000000,168308,95.227787,844.0,13,7,0.0,52957.0,52957.0,0.0,11,0,1,3904423.0,Creciente,1
4,2025-01-23 16:44:22,5373480.0,12,37,Empleado,3200000,2000000,373158,92.428587,815.0,15,6,0.0,117229.0,117229.0,0.0,13,0,0,916148.0,Creciente,1
4,2025-01-02 18:59:05,3296281.1999999997,12,37,Independiente,7000000,3000000,228908,95.227787,834.0,7,2,0.0,100140.0,100140.0,0.0,4,0,0,908526.0,Creciente,1
4,2025-05-16 11:24:46,5245360.8,6,61,Independiente,10000000,0,779834,95.227787,720.0,4,9,0.0,42605.0,42605.0,0.0,2,0,1,1174010.0,Creciente,1
4,2025-01-23 10:55:00,1863000.0,10,39,Empleado,2400000,800000,171931,95.227787,820.0,3,4,0.0,45.0,45.0,0.0,1,0,0,,,1
4,2025-05-04 14:28:30,2991600.0,12,52,Empleado,3000000,1000000,235422,95.227787,815.0,6,3,0.0,2646.0,2646.0,0.0,3,0,1,,,1
9,2025-05-09 12:41:09,1604400.0,2,47,Independiente,5000000,2000000,632882,95.227787,745.0,8,2,0.0,89761.0,89123.0,0.0,5,0,2,767614.0,Creciente,1
4,2025-09-20 16:43:50,3647880.0,6,45,Independiente,9500000,1943000,550967,95.227787,810.0,7,6,0.0,112073.0,101497.0,0.0,3,0,1,5792500.0,Decreciente,1
9,2025-04-11 16:32:51,936480.0,3,44,Independiente,5000000,2000000,248522,95.227787,801.0,18,7,0.0,132601.0,132601.0,0.0,17,0,1,1324352.0,Decreciente,1
4,2025-08-07 17:56:38,2008560.0,6,46,Independiente,908526,1902000,302326,95.227787,729.0,11,6,0.0,47776.0,47776.0,0.0,2,0,5,733487.0,Creciente,1
4,2025-09-21 11:59:30,1494720.0,6,57,Empleado,8090000,1790000,226909,95.227787,861.0,4,2,0.0,52970.0,52970.0,0.0,1,1,0,4817156.0,Creciente,1
9,2025-05-23 15:23:53,1319000.4,10,51,Empleado,2000000,800000,112283,95.227787,821.0,0,1,0.0,0.0,,,0,0,0,1307741.0,Decreciente,1
4,2025-02-01 10:06:40,480000.0,6,45,Independiente,2000000,1200000,71293,95.227787,795.0,1,2,0.0,101.0,101.0,0.0,0,0,1,151421.0,Decreciente,1
4,2025-02-24 16:22:16,768000.0,6,44,Empleado,2000000,800000,114250,95.227787,762.0,6,2,0.0,40118.0,40118.0,0.0,3,0,2,923771.0,Creciente,1
9,2025-05-01 09:45:46,1629721.2,9,52,Independiente,3800000,2600000,152566,95.227787,903.0,3,3,0.0,226.0,226.0,0.0,1,0,1,908526.0,Decreciente,1
9,2025-03-13 13:08:22,4134876.0,10,49,Independiente,3500000,2000000,351069,95.227787,865.0,14,2,0.0,189689.0,189689.0,0.0,10,0,2,1957094.0,Creciente,1
4,2024-12-21 12:57:41,966000.0,12,53,Empleado,2850000,700000,75830,95.227787,775.0,14,7,0.0,54576.0,54576.0,0.0,5,0,8,4422501.0,Creciente,1
4,2025-12-17 14:42:58,3600000.0,36,58,Empleado,7145000,2996000,136947,95.227787,851.0,9,4,0.0,65471.0,65471.0,0.0,7,0,1,2686801.0,Creciente,1
4,2025-05-04 14:07:45,2628000.0,24,51,Empleado,2500000,100000,117104,47.613894,774.0,12,7,0.0,12487.0,11383.0,0.0,7,0,3,1500000.0,Estable,0
9,2025-04-21 10:05:59,3142544.4,10,44,Empleado,3000000,1000000,267236,91.028987,884.0,5,2,0.0,82016.0,82016.0,0.0,3,0,1,2864181.0,Creciente,1
9,2025-08-10 13:03:45,2381686.8,9,57,Empleado,908526,139000,223708,95.227787,877.0,7,3,0.0,7278.0,7278.0,0.0,3,0,0,732877.0,Creciente,1
9,2025-05-08 09:54:41,3431143.1999999997,11,57,Independiente,4000000,1500000,267714,95.227787,864.0,6,5,0.0,153832.0,153832.0,0.0,4,0,1,,,1
9,2025-08-14 14:35:31,538680.0,6,57,Independiente,1580000,164000,73729,90.562453,784.0,4,1,0.0,17545.0,9872.0,0.0,0,2,0,2150821.0,Estable,1
9,2026-03-13 15:54:27,1256640.0,11,43,Empleado,5718000,2065000,103836,95.227787,774.0,3,0,0.0,62527.0,62527.0,0.0,1,0,0,523776.0,Decreciente,1
9,2025-09-18 09:50:01,4152746.4,4,54,Empleado,1880000,0,839180,95.227787,804.0,0,2,0.0,0.0,,,0,0,0,6138818.0,Decreciente,1
9,2025-04-13 15:37:05,3407908.8,11,38,Empleado,5000000,2500000,265599,95.227787,812.0,7,3,0.0,60216.0,60216.0,0.0,5,1,0,1200000.0,Estable,1
4,2024-12-24 13:00:34,2250000.0,6,54,Independiente,2000000,500000,334034,95.227787,863.0,4,2,0.0,41058.0,41058.0,0.0,1,1,0,,,1
4,2025-06-24 14:44:24,2236286.4,6,51,Empleado,3700000,800000,336185,95.227787,795.0,10,5,0.0,108808.0,108808.0,0.0,8,0,1,,,1
9,2025-01-19 09:44:44,2093484.0,9,58,Empleado,4750000,3300000,195513,95.227787,857.0,9,5,0.0,229259.0,229259.0,0.0,7,0,1,3859409.0,Decreciente,1
9,2025-05-24 17:11:01,1769017.2,10,56,Independiente,3000000,1800000,150592,95.227787,840.0,1,2,0.0,4733.0,4733.0,0.0,0,1,0,,,1
9,2026-03-09 12:24:50,7801087.199999999,9,57,Independiente,4837000,3990000,766352,95.227787,822.0,12,4,0.0,161336.0,161336.0,0.0,9,1,0,,,1
4,2025-01-02 18:33:48,3036000.0,6,55,Empleado,1000000,500000,451339,95.227787,788.0,3,2,0.0,8520.0,8520.0,0.0,0,0,2,1373388.0,Creciente,1
4,2025-04-15 15:26:37,1121880.0,10,54,Empleado,1400000,400000,103961,95.227787,807.0,2,2,0.0,5447.0,5447.0,0.0,2,0,0,933473.0,Creciente,1
9,2025-04-17 15:18:49,2230488.0,10,55,Independiente,2800000,1000000,189676,95.227787,739.0,5,4,0.0,13035.0,13035.0,0.0,1,1,2,,,1
4,2025-04-14 12:56:11,4044000.0,18,53,Empleado,1600000,500000,224356,95.227787,812.0,2,2,0.0,5020.0,5020.0,0.0,0,1,0,1424095.0,Creciente,1
9,2025-08-20 11:11:07,6803166.0,10,52,Independiente,908526,4911000,585219,95.227787,812.0,12,8,0.0,33620.0,33620.0,0.0,7,0,1,966736.0,Creciente,1
9,2025-02-07 14:30:36,2029719.5999999999,10,53,Independiente,3000000,1500000,172151,95.227787,806.0,10,3,0.0,107223.0,107223.0,0.0,6,0,2,916148.0,Creciente,1
9,2025-08-02 10:21:13,3276768.0,10,52,Independiente,0,0,301612,95.227787,811.0,4,6,0.0,67715.0,13884.0,0.0,2,2,0,966736.0,Creciente,1
4,2025-05-15 14:19:27,1311600.0,6,51,Independiente,3800000,1800000,196448,95.227787,729.0,5,4,0.0,22539.0,22539.0,0.0,0,2,1,,,1
4,2025-02-18 11:48:57,1341600.0,12,51,Independiente,5000000,600000,105707,95.227787,808.0,10,6,0.0,61881.0,29620.0,0.0,6,3,0,,,1
9,2025-03-09 09:57:03,1092432.0,10,49,Empleado,4500000,1500000,92752,95.227787,801.0,13,7,0.0,82805.0,77029.0,0.0,6,1,2,8544282.0,Creciente,1
9,2025-01-22 11:53:51,3564668.4,9,53,Empleado,1800000,700000,332909,95.227787,771.0,2,6,0.0,3440.0,3440.0,0.0,2,0,0,916148.0,Creciente,1
9,2025-05-08 14:44:28,1812196.8,10,53,Independiente,4500000,2000000,154106,95.227787,868.0,7,3,0.0,6203.0,6203.0,0.0,4,0,1,,,1
9,2025-01-08 12:15:42,2432180.4,10,53,Independiente,4500000,3500000,206286,95.227787,871.0,3,2,0.0,2689.0,2689.0,0.0,2,0,0,908526.0,Estable,1
9,2025-06-05 12:42:10,1935496.7999999998,10,52,Empleado,7000000,5800000,164763,95.227787,861.0,1,2,0.0,0.0,0.0,0.0,1,0,0,469405.0,Creciente,1
9,2024-12-07 18:29:57,1788348.0,9,51,Independiente,3000000,1100000,166777,95.227787,857.0,6,6,0.0,190336.0,190336.0,0.0,6,0,0,905733.0,Creciente,1
4,2025-02-13 13:23:07,7074000.0,18,52,Empleado,2300000,1000000,390831,95.227787,778.0,6,4,0.0,16813.0,16813.0,0.0,2,0,1,2022735.0,-288,1
9,2025-03-28 15:15:53,2379607.1999999997,11,51,Independiente,3400000,1200000,185457,92.228643,890.0,9,3,0.0,130807.0,130807.0,0.0,7,0,2,,,1
9,2025-05-15 16:18:36,3528200.4,9,51,Independiente,2400000,1000000,330292,95.227787,843.0,5,3,0.0,148867.0,148867.0,0.0,4,0,1,939017.0,Creciente,1
4,2025-10-11 13:41:22,1419600.0,12,51,Independiente,5170000,104000,116728,95.227787,764.0,4,2,0.0,33734.0,33734.0,0.0,3,0,0,2801109.0,Creciente,1
9,2025-03-07 11:50:16,1245512.4,10,48,Independiente,3000000,1500000,105749,95.227787,817.0,0,2,0.0,0.0,,,0,0,0,916841.0,Creciente,1
9,2025-09-20 11:17:02,2171403.6,11,54,Independiente,5305000,98000,188061,95.227787,848.0,3,4,0.0,23005.0,23005.0,0.0,2,0,0,1464053.0,Creciente,1
4,2025-01-14 14:55:37,1369200.0,8,53,Independiente,8000000,500000,155288,95.227787,784.0,2,5,0.0,5750.0,5750.0,0.0,0,1,1,30285.0,Estable,1
4,2025-03-25 10:56:50,5071404.0,36,53,Empleado,2500000,150000,165007,95.227787,725.0,8,6,0.0,29345.0,29345.0,0.0,6,1,1,923771.0,Creciente,1
4,2025-04-18 12:36:58,4260000.0,24,51,Empleado,2500000,700000,189825,95.227787,757.0,6,2,0.0,6794.0,6794.0,0.0,2,0,4,2248615.0,Creciente,1
9,2025-01-10 17:32:32,2497574.4,10,51,Independiente,3500000,2000000,211833,95.227787,721.0,7,4,0.0,778.0,778.0,0.0,4,0,1,858052.0,Decreciente,1
9,2025-04-23 11:42:09,3032410.8,10,49,Independiente,3500000,1500000,257870,95.227787,795.0,11,4,0.0,112700.0,106702.0,0.0,2,1,4,933473.0,Creciente,1
9,2025-01-16 16:44:01,2735934.0,11,49,Independiente,4000000,2000000,212863,95.227787,719.0,13,18,0.0,22321.0,22321.0,0.0,2,0,2,,,1
9,2025-08-02 10:22:18,2262907.1999999997,10,50,Empleado,3000000,1500000,208290,95.227787,771.0,9,2,0.0,25263.0,25263.0,0.0,4,0,3,,,1
9,2025-04-05 12:28:34,799680.0,11,51,Empleado,3100000,1500000,62324,95.227787,753.0,4,8,0.0,18073.0,12633.0,0.0,0,1,1,878616.0,Decreciente,1
9,2025-06-20 15:52:01,2708928.0,9,48,Independiente,1500000,800000,256598,95.227787,805.0,1,1,0.0,0.0,0.0,0.0,0,0,0,911561.0,Creciente,1
4,2025-02-01 12:28:02,2400000.0,12,43,Empleado,1630000,500000,188423,95.227787,741.0,4,6,0.0,8320.0,8320.0,0.0,2,0,2,1038631.0,Estable,1
4,2026-01-18 11:50:37,685489.2,12,48,Empleado,2644000,553000,57248,95.227787,817.0,9,3,0.0,33223.0,11554.0,0.0,2,3,1,2417365.0,Creciente,1
9,2025-04-03 12:47:05,3450364.8,3,47,Empleado,5000000,3000000,915656,95.227787,797.0,12,3,0.0,64025.0,64025.0,0.0,3,0,9,1427131.0,Creciente,1
9,2025-02-16 16:19:59,4677516.0,10,47,Empleado,4800000,3000000,397142,95.227787,790.0,4,13,0.0,161987.0,152574.0,0.0,2,2,0,908526.0,Estable,1
4,2025-03-30 10:31:48,639708.0,12,47,Independiente,3800000,500000,50409,95.227787,817.0,10,3,0.0,24546.0,24546.0,0.0,5,0,5,921593.0,Creciente,1
9,2025-03-12 16:30:49,1089874.8,10,46,Independiente,4300000,3000000,92535,95.227787,855.0,1,2,0.0,5348.0,5348.0,0.0,1,0,0,4433429.0,Creciente,1
9,2025-04-13 14:33:06,1009570.7999999999,10,45,Independiente,3000000,2000000,85762,95.227787,803.0,3,2,0.0,27024.0,2071.0,0.0,1,1,0,931394.0,Creciente,1
4,2025-03-22 15:48:18,2713045.1999999997,12,45,Empleado,3000000,650000,214468,95.227787,891.0,6,2,0.0,48124.0,48124.0,0.0,4,0,0,30285.0,Creciente,1
9,2025-04-26 17:15:37,1377277.2,10,44,Independiente,3000000,1500000,117121,95.227787,795.0,1,4,0.0,11509.0,11509.0,0.0,1,0,0,1619712.0,Decreciente,1
4,2025-01-10 17:32:57,1404000.0,10,45,Independiente,3000000,800000,130116,95.227787,791.0,10,5,0.0,3951.0,3951.0,0.0,6,0,3,908526.0,Estable,1
4,2024-12-27 18:13:04,1606455.5999999999,8,43,Empleado,1400000,500000,182576,95.227787,815.0,3,4,0.0,67.0,67.0,0.0,2,0,0,1439735.0,Creciente,1
10,2025-05-08 11:30:50,4440000.0,24,43,Empleado,5000000,1000000,195180,95.227787,866.0,4,5,0.0,0.0,0.0,0.0,2,0,0,4170656.0,Creciente,1
9,2025-05-18 09:38:18,2236356.0,10,43,Empleado,6000000,2000000,190375,95.227787,859.0,10,3,0.0,183667.0,143478.0,0.0,6,0,2,2956727.0,Creciente,1
9,2025-02-02 18:10:36,1891348.7999999998,10,48,Empleado,5000000,3000000,160415,95.227787,828.0,16,2,0.0,88542.0,86420.0,0.0,6,3,2,9564882.0,Creciente,1
4,2025-05-24 10:54:44,1908000.0,6,46,Independiente,15000000,5000000,285749,95.227787,712.0,11,9,0.0,97165.0,97165.0,0.0,7,0,1,926820.0,Creciente,1
9,2025-04-18 12:13:07,1124550.0,10,45,Empleado,5391780,5000000,95630,95.227787,872.0,10,4,0.0,251904.0,101518.0,0.0,6,1,1,5495679.0,Creciente,1
9,2025-09-07 15:27:33,1947673.2,5,42,Empleado,8380000,3776000,318179,95.227787,819.0,13,3,0.0,46225.0,46225.0,0.0,8,0,1,1000000.0,Estable,1
4,2025-11-08 19:26:04,1800000.0,24,48,Empleado,2210000,0,87606,81.231786,877.0,1,1,0.0,0.0,0.0,0.0,1,0,0,991684.0,Creciente,1
4,2025-04-08 13:37:51,4212000.0,12,46,Empleado,5000000,1000000,333913,67.308656,798.0,9,2,0.0,169926.0,58210.0,0.0,6,0,0,933473.0,Creciente,1
9,2025-05-03 16:25:22,1067688.0,10,48,Empleado,2000000,1000000,90794,95.227787,759.0,1,2,0.0,370.0,370.0,0.0,0,0,1,,,1
4,2025-10-04 08:56:28,1419600.0,6,45,Independiente,2661000,1289000,216225,95.227787,835.0,6,2,0.0,137449.0,35246.0,0.0,3,0,0,2258333.0,Creciente,1
9,2025-06-09 09:32:51,6787484.399999999,9,45,Empleado,2500000,1200000,636018,95.227787,785.0,1,3,0.0,238.0,238.0,0.0,0,0,1,946640.0,Creciente,1
9,2024-12-20 10:12:20,2300781.6,9,44,Independiente,5000000,4500000,214873,95.227787,842.0,7,3,0.0,6059.0,6059.0,0.0,4,0,0,1402545.0,Decreciente,1
9,2024-12-29 11:36:03,1815675.5999999999,10,42,Empleado,4800000,2800000,153997,95.227787,931.0,7,0,0.0,88042.0,48673.0,0.0,3,0,0,,,1
9,2025-06-07 15:01:12,1564627.2,10,40,Independiente,4000000,2500000,133192,95.227787,838.0,8,4,0.0,58538.0,44147.0,0.0,2,0,4,946640.0,Creciente,1
9,2025-04-27 17:38:12,2456198.4,9,40,Empleado,2500000,1000000,229937,95.227787,706.0,5,15,0.0,17205.0,17205.0,0.0,3,1,1,933818.0,Creciente,1
9,2025-01-02 12:18:32,1399532.4,9,39,Empleado,1500000,1000000,130704,95.227787,756.0,9,2,0.0,46305.0,46305.0,0.0,3,2,2,908526.0,Estable,1
4,2025-05-29 13:34:47,1433760.0,24,39,Empleado,3000000,1350000,63529,95.227787,801.0,5,5,0.0,3808.0,3808.0,0.0,2,0,1,1227109.0,2029000,1
4,2025-01-16 13:18:42,672000.0,6,39,Independiente,2000000,500000,99901,95.227787,768.0,3,10,0.0,1824.0,1824.0,0.0,0,0,1,,,1
4,2024-12-17 14:48:54,839880.0,12,39,Empleado,1200000,300000,65930,95.227787,805.0,0,3,0.0,0.0,,,0,0,0,,,1
9,2025-12-10 18:19:24,1088556.0,10,39,Empleado,3130000,1165000,95997,95.227787,687.0,8,6,0.0,53185.0,40393.0,0.0,2,1,4,2087918.0,Decreciente,1
4,2024-12-26 12:52:44,2261040.0,24,37,Empleado,2500000,850000,98944,95.227787,755.0,11,7,0.0,30903.0,30903.0,0.0,1,2,7,3458640.0,Creciente,1
4,2025-05-11 15:06:47,714000.0,6,37,Independiente,3800000,1500000,106931,95.227787,739.0,4,8,0.0,326.0,326.0,0.0,0,0,1,942090.0,Creciente,1
9,2024-12-26 18:09:22,918964.7999999999,10,37,Empleado,1500000,800000,77942,95.227787,780.0,5,0,0.0,5166.0,5166.0,,1,0,3,,,1
4,2025-07-22 11:51:00,3636000.0,6,37,Independiente,15000000,5000000,544590,89.979287,791.0,5,8,0.0,69907.0,44649.0,0.0,1,1,3,1100000.0,Estable,1
4,2025-02-22 17:36:12,2708160.0,6,37,Empleado,5000000,2500000,401946,95.227787,790.0,8,4,0.0,108702.0,108702.0,0.0,6,0,1,6985072.0,Decreciente,1
4,2025-11-30 19:01:44,2557800.0,12,37,Empleado,4560000,2057000,212859,95.227787,754.0,16,2,0.0,82302.0,69631.0,0.0,2,4,8,1628464.0,Creciente,1
9,2025-02-08 14:51:08,4440086.399999999,10,37,Independiente,4000000,3000000,376587,95.227787,802.0,4,2,0.0,71862.0,71862.0,0.0,1,0,2,916148.0,Creciente,1
4,2025-09-17 15:40:59,3076080.0,36,38,Empleado,2840000,867000,105507,95.227787,771.0,5,4,0.0,46760.0,37826.0,0.0,2,1,2,1649532.0,Creciente,1
9,2025-04-18 16:20:55,2855257.1999999997,10,37,Independiente,1500000,1000000,242806,95.227787,763.0,3,2,0.0,18207.0,18207.0,0.0,1,0,1,,,1
4,2025-08-02 13:16:19,1248000.0,12,37,Empleado,3040000,974000,101078,88.229786,796.0,9,9,0.0,39359.0,39359.0,0.0,2,0,2,,,1
9,2025-02-14 16:54:14,1269000.0,3,37,Empleado,3500000,2000000,336701,95.227787,827.0,7,4,0.0,32709.0,32709.0,0.0,3,0,1,,,1
9,2025-07-22 11:16:56,1208916.0,10,37,Empleado,2000000,900000,103181,95.227787,807.0,4,6,0.0,23545.0,23545.0,0.0,3,0,0,,,1
9,2025-07-13 16:02:38,8153115.6,5,122,Empleado,38062010,20671524,1323066,95.227787,0.0,0,0,,,,,0,0,0,,,1
9,2025-04-16 17:06:52,5507376.0,5,122,Empleado,125078024,15138472,893982,95.227787,0.0,0,0,,,,,0,0,0,,,1
9,2025-05-24 15:22:58,8020394.399999999,10,122,Empleado,9858473,1178318,682754,95.227787,0.0,0,0,,,,,0,0,0,,,1
9,2025-07-20 12:12:28,1411467.5999999999,3,122,Empleado,13258352050,4316463703,407861,95.227787,0.0,0,0,,,,,0,0,0,,,1
9,2025-05-08 15:51:19,5563780.8,9,122,Empleado,262744988,114684,519609,95.227787,0.0,0,0,,,,,0,0,0,,,1
9,2025-09-10 16:57:15,881076.0,10,122,Empleado,213000000,137000000,75792,95.227787,0.0,0,0,,,,,0,0,0,,,1
9,2025-01-15 16:54:08,4559331.6,11,122,Empleado,31305436,1770357,354728,95.227787,0.0,0,0,,,,,0,0,0,,,1
9,2025-05-03 10:38:15,1036993.2,2,122,Empleado,5841415,160000,409059,16.693413,0.0,0,0,,,,,0,0,0,,,0
9,2024-12-07 10:27:42,1696657.2,11,121,Empleado,500000000,100000000,131779,95.227787,0.0,0,0,,,,,0,0,0,,,1
9,2025-04-18 12:03:24,5786521.2,10,122,Empleado,2500000,1900000,533463,91.028987,0.0,0,0,,,,,0,0,0,,,1
9,2025-09-07 15:19:33,1131320.4,9,122,Empleado,8252584000,3147612000,107025,95.227787,0.0,0,0,,,,,0,0,0,,,1
9,2025-02-16 10:34:37,5544553.2,10,122,Empleado,15887000,3414297,510351,87.593604,0.0,0,0,,,,,0,0,0,,,1
9,2025-05-24 17:24:01,6553657.2,10,122,Empleado,12450806583,6787675263,554863,95.227787,0.0,0,0,,,,,0,0,0,,,1
9,2024-12-15 10:06:05,2862009.6,11,122,Empleado,586830730,96433111,242035,95.227787,0.0,0,0,,,,,0,0,0,,,1
9,2025-04-18 13:30:16,11952373.2,10,122,Empleado,55000000,38000000,1101896,95.227787,0.0,0,0,,,,,0,0,0,,,1
9,2025-06-13 13:10:00,4393922.399999999,9,122,Empleado,10903748,4789799,410747,95.227787,0.0,0,0,,,,,0,0,0,,,1
9,2025-11-26 12:14:21,1713600.0,2,122,Empleado,1453171870,656208833,682906,95.227787,0.0,0,0,,,,,0,0,0,,,1
9,2025-05-16 10:38:32,3210783.6,10,122,Empleado,818817000,48378000,273039,95.227787,0.0,0,0,,,,,0,0,0,,,1
9,2025-04-07 12:17:28,3739116.0,10,122,Empleado,6157908,3970682,317634,95.227787,0.0,0,0,,,,,0,0,0,,,1
9,2025-01-18 12:56:43,5493334.8,2,122,Empleado,29000000,980000,2165346,95.227787,0.0,0,0,,,,,0,0,0,,,1
9,2025-07-05 09:22:57,4164565.1999999997,9,122,Empleado,5685715,1,390425,87.593604,0.0,0,0,,,,,0,0,0,,,1
9,2025-06-22 10:23:10,3878054.4,10,122,Empleado,603372000,148400000,330301,95.227787,0.0,0,0,,,,,0,0,0,,,1
9,2025-08-14 16:09:03,1131320.4,11,122,Empleado,426802834,170122005,97154,85.897119,0.0,0,0,,,,,0,0,0,,,1
9,2025-07-09 10:27:39,3331742.4,9,122,Empleado,1320000,930200,311752,95.227787,0.0,0,0,,,,,0,0,0,,,1
9,2025-05-16 10:30:32,3546866.4,10,122,Empleado,7300503,785980,300829,95.227787,0.0,0,0,,,,,0,0,0,,,1
9,2025-03-23 09:33:23,1783786.8,12,122,Empleado,461374141,461374141,123874,95.227787,0.0,0,0,,,,,0,0,0,,,1
9,2025-05-16 17:22:07,22261135.2,10,122,Empleado,71000000,68000000,2049038,87.593604,0.0,0,0,,,,,0,0,0,,,1
9,2024-12-21 13:57:37,4373607.6,9,122,Empleado,31385271,2605525,406505,95.227787,0.0,0,0,,,,,0,0,0,,,1
9,2024-12-26 16:53:11,3231908.4,7,122,Empleado,10882091,1326704,379618,-20.630232,0.0,0,0,,,,,0,0,0,,,0
9,2025-04-11 12:52:49,7464798.0,10,122,Empleado,20000000,5000000,688184,84.730786,0.0,0,0,,,,,0,0,0,,,1
9,2025-07-14 11:31:15,3688894.8,6,122,Empleado,20449676,4889209,503536,-17.884727,0.0,0,0,,,,,0,0,0,,,0
9,2025-01-25 15:41:53,1143631.2,10,122,Empleado,408511944,88378170,96997,5.267996,0.0,0,0,,,,,0,0,0,,,0
9,2024-12-20 11:41:00,2311009.1999999997,10,122,Empleado,6698000,6000000,211937,95.227787,0.0,0,0,,,,,0,0,0,,,1
9,2024-12-11 16:22:33,5455089.6,9,121,Empleado,398281000,352406000,508727,95.227787,,0,0,,,,,0,0,0,,,1
9,2025-07-19 17:32:16,4049395.1999999997,9,122,Empleado,1756295,0,380354,95.227787,0.0,0,0,,,,,0,0,0,,,1
9,2025-03-15 14:52:44,5324810.399999999,10,122,Empleado,987530000,600404910,452100,95.227787,0.0,0,0,,,,,0,0,0,,,1
9,2025-05-29 15:55:42,9141487.2,9,122,Empleado,3254979000,1254929000,856599,95.227787,0.0,0,0,,,,,0,0,0,,,1
9,2025-05-24 15:12:58,7217083.2,10,122,Empleado,399344778,274624227,613727,95.227787,0.0,0,0,,,,,0,0,0,,,1
9,2025-07-11 16:38:19,6959799.6,9,122,Empleado,1142778000,1520119000,652476,95.227787,0.0,0,0,,,,,0,0,0,,,1
9,2025-07-03 11:54:25,5001028.8,10,122,Empleado,72737163,21607659,425947,95.227787,0.0,0,0,,,,,0,0,0,,,1
9,2025-11-21 09:08:32,4614688.8,9,122,Empleado,70621000,29883000,446584,81.231786,0.0,0,0,,,,,0,0,0,,,1
9,2025-06-30 14:00:48,3960000.0,12,122,Empleado,69301000,29957000,275000,-15.473246,0.0,0,0,,,,,0,0,0,,,0
9,2025-05-15 15:32:35,4473715.2,10,122,Empleado,20279182,6229738,379440,95.227787,0.0,0,0,,,,,0,0,0,,,1
9,2025-03-06 16:42:35,41444152.8,10,122,Empleado,92564739,51522111,3816752,95.227787,0.0,0,0,,,,,0,0,0,,,1
9,2025-04-26 11:44:22,4390122.0,5,122,Empleado,4435921,2060000,711589,89.979287,0.0,0,0,,,,,0,0,0,,,1
9,2025-02-10 16:52:36,4196660.399999999,11,122,Empleado,13460938,6290420,354296,95.227787,,0,0,,,,,0,0,0,,,1
9,2025-01-31 10:50:31,2826087.6,9,122,Empleado,898010284,857985494,262923,95.227787,0.0,0,0,,,,,0,0,0,,,1
9,2025-02-08 11:39:46,1736228.4,9,122,Empleado,926000000,17000000,162149,95.227787,0.0,0,0,,,,,0,0,0,,,1
9,2025-02-06 16:43:05,8662866.0,11,122,Empleado,589006660,5338660,673994,95.227787,0.0,0,0,,,,,0,0,0,,,1
9,2025-05-10 12:54:13,1608882.0,10,122,Empleado,36242000,33560000,136816,95.227787,0.0,0,0,,,,,0,0,0,,,1
9,2025-02-21 15:31:25,976728.0,9,122,Empleado,50000000,0,91305,-16.250449,0.0,0,0,,,,,0,0,0,,,0
9,2025-05-30 15:38:55,6613239.6,9,122,Empleado,970534000,0,619690,91.728786,0.0,0,0,,,,,0,0,0,,,1
4,2025-05-04 16:05:39,9216000.0,6,122,Empleado,300000000,0,1373478,95.227787,0.0,0,0,,,,,0,0,0,,,1
4,2025-05-05 17:35:30,3038880.0,24,34,Empleado,8000000,1000000,133561,95.227787,799.0,7,9,0.0,307010.0,307010.0,0.0,5,0,0,7245633.0,Creciente,1
9,2025-09-12 16:51:01,4838794.8,6,21,Empleado,1930000,312000,665641,95.227787,768.0,1,4,0.0,11322.0,11322.0,0.0,1,0,0,,,1
9,2025-04-23 12:29:11,1108388.4,10,21,Empleado,2000000,800000,94255,95.227787,678.0,5,6,0.0,8388.0,8388.0,0.0,1,0,3,908526.0,Estable,1
4,2025-02-15 14:02:59,1051081.2,12,23,Empleado,1000000,300000,82578,95.227787,831.0,0,3,0.0,0.0,,,0,0,0,1276363.0,Decreciente,1
4,2025-03-07 18:09:05,2524560.0,12,22,Empleado,1500000,300000,198587,95.227787,724.0,7,8,0.0,1344.0,1344.0,0.0,2,0,2,1145468.0,Decreciente,1
4,2025-05-12 17:36:29,1748280.0,6,22,Empleado,1500000,450000,260550,7.636112,725.0,4,5,0.0,422.0,422.0,0.0,2,0,1,,,0
4,2025-09-07 18:16:59,2160000.0,24,20,Empleado,1200269,381000,100088,-4.727537,713.0,3,5,0.0,4308.0,4308.0,0.0,0,0,3,1215971.0,Creciente,0
9,2025-02-24 09:37:53,1544227.2,10,21,Empleado,1500000,300000,131112,95.227787,773.0,4,1,0.0,444.0,444.0,0.0,1,0,0,923771.0,Creciente,1
4,2025-05-16 15:50:15,675600.0,8,22,Empleado,2000000,50000,77510,91.028987,732.0,3,4,0.0,6191.0,6191.0,0.0,0,1,1,126184.0,Creciente,1
9,2025-03-08 08:00:05,2790411.6,11,20,Independiente,1000000,500000,217349,95.227787,739.0,0,2,0.0,0.0,,,0,0,0,,,1
4,2025-05-10 15:57:15,1631640.0,12,22,Independiente,2000000,400000,128968,95.227787,771.0,2,6,0.0,1245.0,1245.0,0.0,2,0,0,1890889.0,Decreciente,1
4,2025-05-25 11:57:45,2741760.0,8,22,Empleado,1800000,800000,312570,95.227787,752.0,4,5,0.0,6285.0,6285.0,0.0,2,1,1,36667.0,Decreciente,1
4,2025-06-01 12:19:44,540000.0,6,22,Empleado,2500000,50000,80880,6.795375,769.0,0,5,0.0,0.0,,,0,0,0,1972282.0,Decreciente,0
4,2025-08-09 11:33:45,1200000.0,6,21,Empleado,635969,0,180622,95.227787,783.0,1,5,0.0,0.0,0.0,0.0,1,0,0,853297.0,Creciente,1
9,2025-01-01 11:53:42,1606290.0,5,22,Independiente,1700000,1200000,260361,32.400287,815.0,3,2,0.0,1030.0,1030.0,0.0,3,0,0,,,0
9,2025-03-15 17:40:25,1220240.4,10,22,Empleado,1500000,800000,103604,95.227787,728.0,1,4,0.0,129.0,129.0,0.0,0,0,1,,,1
9,2025-02-27 15:37:12,748759.2,11,22,Empleado,1400000,400000,58322,91.028987,732.0,1,5,0.0,4449.0,4449.0,0.0,0,1,0,1045755.0,Creciente,1
4,2024-12-15 17:49:16,4980000.0,8,23,Empleado,6300000,1000000,564077,95.227787,770.0,10,8,0.0,171521.0,162686.0,0.0,3,3,1,4729783.0,Creciente,1
4,2026-01-06 12:09:37,413712.0,6,21,Empleado,1800000,112000,63479,95.227787,778.0,4,8,0.0,944.0,944.0,0.0,0,0,2,1050000.0,Creciente,1
4,2025-03-15 17:35:58,803880.0,6,21,Empleado,2000000,0,119480,4.483348,726.0,2,2,0.0,8076.0,8076.0,0.0,1,0,1,1337097.0,Creciente,0
4,2025-04-29 16:37:21,1206639.5999999999,6,36,Empleado,2200000,700000,180711,95.227787,741.0,5,6,0.0,8335.0,2443.0,0.0,2,0,2,818674.0,Creciente,1
4,2025-07-21 16:17:34,2268000.0,18,20,Empleado,1600000,400000,129529,95.227787,710.0,3,3,0.0,9750.0,9750.0,0.0,1,0,2,1082746.0,Creciente,1
4,2024-11-29 18:21:38,2957641.1999999997,12,25,Empleado,1600000,200000,232076,95.227787,738.0,5,4,0.0,5264.0,5264.0,0.0,2,0,0,696536.0,Creciente,1
9,2026-01-18 10:50:01,1572657.5999999999,4,22,Empleado,2262000,216000,323049,95.227787,753.0,4,3,0.0,1192.0,1192.0,0.0,2,0,0,275000.0,Creciente,1
4,2025-04-20 18:54:01,910800.0,12,22,Empleado,1300000,350000,72205,95.227787,745.0,1,4,0.0,351.0,0.0,0.0,0,0,1,550000.0,Creciente,1
4,2025-02-03 18:44:02,1051081.2,6,21,Empleado,1500000,500000,156114,25.404478,719.0,10,5,0.0,8559.0,8559.0,0.0,2,0,7,33334.0,Decreciente,0
9,2025-04-12 16:13:08,1166250.0,10,20,Empleado,2000000,800000,99072,95.227787,740.0,1,4,0.0,0.0,0.0,0.0,0,0,1,934661.0,15245,1
4,2024-12-06 15:25:30,1496838.0,12,23,Empleado,1300000,400000,117501,91.728786,721.0,5,16,0.0,18354.0,2563.0,0.0,1,2,1,1121470.0,Creciente,1
4,2025-01-17 10:54:49,2879880.0,24,25,Empleado,2000000,230000,126573,95.227787,725.0,2,4,0.0,508.0,508.0,0.0,0,0,0,916148.0,Creciente,1
9,2025-02-12 13:15:05,670328.4,9,33,Empleado,1800000,600000,62603,95.227787,821.0,3,2,0.0,1554.0,1554.0,0.0,1,0,0,2887500.0,Creciente,1
4,2025-04-26 18:07:03,3674400.0,6,20,Independiente,3000000,200000,546277,95.227787,,0,0,,,,,0,0,0,954263.0,Creciente,1
9,2024-12-27 16:49:22,1538256.0,10,22,Empleado,4000000,1500000,130468,91.99794,672.0,10,8,0.0,24508.0,24508.0,0.0,1,1,7,2344073.0,Creciente,1
9,2024-12-30 14:40:26,878880.0,2,32,Independiente,5000000,2000000,346434,95.227787,706.0,5,0,0.0,25012.0,25012.0,,1,0,4,,,1
4,2025-07-03 16:06:15,1046744.3999999999,6,20,Empleado,1500000,100000,157725,84.730786,729.0,2,2,0.0,3451.0,3451.0,0.0,1,0,1,954263.0,Decreciente,1
4,2025-09-20 15:16:29,1044000.0,6,31,Empleado,1740000,1139000,158477,95.227787,759.0,7,4,0.0,2072.0,2072.0,0.0,2,0,4,1191181.0,Creciente,1
4,2025-05-09 13:00:48,1709760.0,6,22,Empleado,1117000,200000,254809,95.227787,764.0,1,2,0.0,3006.0,3006.0,0.0,0,1,0,500000.0,Creciente,1
4,2025-07-26 12:57:32,1728000.0,8,23,Empleado,4260000,1945000,199800,95.227787,757.0,4,5,0.0,39681.0,39681.0,0.0,3,0,0,,,1
4,2025-03-25 18:20:43,1570560.0,12,23,Empleado,2000000,500000,123380,95.227787,725.0,8,8,0.0,28920.0,28920.0,0.0,5,0,0,814424.0,Decreciente,1
4,2025-04-30 10:37:05,8400000.0,6,20,Independiente,15000000,3000000,1248763,95.227787,754.0,2,5,0.0,13038.0,13038.0,0.0,1,0,1,,,1
4,2025-03-31 16:05:15,600000.0,6,29,Empleado,2000000,500000,89116,89.979287,801.0,1,0,0.0,56988.0,56988.0,0.0,1,0,0,,,1
4,2025-01-04 11:01:06,4055641.1999999997,12,28,Independiente,4000000,1500000,281642,-15.473246,710.0,3,9,0.0,41313.0,41313.0,0.0,0,0,2,1604700.0,Estable,0
9,2025-10-04 17:26:32,1050324.0,10,25,Empleado,1400000,55000,91058,95.227787,741.0,1,10,0.0,121.0,121.0,0.0,0,0,1,985912.0,Creciente,1
4,2025-01-10 18:40:30,1200000.0,12,25,Empleado,3400000,1500000,93980,95.227787,738.0,5,8,0.0,29.0,29.0,0.0,1,0,1,1678393.0,Creciente,1
4,2025-06-24 17:56:41,1261978.8,6,28,Empleado,2188000,680000,187683,95.227787,738.0,8,4,0.0,3408.0,3408.0,0.0,4,0,1,,,1
4,2025-02-14 17:33:55,3000000.0,6,24,Independiente,6000000,2000000,445582,95.227787,745.0,4,4,0.0,7631.0,7631.0,0.0,2,0,1,60569.0,Creciente,1
4,2025-09-06 09:32:58,2400000.0,6,21,Independiente,3450000,1527000,362490,95.227787,743.0,7,7,0.0,13207.0,13207.0,0.0,1,0,5,980236.0,Creciente,1
4,2025-09-14 15:09:28,720000.0,6,31,Independiente,2250000,187000,109117,95.227787,779.0,3,2,0.0,941.0,941.0,0.0,2,0,1,259132.0,Estable,1
4,2025-06-30 18:59:05,948000.0,8,22,Empleado,1600000,0,109288,91.410695,707.0,3,5,0.0,62.0,62.0,0.0,0,0,2,1272381.0,Creciente,1
4,2025-04-04 13:22:32,971760.0,6,22,Independiente,1000000,400000,144473,95.227787,748.0,2,4,0.0,51.0,51.0,0.0,0,0,2,540384.0,Estable,1
4,2025-01-18 13:20:52,2823600.0,12,31,Independiente,2500000,1000000,221135,95.227787,834.0,5,5,0.0,1369.0,1369.0,0.0,3,0,1,688965.0,Decreciente,1
4,2025-02-09 17:52:27,1200000.0,12,22,Empleado,3000000,800000,94550,95.227787,728.0,3,6,0.0,34318.0,34318.0,0.0,1,0,2,1316436.0,Creciente,1
4,2025-07-25 08:15:23,1473324.0,6,28,Empleado,1412000,1433000,218429,95.227787,710.0,4,4,0.0,23609.0,11893.0,0.0,1,0,2,1394601.0,Creciente,1
9,2025-04-13 12:27:06,1616760.0,10,30,Independiente,4500000,3000000,137342,95.227787,753.0,5,1,0.0,15714.0,15714.0,0.0,2,0,1,,,1
4,2025-02-06 11:18:28,3096000.0,6,34,Independiente,3200000,1500000,459840,95.227787,726.0,8,2,0.0,28056.0,20159.0,0.0,4,2,0,,,1
4,2025-04-06 08:25:19,8016000.0,6,33,Independiente,10000000,2300000,1191677,95.227787,768.0,8,5,0.0,95219.0,95219.0,0.0,6,0,2,3300000.0,Estable,1
4,2025-07-26 10:44:29,2571360.0,8,22,Empleado,1800000,0,291220,95.227787,778.0,1,5,0.0,0.0,0.0,0.0,1,0,0,1485000.0,Creciente,1
9,2025-10-25 12:03:20,793064.4,4,24,Empleado,2000000,0,161738,95.227787,742.0,2,10,0.0,20000.0,20000.0,0.0,1,0,0,4031256.0,Decreciente,1
4,2025-08-09 14:22:07,2019600.0,6,31,Empleado,1000000,1137000,302463,95.227787,759.0,9,7,0.0,5619.0,5619.0,0.0,1,0,3,1000000.0,Estable,1
4,2025-12-12 17:40:20,2400000.0,6,24,Empleado,4895000,1834000,366507,95.227787,839.0,10,5,0.0,39617.0,39617.0,0.0,9,0,0,4527796.0,Decreciente,1
4,2025-02-07 14:46:06,1152000.0,6,22,Independiente,2500000,1200000,170691,30.775502,738.0,2,4,0.0,1093.0,1093.0,0.0,0,0,2,880343.0,Decreciente,0
9,2025-04-23 16:27:06,1017451.2,10,21,Independiente,1200000,700000,86522,95.227787,688.0,0,2,0.0,0.0,,,0,0,0,,,1
4,2025-02-02 12:56:51,1025080.7999999999,6,35,Independiente,5000000,1000000,151886,95.227787,747.0,2,3,0.0,263.0,263.0,0.0,0,0,1,,,1
9,2025-01-09 16:04:42,3485312.4,9,22,Empleado,3500000,1300000,325498,95.227787,737.0,2,6,0.0,13031.0,13031.0,0.0,0,0,2,908872.0,Decreciente,1
4,2025-06-10 08:28:18,1980000.0,6,35,Empleado,1200000,200000,297657,95.227787,709.0,9,4,0.0,1623.0,1623.0,0.0,0,0,7,954263.0,Creciente,1
9,2025-01-25 18:19:40,1008471.6,10,21,Empleado,1500000,800000,85534,91.99794,814.0,0,2,0.0,0.0,,,0,0,0,1774484.0,Creciente,1
4,2025-01-18 16:00:26,469063.2,6,30,Empleado,1000000,200000,69732,95.227787,735.0,3,10,0.0,6528.0,6528.0,0.0,2,0,0,190224.0,Creciente,1
4,2025-03-16 17:31:10,1426800.0,6,23,Empleado,1600000,500000,212063,95.227787,776.0,2,2,0.0,16837.0,16837.0,0.0,1,0,0,,,1
4,2024-12-28 14:20:55,1656000.0,24,22,Empleado,1200000,300000,72782,25.419455,715.0,2,6,0.0,2516.0,2516.0,0.0,0,0,1,1224400.0,Creciente,0
4,2025-01-07 18:59:56,2645760.0,12,22,Empleado,1400000,500000,207345,95.227787,707.0,2,6,0.0,732.0,732.0,0.0,1,0,0,1135279.0,Creciente,1
4,2025-02-09 10:00:09,1980000.0,10,23,Empleado,2500000,300000,183497,95.227787,742.0,5,13,0.0,5950.0,5950.0,0.0,3,0,1,1830355.0,Creciente,1
4,2025-07-17 14:20:53,2065824.0,6,26,Independiente,3000000,1000000,306271,95.227787,814.0,1,1,0.0,29.0,29.0,0.0,0,0,0,,,1
4,2025-01-24 16:37:56,834000.0,12,24,Empleado,2500000,700000,65712,95.227787,740.0,1,8,0.0,56.0,56.0,0.0,0,0,1,1407037.0,Creciente,1
4,2025-08-07 18:56:33,511200.0,6,22,Empleado,908526,564000,76559,95.227787,707.0,6,8,0.0,5824.0,5824.0,0.0,3,0,2,809634.0,Decreciente,1
4,2024-11-28 14:28:35,839880.0,6,31,Empleado,1600000,400000,124688,95.227787,856.0,1,2,0.0,53.0,53.0,0.0,1,0,0,2281939.0,Decreciente,1
4,2025-01-09 15:32:37,1311481.2,12,22,Empleado,10000000,2500000,91075,95.227787,717.0,4,7,0.0,34139.0,12086.0,0.0,3,0,0,,,1
4,2025-04-01 12:44:03,530640.0,6,36,Independiente,5000000,3000000,78815,95.227787,817.0,6,7,0.0,52746.0,52746.0,0.0,3,0,1,2871493.0,Creciente,1
4,2025-07-11 17:05:18,1955880.0,10,34,Empleado,2000000,150000,183330,95.227787,760.0,4,7,0.0,246.0,246.0,0.0,2,0,2,1110000.0,Decreciente,1
4,2025-08-13 13:38:03,761760.0,6,34,Empleado,1735000,845000,114659,95.227787,775.0,7,2,0.0,49377.0,49377.0,0.0,3,0,4,1707083.0,Creciente,1
4,2025-01-31 17:46:29,3699600.0,12,32,Independiente,8000000,4000000,289383,95.227787,380.0,7,9,5096.0,12989.0,12989.0,0.0,3,0,0,983368.0,Creciente,1
4,2025-02-15 10:46:42,2373600.0,24,31,Empleado,2000000,800000,103765,95.227787,813.0,4,3,0.0,53902.0,53902.0,0.0,2,0,0,1300000.0,Estable,1
4,2025-03-10 12:02:27,2896680.0,6,30,Empleado,6900000,3000000,430217,95.227787,778.0,1,4,0.0,3449.0,3449.0,0.0,1,0,0,952497.0,Creciente,1
4,2025-02-26 14:37:14,2201880.0,18,29,Empleado,3300000,1200000,121854,95.227787,740.0,4,6,0.0,3951.0,2102.0,0.0,3,0,0,1432666.0,Creciente,1
4,2025-02-16 17:33:36,2693880.0,12,28,Empleado,2600000,350000,211643,95.227787,795.0,3,5,0.0,10234.0,10234.0,0.0,2,0,0,908526.0,Estable,1
4,2025-02-12 16:10:29,1111080.0,12,26,Empleado,1800000,600000,87291,95.227787,745.0,5,8,0.0,24377.0,24377.0,0.0,4,0,1,1125000.0,Creciente,1
4,2024-12-13 19:01:54,1559880.0,24,25,Empleado,1300000,150000,68192,95.227787,790.0,4,4,0.0,37817.0,37817.0,0.0,2,0,2,1140925.0,Creciente,1
4,2024-12-10 16:57:59,1621080.0,8,35,Empleado,2300000,400000,183864,95.227787,814.0,3,2,0.0,672.0,672.0,0.0,1,0,0,1230606.0,Creciente,1
4,2025-02-21 11:52:12,2796000.0,12,31,Empleado,2500000,800000,219666,95.227787,733.0,3,7,0.0,1471.0,1471.0,0.0,1,0,0,923771.0,Creciente,1
9,2025-06-28 08:42:16,1297320.0,9,30,Independiente,5000000,2000000,121623,95.227787,755.0,8,3,0.0,73981.0,73981.0,0.0,4,0,2,1485417.0,Creciente,1
4,2025-04-15 13:10:44,710940.0,6,29,Empleado,2500000,0,106119,95.227787,743.0,6,4,0.0,35999.0,35999.0,0.0,2,0,3,,,1
4,2025-04-14 12:39:11,1154400.0,12,28,Empleado,2000000,0,80167,95.227787,751.0,5,8,0.0,60535.0,60535.0,0.0,3,0,1,2112949.0,Creciente,1
4,2025-03-31 12:59:09,5398018.8,18,24,Empleado,4050000,500000,298767,95.227787,799.0,4,7,0.0,13625.0,13625.0,0.0,2,0,0,3335555.0,Creciente,1
4,2024-11-30 08:47:12,737880.0,6,23,Empleado,1300000,350000,109405,95.227787,752.0,2,7,0.0,1827.0,1827.0,0.0,2,0,0,872185.0,Decreciente,1
4,2025-03-21 16:54:27,2340000.0,24,24,Empleado,2500000,500000,103705,95.227787,776.0,2,6,0.0,5784.0,5784.0,0.0,2,0,0,1080608.0,Creciente,1
9,2025-06-27 15:31:11,821208.0,5,36,Independiente,4000000,2000000,133418,95.227787,858.0,11,5,0.0,224468.0,224468.0,0.0,7,0,2,1500000.0,Estable,1
9,2025-05-28 16:17:50,878880.0,4,36,Independiente,5000000,2000000,176743,81.231786,744.0,1,7,0.0,39.0,39.0,0.0,0,0,1,,,1
4,2025-01-07 17:24:28,2527080.0,12,35,Empleado,2700000,1000000,175492,95.227787,839.0,5,5,0.0,311441.0,311441.0,0.0,3,0,0,2526513.0,Estable,1
4,2025-08-04 17:09:00,3399600.0,24,32,Empleado,3170738,1498000,118042,-4.258677,784.0,9,4,0.0,36139.0,36139.0,0.0,2,3,2,3538110.0,Creciente,0
4,2024-12-06 18:54:34,788098.7999999999,8,32,Empleado,3200000,1000000,89387,95.227787,733.0,11,14,0.0,32882.0,32882.0,0.0,5,0,6,3395719.0,Decreciente,1
9,2025-08-02 16:57:59,4812000.0,12,32,Empleado,2984250,7251000,334167,-9.392871,731.0,9,8,0.0,202363.0,202363.0,0.0,7,0,0,3020655.0,Creciente,0
4,2025-05-26 18:19:40,3528000.0,12,31,Independiente,5800000,1500000,281431,95.227787,754.0,11,5,0.0,12209.0,12209.0,0.0,1,1,5,3622502.0,Creciente,1
9,2024-12-22 09:54:36,2728324.8,11,31,Empleado,2800000,700000,212271,95.227787,712.0,3,10,0.0,1828.0,1828.0,0.0,1,0,0,1891909.0,Decreciente,1
9,2025-02-23 10:27:52,1366110.0,10,29,Empleado,1500000,800000,115989,69.456282,775.0,1,3,0.0,808.0,808.0,0.0,1,0,0,955099.0,Creciente,1
4,2025-04-24 15:36:23,3392160.0,18,29,Empleado,4500000,1400000,188193,95.227787,707.0,4,3,0.0,13272.0,13272.0,0.0,3,0,0,3799400.0,Creciente,1
4,2025-01-23 11:24:50,3548881.1999999997,12,29,Empleado,4000000,500000,246450,95.227787,741.0,4,5,0.0,10438.0,10438.0,0.0,3,0,1,3566385.0,Decreciente,1
4,2025-09-24 19:03:21,2807760.0,6,28,Empleado,4180000,833000,424081,95.227787,844.0,2,1,0.0,7826.0,7826.0,0.0,2,0,0,3453431.0,Creciente,1
4,2025-10-13 15:44:22,2653921.1999999997,18,28,Empleado,1600000,0,154766,95.227787,792.0,0,3,0.0,0.0,,,0,0,0,1091350.0,Creciente,1
4,2025-01-10 15:16:03,2885880.0,12,25,Empleado,2500000,500000,200408,95.227787,813.0,4,5,0.0,17014.0,17014.0,0.0,0,0,2,1160000.0,Creciente,1
4,2025-01-21 15:40:28,2614680.0,6,36,Empleado,5000000,2000000,363150,95.227787,860.0,8,4,0.0,158957.0,140508.0,0.0,4,0,1,6098316.0,Decreciente,1
4,2025-01-16 14:50:50,3950281.1999999997,12,35,Independiente,6500000,1500000,274325,95.227787,801.0,4,2,0.0,10800.0,10800.0,0.0,2,0,0,,,1
4,2025-08-17 19:49:06,3272640.0,12,35,Empleado,6080770,1851000,261018,95.227787,763.0,4,5,0.0,24793.0,24793.0,0.0,3,0,0,6080770.0,Creciente,1
4,2025-01-15 13:10:19,2775478.8,12,32,Empleado,20500000,5000000,192742,95.227787,734.0,9,4,0.0,507164.0,492474.0,0.0,6,0,0,8771655.0,Creciente,1
4,2025-07-20 17:16:04,2099640.0,6,31,Empleado,3000000,600000,314478,95.227787,712.0,3,5,0.0,1824.0,1824.0,0.0,1,0,1,,,1
4,2025-04-02 13:28:39,4449480.0,12,29,Empleado,5200000,150000,350149,95.227787,788.0,3,6,0.0,183899.0,183899.0,0.0,2,0,0,5136430.0,Creciente,1
4,2025-12-24 12:24:40,2836440.0,12,29,Empleado,3503000,1788000,234385,95.227787,742.0,3,3,0.0,3120.0,3120.0,0.0,0,0,2,1125000.0,Creciente,1
4,2024-12-22 18:08:40,3600000.0,6,27,Empleado,15000000,2000000,533952,95.227787,814.0,7,8,0.0,827.0,827.0,0.0,2,0,0,908526.0,Estable,1
4,2025-05-11 15:01:20,3865680.0,24,27,Empleado,2000000,500000,174150,91.728786,760.0,3,14,0.0,12781.0,12781.0,0.0,2,0,0,1094130.0,Creciente,1
4,2024-11-30 17:15:53,1105920.0,12,27,Empleado,1700000,500000,86597,95.227787,756.0,0,3,0.0,0.0,,,0,0,0,1906578.0,Creciente,1
4,2024-12-10 08:11:50,1592160.0,12,24,Empleado,3600000,1100000,124692,95.227787,804.0,3,0,0.0,34127.0,34127.0,0.0,2,0,1,2438688.0,Decreciente,1
4,2025-01-21 16:55:35,3342000.0,6,25,Empleado,1600000,100000,495699,95.227787,759.0,2,3,0.0,35.0,35.0,0.0,0,0,0,1568809.0,Creciente,1
4,2025-07-29 18:09:30,1199880.0,24,24,Empleado,1670000,149000,54967,95.227787,796.0,3,2,0.0,27986.0,27986.0,0.0,1,0,1,,,1
4,2025-10-05 17:14:27,1004640.0,6,24,Empleado,1820000,77000,152767,95.227787,793.0,2,4,0.0,1439.0,1439.0,0.0,1,0,0,1056250.0,Creciente,1
4,2026-02-18 14:10:15,3036000.0,24,24,Empleado,2099000,145000,149413,95.227787,735.0,2,11,0.0,3266.0,3266.0,0.0,0,0,1,1371054.0,Creciente,1
4,2025-08-31 16:16:37,1128000.0,8,26,Empleado,2170000,69000,131669,95.227787,723.0,4,5,0.0,346.0,134.0,0.0,2,0,1,1103323.0,Creciente,1
4,2025-08-26 18:10:42,3219840.0,12,35,Empleado,2710000,1146000,259161,95.227787,770.0,6,5,0.0,53329.0,53329.0,0.0,4,0,1,2000000.0,Estable,1
4,2025-09-09 17:05:55,1665241.2,6,34,Empleado,1620000,0,251514,95.227787,860.0,1,3,0.0,0.0,0.0,0.0,1,0,0,1457363.0,Decreciente,1
4,2025-01-16 10:37:24,875520.0,6,31,Empleado,2900000,800000,129813,95.227787,752.0,3,5,0.0,1872.0,1872.0,0.0,1,0,1,2970240.0,Creciente,1
4,2025-10-05 12:32:20,601080.0,6,30,Empleado,1780000,0,91095,95.227787,795.0,2,3,0.0,232.0,232.0,0.0,1,0,0,1026863.0,Creciente,1
4,2025-01-28 18:12:42,1069080.0,6,29,Empleado,5000000,3500000,158788,95.227787,808.0,4,3,0.0,24241.0,24043.0,0.0,2,0,1,5500000.0,Estable,1
4,2024-12-11 16:14:03,1680000.0,6,27,Empleado,1200000,300000,249093,95.227787,806.0,5,6,0.0,41369.0,2588.0,0.0,1,0,3,863100.0,Creciente,1
4,2025-10-24 16:17:51,2580000.0,36,27,Empleado,4560000,945000,94145,95.227787,750.0,7,3,0.0,6164.0,6164.0,0.0,5,0,1,1017705.0,Creciente,1
4,2026-02-02 17:21:31,667200.0,12,28,Independiente,2030000,1033000,56182,95.227787,701.0,14,2,0.0,13816.0,13816.0,0.0,1,0,6,,,1
4,2025-02-19 17:18:05,1418160.0,6,29,Empleado,2500000,1000000,210635,95.227787,721.0,4,14,0.0,6533.0,6533.0,0.0,1,0,3,,,1
4,2025-08-23 13:59:07,533761.2,6,26,Empleado,2560000,751000,80341,95.227787,747.0,6,3,0.0,9807.0,9807.0,0.0,1,0,2,1133333.0,Creciente,1
4,2025-04-25 18:39:29,3350580.0,6,25,Empleado,4000000,2000000,497653,95.227787,764.0,6,6,0.0,6506.0,6506.0,0.0,2,0,3,1141473.0,Decreciente,1
4,2025-01-10 13:42:22,2893800.0,18,26,Empleado,3000000,500000,159594,95.227787,747.0,10,9,0.0,13304.0,13304.0,0.0,4,0,4,,,1
4,2025-03-06 15:56:06,1584000.0,6,33,Independiente,6000000,3000000,235428,95.227787,749.0,1,6,0.0,568.0,568.0,0.0,0,0,0,30285.0,Creciente,1
4,2024-12-04 12:49:02,1934280.0,12,29,Empleado,2400000,1000000,151776,95.227787,837.0,3,2,0.0,474.0,455.0,0.0,2,0,0,2345454.0,Creciente,1
4,2025-04-26 14:50:06,924000.0,6,29,Empleado,2000000,800000,137706,95.227787,723.0,6,7,0.0,2894.0,2894.0,0.0,3,0,1,939017.0,Creciente,1
4,2025-03-19 13:53:17,2841360.0,18,28,Empleado,2000000,500000,157542,95.227787,751.0,4,4,0.0,8578.0,8578.0,0.0,3,0,0,1069811.0,Creciente,1
4,2025-02-11 16:50:28,3182040.0,24,27,Empleado,2800000,450000,139427,95.227787,722.0,6,9,0.0,23355.0,23355.0,0.0,2,1,2,2575068.0,Creciente,1
4,2025-01-28 18:28:29,903240.0,8,25,Empleado,1450000,150000,102536,95.227787,746.0,2,3,0.0,5356.0,5356.0,0.0,1,0,0,1300000.0,Creciente,1
9,2024-12-18 16:38:28,1185660.0,3,24,Independiente,4000000,2000000,314466,95.227787,679.0,2,3,0.0,6320.0,6320.0,,1,0,1,,,1
4,2025-04-26 16:26:16,2298240.0,8,23,Empleado,1700000,680000,262028,95.227787,720.0,8,7,0.0,19272.0,19272.0,0.0,2,0,4,558500.0,Creciente,1
4,2024-12-04 14:07:17,481260.0,6,36,Empleado,3500000,700000,71350,95.227787,805.0,6,7,0.0,79757.0,74418.0,0.0,4,0,1,,,1
9,2025-08-27 10:16:31,3978908.4,10,36,Empleado,2800000,2608000,342272,95.227787,763.0,11,9,0.0,26010.0,26010.0,0.0,6,0,2,2100000.0,Decreciente,1
9,2025-01-18 10:09:49,1890580.7999999998,10,36,Independiente,3900000,2000000,160350,95.227787,978.0,10,1,0.0,81809.0,81809.0,,3,0,2,,,1
9,2025-07-14 13:59:19,1380055.2,4,36,Empleado,3000000,2000000,277597,95.227787,865.0,1,7,0.0,0.0,0.0,0.0,0,0,1,1413333.0,Decreciente,1
4,2024-12-25 15:08:54,957480.0,12,48,Empleado,3200000,450000,75171,95.227787,727.0,11,7,0.0,18437.0,18437.0,0.0,7,0,3,2158460.0,Decreciente,1
9,2025-06-28 10:09:18,1879372.8,7,36,Empleado,7132971,3000000,222287,95.227787,826.0,9,8,0.0,95151.0,95151.0,0.0,8,0,0,8589913.0,Creciente,1
9,2025-02-28 17:59:29,648379.2,9,36,Empleado,1200000,500000,60611,95.227787,797.0,0,4,0.0,0.0,,,0,0,0,,,1
9,2025-09-01 13:52:09,3761084.4,10,36,Independiente,2600000,528000,323534,47.613894,820.0,1,3,0.0,747.0,747.0,0.0,1,0,0,,,0
4,2025-01-23 17:23:30,5047200.0,18,36,Empleado,3200000,400000,280056,95.227787,732.0,8,6,0.0,13078.0,13078.0,0.0,6,0,2,3242000.0,Creciente,1
9,2024-12-28 16:11:30,1352313.5999999999,9,36,Empleado,3000000,1000000,126294,95.227787,763.0,2,4,0.0,154.0,154.0,0.0,0,0,1,,,1
9,2025-01-15 10:52:41,3659030.4,11,36,Empleado,3900000,2000000,284682,95.227787,854.0,6,5,0.0,2398.0,2398.0,0.0,4,0,0,3039143.0,Creciente,1
4,2025-04-28 09:25:28,840000.0,8,36,Empleado,2500000,1000000,96371,95.227787,757.0,5,3,0.0,17350.0,17350.0,0.0,1,0,2,1068571.0,Decreciente,1
4,2026-03-20 16:23:01,6840000.0,6,36,Independiente,3016000,808000,1060972,95.227787,766.0,1,6,0.0,7863.0,7863.0,0.0,1,0,0,,,1
9,2025-02-14 17:44:35,5811889.2,11,35,Empleado,4000000,2000000,452697,95.227787,830.0,6,4,0.0,91743.0,91743.0,0.0,5,0,0,916841.0,Creciente,1
4,2025-07-11 15:18:51,1864800.0,18,35,Empleado,1600000,900000,107143,95.227787,802.0,2,2,0.0,891.0,891.0,0.0,0,0,2,990476.0,Creciente,1
4,2025-01-09 12:41:35,876000.0,6,35,Empleado,4000000,1000000,130228,89.2295,767.0,7,7,0.0,2376.0,2376.0,0.0,0,0,2,837863.0,Creciente,1
9,2025-02-24 12:00:23,799680.0,11,35,Empleado,3100000,1400000,62288,95.227787,803.0,4,2,0.0,5350.0,5350.0,0.0,1,1,2,,,1
4,2025-02-16 14:59:02,920889.6,6,35,Empleado,1600000,300000,136995,95.227787,788.0,8,7,0.0,5835.0,5835.0,0.0,3,0,4,1530045.0,Creciente,1
10,2025-08-30 19:12:30,366960.0,6,35,Independiente,1000000,50000,55240,95.227787,821.0,2,4,0.0,729.0,729.0,0.0,0,0,1,966736.0,Creciente,1
4,2025-03-22 15:24:14,3326400.0,6,35,Empleado,2182000,951000,495740,95.227787,738.0,9,3,0.0,34981.0,34981.0,0.0,5,0,2,2068863.0,Creciente,1
10,2025-10-06 16:42:19,2787240.0,6,34,Empleado,2160000,565000,422411,95.227787,797.0,7,5,0.0,35088.0,35088.0,0.0,3,0,1,4031034.0,Creciente,1
4,2025-09-02 14:25:20,1410163.2,6,34,Empleado,3600000,1405000,214073,95.227787,759.0,5,4,0.0,28597.0,28597.0,0.0,3,0,2,1436104.0,Creciente,1
9,2025-01-18 15:54:04,2384874.0,10,24,Empleado,1200000,500000,202274,95.227787,744.0,3,3,0.0,76932.0,76932.0,,2,0,0,,,1
4,2025-01-12 09:57:52,1800000.0,6,34,Independiente,3500000,800000,267592,95.227787,781.0,1,1,0.0,4796.0,4796.0,0.0,0,0,1,,,1
4,2025-03-13 11:40:25,3226800.0,36,34,Empleado,1800000,700000,106378,-9.484711,753.0,3,3,0.0,16544.0,16544.0,0.0,1,0,1,333127.0,Estable,0
9,2024-11-27 15:51:50,1630701.5999999999,10,33,Empleado,1000000,0,138091,95.227787,845.0,3,0,0.0,0.0,0.0,,0,0,0,,,1
9,2025-02-05 17:33:36,3574816.8,11,34,Empleado,4000000,2000000,278130,95.227787,855.0,6,7,0.0,255836.0,255836.0,0.0,3,0,1,469405.0,Creciente,1
4,2024-12-26 15:04:07,1242000.0,12,34,Empleado,1800000,200000,97496,56.562689,778.0,1,3,0.0,446.0,446.0,0.0,1,0,0,1668302.0,Creciente,0
9,2025-06-30 09:24:02,2456818.8,4,34,Empleado,5500000,3000000,494188,95.227787,832.0,7,7,0.0,4689.0,4689.0,0.0,5,0,0,6683266.0,Creciente,1
4,2025-02-25 09:04:35,1800000.0,6,34,Independiente,4000000,900000,268258,95.227787,788.0,4,5,0.0,12258.0,12258.0,0.0,2,1,0,,,1
9,2025-05-30 13:17:52,7506279.6,10,33,Independiente,10000000,4000000,638989,95.227787,763.0,35,7,0.0,401032.0,401032.0,0.0,9,0,24,4200000.0,Estable,1
4,2026-01-11 11:24:56,2195760.0,10,34,Empleado,4160000,1945000,212651,95.227787,785.0,11,2,0.0,28351.0,28351.0,0.0,8,0,1,6823463.0,Creciente,1
4,2025-10-28 15:28:03,3965520.0,18,33,Empleado,2700000,310000,233258,95.227787,784.0,4,5,0.0,2967.0,2967.0,0.0,0,0,2,991684.0,Creciente,1
4,2025-01-10 16:01:03,4660200.0,24,33,Empleado,2100000,800000,203006,95.227787,714.0,6,4,0.0,23450.0,23450.0,0.0,3,0,2,2049666.0,Creciente,1
4,2025-01-13 17:05:17,1307520.0,10,32,Empleado,1200000,500000,120668,95.227787,769.0,3,3,0.0,3653.0,3653.0,0.0,0,0,3,1218048.0,Creciente,1
10,2025-08-15 14:45:01,8640000.0,36,32,Empleado,3430000,629000,298457,95.227787,812.0,4,8,0.0,42055.0,42055.0,0.0,2,1,1,1054976.0,Creciente,1
4,2025-10-25 17:08:43,6968400.0,36,32,Empleado,2440000,1847000,254211,95.227787,790.0,8,3,0.0,59763.0,45013.0,0.0,4,2,1,1817545.0,Creciente,1
4,2025-04-12 11:10:04,3896640.0,24,32,Independiente,2500000,400000,135300,-10.966485,708.0,3,9,0.0,13292.0,13292.0,0.0,2,0,1,1265277.0,Decreciente,0
4,2025-05-27 14:57:50,4454400.0,36,32,Empleado,5500000,500000,147943,95.227787,828.0,5,2,0.0,3703.0,3703.0,0.0,2,0,1,1755000.0,Creciente,1
4,2025-04-24 18:43:41,7828128.0,36,32,Empleado,7500000,4000000,260061,95.227787,736.0,14,16,0.0,79738.0,79738.0,0.0,8,1,3,2204591.0,Creciente,1
4,2024-12-26 14:21:51,3024000.0,12,31,Empleado,1600000,500000,237267,95.227787,794.0,1,4,0.0,19987.0,0.0,0.0,1,0,0,908526.0,Decreciente,1
9,2025-09-29 14:17:01,6653080.8,10,31,Empleado,2000000,779000,576792,95.227787,711.0,11,10,0.0,129732.0,129732.0,0.0,3,0,5,38106581.0,Decreciente,1
9,2025-04-12 15:49:30,893522.4,10,31,Empleado,3600000,1500000,75904,95.227787,822.0,3,8,0.0,152311.0,152311.0,0.0,0,2,1,3382500.0,Creciente,1
4,2025-07-15 09:30:25,3118800.0,8,30,Empleado,5100000,2000000,360623,95.227787,759.0,6,6,0.0,20508.0,20508.0,0.0,2,0,2,4560770.0,75761,1
4,2025-08-15 14:48:01,1728000.0,8,30,Empleado,4661276,930000,200403,95.227787,814.0,4,2,0.0,24758.0,24758.0,0.0,3,0,0,4592592.0,Creciente,1
4,2025-04-08 15:00:53,710400.0,12,29,Empleado,2400000,600000,56318,95.227787,759.0,6,5,0.0,10197.0,10197.0,0.0,3,0,3,,,1
4,2025-01-12 10:38:53,4583998.8,12,28,Independiente,6000000,800000,359003,95.227787,811.0,9,7,0.0,68133.0,25735.0,0.0,4,0,4,635968.0,Decreciente,1
9,2025-05-05 11:12:42,1180536.0,10,28,Empleado,2000000,800000,100391,95.227787,764.0,4,3,0.0,376.0,376.0,0.0,1,0,1,,,1
4,2024-12-28 15:12:08,2098800.0,18,28,Empleado,6000000,3000000,116439,95.227787,791.0,1,2,0.0,1210.0,1210.0,0.0,1,0,0,3000000.0,Creciente,1
9,2025-05-18 09:56:18,5207577.6,10,28,Independiente,4800000,2400000,443307,95.227787,664.0,7,28,0.0,30926.0,16646.0,0.0,3,0,4,,,1
9,2025-08-27 15:45:39,3452146.8,11,27,Empleado,2100000,2543000,272742,95.227787,795.0,5,3,0.0,44167.0,44167.0,0.0,3,1,0,2181768.0,Creciente,1
9,2025-06-21 11:27:08,2926885.1999999997,9,27,Independiente,6000000,2500000,274393,95.227787,802.0,2,6,0.0,135659.0,0.0,0.0,0,1,0,2138889.0,Decreciente,1
9,2025-03-14 12:32:34,2122130.4,9,26,Empleado,2000000,1500000,198378,95.227787,820.0,4,6,0.0,64826.0,64826.0,0.0,3,0,1,1127131.0,Creciente,1
4,2024-11-28 16:22:52,1680000.0,12,26,Empleado,1600000,700000,131879,95.227787,747.0,4,4,0.0,10208.0,10208.0,0.0,2,0,1,1388996.0,Creciente,1
4,2025-01-15 13:00:23,3580200.0,12,26,Independiente,10000000,5000000,280389,95.227787,765.0,2,2,0.0,37254.0,37254.0,0.0,0,1,1,333153.0,Creciente,1
9,2025-02-24 10:13:54,2687178.0,10,26,Independiente,6000000,2500000,228153,-4.727537,395.0,8,3,12534.0,75433.0,75433.0,0.0,6,0,1,916666.0,Creciente,0
9,2025-09-25 12:30:25,2452230.0,10,25,Empleado,2390000,45000,210945,95.227787,755.0,5,8,0.0,341.0,341.0,0.0,1,0,3,916667.0,Creciente,1
9,2025-04-18 14:22:02,6350404.8,10,25,Independiente,5000000,1800000,540026,95.227787,715.0,7,18,0.0,69834.0,69834.0,0.0,4,1,0,1290000.0,Creciente,1
9,2025-06-19 18:02:52,1419930.0,10,24,Empleado,1100000,400000,120938,95.227787,714.0,7,4,0.0,15392.0,11167.0,0.0,2,1,4,1400000.0,Creciente,1
4,2024-12-26 11:21:03,1253880.0,6,24,Independiente,2500000,300000,186108,95.227787,747.0,3,2,0.0,3746.0,3746.0,0.0,1,0,0,,,1
9,2025-05-22 16:08:50,978210.0,10,24,Empleado,2000000,0,83272,95.227787,749.0,1,1,0.0,726.0,726.0,0.0,0,0,1,,,1
4,2025-04-09 17:26:46,1606800.0,10,23,Empleado,2800000,800000,149847,95.227787,802.0,6,3,0.0,28837.0,28837.0,0.0,5,0,1,3049633.0,Creciente,1
9,2025-02-08 13:05:03,2927667.6,10,23,Independiente,1800000,500000,248311,88.229786,719.0,3,4,0.0,137.0,137.0,0.0,0,0,1,,,1
4,2025-03-31 16:56:16,1021020.0,12,23,Empleado,2000000,600000,80216,90.562453,721.0,2,3,0.0,1585.0,1585.0,0.0,1,0,0,543596.0,Creciente,1
9,2025-04-09 16:40:38,1476518.4,10,31,Empleado,1400000,900000,125429,95.227787,758.0,4,9,0.0,22755.0,22755.0,0.0,4,0,0,1303625.0,Creciente,1
4,2024-12-08 12:29:13,717914.4,6,24,Empleado,1800000,400000,106581,89.979287,735.0,2,9,0.0,6807.0,6807.0,0.0,0,0,2,765364.0,Decreciente,1
9,2026-03-01 17:31:12,5027774.399999999,10,36,Empleado,20126000,16020000,450728,95.227787,802.0,8,9,0.0,337589.0,337589.0,0.0,6,0,0,2274629.0,Decreciente,1
4,2025-09-23 12:36:04,8400000.0,24,35,Empleado,9860000,6764000,395804,95.227787,718.0,15,5,0.0,167370.0,167370.0,0.0,9,0,2,4000000.0,Estable,1
4,2025-10-15 15:00:37,1439880.0,24,33,Empleado,1950000,561000,67471,95.227787,736.0,9,11,0.0,6122.0,6122.0,0.0,3,0,5,2169770.0,Creciente,1
4,2025-05-01 15:20:26,2135880.0,6,24,Empleado,6000000,1800000,318314,95.227787,767.0,3,6,0.0,4910.0,4910.0,0.0,1,0,1,1375800.0,Creciente,1
4,2025-09-11 16:20:40,3611280.0,10,32,Empleado,2570000,437000,342958,95.227787,724.0,4,2,0.0,2525.0,2525.0,0.0,1,0,0,4581500.0,Creciente,1
4,2025-07-25 19:39:28,720000.0,12,32,Independiente,954263,371000,57426,95.227787,827.0,5,4,0.0,254276.0,9183.0,0.0,4,0,0,954263.0,Creciente,1
9,2025-03-28 12:24:59,1185660.0,2,29,Independiente,5000000,2000000,467566,95.227787,809.0,3,2,0.0,1017.0,1017.0,0.0,2,0,0,2050000.0,Decreciente,1
4,2025-01-30 12:13:06,3238680.0,6,29,Empleado,6500000,2800000,481032,95.227787,715.0,33,6,0.0,50198.0,50198.0,0.0,31,0,0,966667.0,Creciente,1
4,2025-01-23 08:38:14,660000.0,6,28,Empleado,2500000,700000,98117,95.227787,745.0,6,6,0.0,17372.0,17372.0,0.0,3,0,1,1341666.0,Decreciente,1
4,2025-12-23 17:36:44,4270560.0,36,28,Empleado,2702000,637000,157015,95.227787,782.0,6,4,0.0,14423.0,14423.0,0.0,4,1,1,1000000.0,Estable,1
4,2025-08-05 12:31:44,919010.4,6,26,Independiente,1200000,235000,138342,95.227787,789.0,2,1,0.0,14507.0,14507.0,0.0,0,0,1,1474563.0,Creciente,1
4,2025-01-18 18:12:17,623880.0,6,26,Empleado,3600000,2700000,86650,95.227787,820.0,2,3,0.0,2293.0,0.0,0.0,1,0,0,1387588.0,Creciente,1
4,2025-04-16 19:32:46,1608415.2,6,26,Empleado,4000000,2000000,239111,95.227787,745.0,1,4,0.0,55.0,55.0,0.0,0,0,0,1637087.0,Decreciente,1
4,2025-02-22 19:07:44,1125480.0,12,23,Empleado,2500000,400000,88423,95.227787,742.0,2,7,0.0,1621.0,1621.0,0.0,0,0,1,1308380.0,Creciente,1
4,2026-02-05 17:22:11,6631561.2,10,38,Empleado,3433000,1666000,646104,95.227787,821.0,4,1,0.0,81139.0,81139.0,0.0,3,0,1,,,1
4,2025-03-20 11:15:57,2640000.0,6,36,Independiente,3500000,3000000,392379,95.227787,777.0,8,3,0.0,11708.0,11383.0,0.0,2,0,3,925157.0,Creciente,1
4,2025-02-23 11:35:03,12257595.6,36,36,Empleado,5300000,0,399464,95.227787,799.0,6,3,0.0,56724.0,56724.0,0.0,5,0,1,4021717.0,Creciente,1
4,2025-01-02 12:22:41,3311749.1999999997,12,34,Empleado,2500000,800000,229983,95.227787,772.0,1,6,0.0,0.0,0.0,0.0,0,0,0,908526.0,Decreciente,1
4,2024-12-31 16:09:14,1484818.8,12,33,Empleado,2500000,150000,116363,95.227787,737.0,6,2,0.0,33180.0,33180.0,0.0,3,0,0,,,1
4,2024-12-23 11:49:03,2988000.0,12,32,Empleado,3000000,500000,233677,95.227787,796.0,8,4,0.0,53169.0,53169.0,0.0,5,0,2,,,1
9,2025-02-13 11:52:33,1269000.0,4,32,Independiente,4000000,2000000,254887,95.227787,805.0,9,4,0.0,163296.0,86199.0,0.0,5,0,3,835593.0,Decreciente,1
9,2025-05-11 14:33:00,878880.0,5,31,Independiente,5000000,2000000,142664,89.979287,687.0,10,10,0.0,367318.0,367318.0,0.0,7,0,2,30894.0,Creciente,1
4,2025-01-01 14:24:35,926280.0,6,30,Empleado,1500000,500000,128650,95.227787,798.0,4,4,0.0,9976.0,9976.0,0.0,2,0,1,783063.0,Creciente,1
4,2025-02-07 16:07:34,4507080.0,12,30,Empleado,10000000,5000000,354067,95.227787,771.0,9,5,0.0,203852.0,203852.0,0.0,4,0,0,2000000.0,Estable,1
4,2025-03-24 09:10:26,5039684.399999999,36,29,Empleado,3800000,300000,164015,95.227787,735.0,14,14,0.0,109804.0,109804.0,0.0,7,0,4,4748927.0,Decreciente,1
4,2025-07-29 13:56:35,4260360.0,12,29,Independiente,1000000,557000,342911,95.227787,778.0,4,2,0.0,11552.0,11552.0,0.0,1,0,1,963410.0,Creciente,1
4,2025-04-16 16:33:02,885688.7999999999,12,28,Empleado,3000000,400000,69699,95.227787,728.0,3,9,0.0,2288.0,2288.0,0.0,1,0,1,30285.0,Creciente,1
4,2025-09-18 17:45:35,2546640.0,12,27,Empleado,2380000,1085000,208164,95.227787,712.0,7,8,0.0,16049.0,16049.0,0.0,0,1,1,576744.0,Decreciente,1
4,2025-01-22 17:58:11,2351040.0,12,27,Empleado,3000000,500000,184125,95.227787,758.0,1,3,0.0,1234.0,1234.0,0.0,1,0,0,3331481.0,Creciente,1
4,2025-01-24 12:19:10,1702026.0,12,24,Empleado,2000000,150000,133543,95.227787,722.0,5,6,0.0,15129.0,15129.0,0.0,0,1,4,1800900.0,Decreciente,1
9,2025-04-10 14:13:34,2115496.8,11,22,Independiente,2000000,900000,164873,95.227787,756.0,4,3,0.0,14490.0,14490.0,0.0,1,1,1,908526.0,Estable,1
10,2025-07-22 11:51:07,780000.0,6,36,Empleado,908526,274000,116816,95.227787,796.0,2,5,0.0,2045.0,2045.0,0.0,1,0,1,878242.0,Creciente,1
4,2024-12-17 11:33:46,360000.0,6,35,Empleado,1100000,350000,53445,95.227787,764.0,4,4,0.0,455.0,455.0,0.0,0,0,4,874741.0,Creciente,1
9,2025-03-15 09:59:14,1838767.2,10,35,Independiente,3000000,1500000,156119,95.227787,757.0,3,5,0.0,35521.0,35521.0,0.0,0,0,3,,,1
4,2025-01-23 13:40:07,3950400.0,36,35,Empleado,1900000,200000,127730,95.227787,769.0,2,9,0.0,53.0,53.0,0.0,0,0,0,1165094.0,Decreciente,1
4,2025-08-24 11:05:41,1440000.0,6,35,Independiente,2560000,1666000,217494,95.227787,761.0,7,3,0.0,66484.0,57709.0,0.0,0,4,1,969508.0,Creciente,1
9,2025-05-25 09:14:35,1860132.0,10,35,Independiente,10000000,5000000,158348,91.728786,764.0,7,5,0.0,118971.0,64376.0,0.0,5,0,0,849301.0,Decreciente,1
4,2024-12-16 17:40:48,1698000.0,6,34,Empleado,3000000,1000000,252084,95.227787,799.0,4,10,0.0,16100.0,16100.0,0.0,1,0,1,696537.0,Decreciente,1
9,2025-01-27 09:45:13,3134666.4,10,34,Empleado,6500000,3800000,265868,95.227787,877.0,8,2,0.0,151961.0,151961.0,0.0,2,1,2,1100000.0,Creciente,1
4,2025-10-03 18:00:28,492000.0,6,34,Empleado,1762000,720000,74938,95.227787,749.0,19,8,0.0,23636.0,23636.0,0.0,8,0,10,1118546.0,Creciente,1
9,2025-06-14 14:56:55,1846266.0,9,33,Empleado,4000000,2000000,173003,95.227787,820.0,7,2,0.0,66490.0,66490.0,0.0,4,1,2,892289.0,Creciente,1
9,2025-02-06 10:29:00,1965441.5999999999,11,33,Empleado,3000000,1500000000,152917,89.2295,838.0,4,2,0.0,279977.0,279977.0,0.0,3,0,0,1500000.0,Estable,1
4,2024-12-05 12:18:28,900000.0,8,31,Independiente,2000000,400000,101986,95.227787,802.0,4,7,0.0,94724.0,2826.0,0.0,2,0,2,1846999.0,Creciente,1
4,2025-02-10 18:13:53,3360000.0,12,32,Empleado,2500000,350000,264741,95.227787,773.0,5,2,0.0,3523.0,3523.0,0.0,2,0,1,90853.0,Creciente,1
9,2024-12-28 09:06:59,907458.0,10,33,Empleado,1500000,600000,76966,95.227787,734.0,9,2,0.0,9135.0,9135.0,,3,0,6,,,1
4,2025-03-07 10:41:51,1836000.0,12,32,Empleado,2400000,1000000,145137,95.227787,790.0,2,6,0.0,10411.0,10411.0,0.0,0,0,1,2270686.0,Estable,1
4,2024-12-11 18:22:29,2244000.0,12,32,Empleado,2167000,200000,176067,95.227787,772.0,3,14,0.0,11080.0,11080.0,0.0,1,0,1,2341785.0,Decreciente,1
4,2024-12-15 09:42:21,3600000.0,36,32,Empleado,2000000,500000,116400,95.227787,804.0,3,4,0.0,32511.0,32511.0,0.0,1,1,1,1267181.0,Creciente,1
4,2025-07-20 13:39:30,947881.2,12,32,Empleado,2838375,1469000,75601,95.227787,755.0,10,5,0.0,65286.0,65286.0,0.0,4,2,4,3176146.0,Creciente,1
4,2025-09-09 14:29:37,3360000.0,20,32,Empleado,2600000,2073000,181313,95.227787,775.0,12,2,0.0,98296.0,91707.0,0.0,3,2,5,977131.0,Creciente,1
9,2025-04-03 11:25:35,2890814.4,9,32,Empleado,3800000,1500000,270365,95.227787,724.0,12,6,0.0,70219.0,70219.0,0.0,4,0,8,2939705.0,Decreciente,1
10,2026-03-22 12:59:11,1386960.0,24,32,Empleado,4756000,119000,68247,95.227787,841.0,4,0,0.0,47.0,47.0,0.0,1,0,1,903333.0,Creciente,1
4,2025-04-29 16:45:21,1464000.0,24,31,Empleado,6000000,1000000,65954,95.227787,726.0,18,7,0.0,236880.0,236880.0,0.0,10,4,3,7030282.0,Decreciente,1
9,2024-12-28 18:14:39,2134839.6,11,31,Empleado,2500000,1200000,166096,95.227787,790.0,3,0,0.0,5160.0,5160.0,,1,0,1,,,1
4,2025-08-24 12:00:30,4454400.0,36,31,Empleado,2510000,511000,153871,95.227787,783.0,6,5,0.0,37114.0,37114.0,0.0,3,0,2,2375410.0,Creciente,1
4,2025-05-25 10:51:22,1272600.0,6,31,Independiente,3000000,0,190606,95.227787,779.0,4,9,0.0,31911.0,1776.0,0.0,2,1,0,2788602.0,Creciente,1
4,2025-12-01 12:05:20,2059920.0,24,32,Empleado,4187000,2127000,101113,95.227787,768.0,5,9,0.0,195827.0,195827.0,0.0,1,2,1,2968503.0,Creciente,1
9,2025-02-21 15:56:30,1287464.4,10,31,Independiente,3000000,1500000,109311,95.227787,771.0,2,0,0.0,4120.0,4120.0,0.0,0,0,2,916841.0,Creciente,1
9,2025-11-13 18:02:42,1037674.7999999999,10,31,Empleado,3570000,1616000,91040,17.499912,787.0,7,0,0.0,36946.0,36946.0,0.0,5,0,1,1163721.0,Estable,0
4,2025-01-23 08:32:19,4408560.0,6,31,Empleado,20000000,8000000,653896,95.227787,821.0,5,5,0.0,2010.0,2010.0,0.0,3,0,1,916148.0,Creciente,1
4,2025-04-17 13:02:51,5280000.0,12,30,Empleado,3500000,1000000,418580,95.227787,786.0,11,4,0.0,85609.0,85609.0,0.0,4,0,5,1113426.0,Decreciente,1
4,2025-05-10 17:22:57,2587200.0,6,30,Empleado,3500000,1800000,387469,16.693413,760.0,3,2,0.0,47086.0,47086.0,0.0,2,0,1,333333.0,Creciente,0
4,2026-01-16 19:07:50,4532400.0,18,30,Empleado,5990000,1641000,272833,95.227787,767.0,2,2,0.0,47105.0,47105.0,0.0,1,0,1,677778.0,Creciente,1
9,2024-12-28 18:18:07,1055065.2,10,29,Empleado,2000000,800000,89486,95.227787,743.0,6,0,0.0,6897.0,6897.0,,1,0,2,,,1
10,2025-04-04 16:26:34,1440000.0,12,28,Independiente,2200000,1000000,113332,95.227787,739.0,9,5,0.0,50536.0,3422.0,0.0,0,1,8,908526.0,Estable,1
4,2025-12-22 18:50:53,3960000.0,36,29,Empleado,3584000,1429000,150642,95.227787,759.0,8,2,0.0,21617.0,21617.0,0.0,3,3,1,1841260.0,Creciente,1
9,2025-05-30 12:31:51,2800629.6,10,28,Empleado,9500000,2500000,238410,95.227787,812.0,10,3,0.0,242487.0,242487.0,0.0,6,0,2,4391815.0,Creciente,1
4,2025-05-03 16:41:40,554400.0,6,28,Empleado,3500000,300000,82757,95.227787,741.0,6,3,0.0,198997.0,198997.0,0.0,3,0,1,2658809.0,Creciente,1
9,2025-03-12 15:31:57,1318243.2,10,28,Empleado,1100000,500000,111925,95.227787,710.0,6,4,0.0,19422.0,9345.0,0.0,2,1,3,1605645.0,Creciente,1
10,2025-06-17 17:54:54,7154880.0,36,27,Empleado,2500000,500000,237634,95.227787,778.0,2,5,0.0,701.0,701.0,0.0,2,0,0,1822372.0,Creciente,1
9,2025-05-25 12:23:41,1190216.4,10,27,Empleado,3500000,1800000,101320,95.227787,746.0,9,7,0.0,11578.0,11578.0,0.0,6,0,3,3293825.0,Creciente,1
4,2025-06-06 17:38:01,754724.4,6,27,Empleado,1300000,500000,113452,95.227787,774.0,6,6,0.0,14255.0,14255.0,0.0,4,0,1,1200514.0,Creciente,1
9,2024-12-27 17:55:32,968794.7999999999,10,27,Empleado,1500000,700000,82169,95.227787,811.0,10,0,0.0,67291.0,65043.0,0.0,2,1,5,,,1
4,2026-01-28 15:39:42,3960000.0,36,26,Empleado,2331000,654000,155246,95.227787,779.0,3,1,0.0,15219.0,15219.0,0.0,2,0,0,4177966.0,Creciente,1
4,2024-12-10 14:26:47,3600000.0,12,25,Empleado,1700000,350000,282635,95.227787,775.0,0,3,0.0,0.0,,,0,0,0,1530220.0,Creciente,1
4,2024-12-25 12:46:36,487200.0,6,25,Independiente,2500000,0,72335,95.227787,716.0,5,4,0.0,1982.0,1982.0,0.0,1,0,4,,,1
9,2025-01-08 17:54:09,3583785.6,9,24,Empleado,4444000,1500000,333095,91.728786,555.0,8,8,0.0,103012.0,103012.0,0.0,4,0,2,4088594.0,Creciente,1
4,2025-01-02 17:40:01,804000.0,8,24,Empleado,1500000,500000,91186,16.155621,739.0,4,9,0.0,3025.0,3025.0,0.0,2,0,1,908526.0,Estable,0
4,2025-03-25 15:56:41,856800.0,12,24,Empleado,1200000,260000,67723,95.227787,733.0,5,4,0.0,8143.0,8143.0,0.0,1,0,2,1136249.0,Creciente,1
4,2025-05-26 12:53:15,2575032.0,6,24,Empleado,1800000,300000,387086,6.795375,758.0,1,7,0.0,267.0,267.0,0.0,0,0,1,1374467.0,Creciente,0
4,2026-03-03 08:11:20,960000.0,24,25,Empleado,3793000,980000,48159,95.227787,769.0,7,3,0.0,23515.0,23515.0,0.0,4,0,3,4618780.0,Creciente,1
4,2025-12-26 17:07:24,8875200.0,36,25,Empleado,2610000,667000,337620,95.227787,761.0,5,2,0.0,43880.0,43880.0,0.0,0,1,2,1017503.0,Decreciente,1
4,2024-12-20 18:08:47,1527480.0,12,24,Empleado,2200000,400000,119856,95.227787,732.0,1,4,0.0,13284.0,13284.0,0.0,0,0,1,1697970.0,Creciente,1
4,2025-02-10 11:05:17,1384500.0,6,36,Empleado,6000000,2000000,205495,62.667613,864.0,9,9,0.0,41568.0,41568.0,0.0,6,0,1,5390109.0,Creciente,0
4,2025-06-19 18:40:40,947881.2,6,35,Empleado,1800000,0,141486,95.227787,736.0,6,9,0.0,2192.0,2192.0,0.0,3,0,1,1535543.0,Creciente,1
4,2025-03-14 13:57:44,4335000.0,6,42,Empleado,6800000,2500000,644305,-17.221953,810.0,7,9,0.0,9366.0,9366.0,0.0,2,0,3,1372738.0,Creciente,0
4,2025-07-27 08:03:12,8035920.0,6,34,Empleado,24000000,15000000,1203598,95.227787,817.0,5,8,0.0,310714.0,310714.0,0.0,4,0,1,15783867.0,Decreciente,1
6,2025-04-22 13:54:31,1291939.2,6,33,Empleado,5000000,0,192204,95.227787,726.0,6,6,0.0,2945.0,2945.0,0.0,3,0,2,1302545.0,Decreciente,1
4,2025-01-05 18:15:14,2503080.0,12,31,Empleado,9000000,1500000,173825,95.227787,765.0,8,11,0.0,78077.0,66819.0,0.0,4,0,2,908526.0,Decreciente,1
4,2025-01-02 18:36:36,3543361.1999999997,12,30,Empleado,2000000,1000000,246067,95.227787,806.0,5,7,0.0,2164.0,2164.0,0.0,3,0,0,3277134.0,Creciente,1
9,2025-02-14 17:30:49,878880.0,5,24,Empleado,1800000,900000,142539,95.227787,644.0,9,8,0.0,18280.0,18280.0,0.0,7,0,1,1218690.0,Estable,1
9,2025-03-19 17:03:08,2350683.6,9,36,Empleado,1800000,1400000,219849,95.227787,782.0,5,8,0.0,108429.0,108429.0,0.0,3,1,0,,,1
9,2025-02-06 08:55:17,1712667.5999999999,9,30,Empleado,3200000,1500000,159948,95.227787,818.0,5,5,0.0,2618.0,2618.0,0.0,2,0,1,3549567.0,Creciente,1
9,2025-08-06 11:58:50,1296931.2,10,34,Empleado,1500000,800000,110694,95.227787,790.0,2,5,0.0,4031.0,4031.0,0.0,0,1,0,1339361.0,Creciente,1
4,2025-03-22 10:56:59,3600000.0,6,33,Empleado,3000000,1000000,535063,95.227787,813.0,5,7,0.0,36141.0,20752.0,0.0,2,0,2,4145309.0,Creciente,1
4,2025-05-27 12:46:47,2193600.0,12,32,Empleado,3500000,1200000,173901,95.227787,834.0,6,2,0.0,26111.0,26111.0,0.0,4,0,1,4689432.0,Decreciente,1
4,2025-01-17 15:14:04,720000.0,6,31,Empleado,1000000,350000,106867,95.227787,715.0,3,2,0.0,9356.0,678.0,0.0,0,1,0,916148.0,Creciente,1
4,2025-05-07 12:16:09,2767921.1999999997,12,35,Independiente,5000000,1000000,218806,95.227787,762.0,7,12,0.0,4105.0,4105.0,0.0,4,0,1,1863270.0,Creciente,1
4,2025-01-03 11:25:35,2141760.0,12,35,Empleado,1500000,100000,148733,95.227787,728.0,4,0,0.0,4345.0,4345.0,0.0,0,2,1,1488605.0,Estable,1
4,2025-01-05 08:13:20,1175040.0,12,36,Empleado,2000000,500000,92082,47.780332,731.0,1,11,0.0,35.0,35.0,0.0,0,0,0,,,0
4,2024-11-27 18:43:48,3083758.8,12,33,Empleado,1300000,0,241509,95.227787,775.0,5,3,0.0,17521.0,3789.0,0.0,3,0,1,971899.0,Creciente,1
4,2024-12-31 14:44:38,6090600.0,12,32,Empleado,5000000,1500000,422958,95.227787,787.0,3,6,0.0,647.0,647.0,0.0,1,0,0,908526.0,Estable,1
4,2025-04-24 16:25:23,1657080.0,24,31,Empleado,1400000,400000,72844,95.227787,744.0,7,11,0.0,29070.0,29070.0,0.0,5,0,1,1308500.0,Creciente,1
4,2025-06-09 13:41:39,1677600.0,6,29,Independiente,12000000,6000000,250422,89.2295,712.0,4,6,0.0,91654.0,91654.0,0.0,3,0,0,1817052.0,Estable,1
4,2025-01-08 12:47:50,2258278.8,12,28,Empleado,4000000,1500000,156825,95.227787,806.0,3,5,0.0,1794.0,1794.0,0.0,2,0,0,908526.0,Estable,1
4,2025-02-09 11:56:15,947461.2,6,28,Independiente,1600000,300000,140717,95.227787,780.0,3,5,0.0,239.0,239.0,0.0,1,0,0,,,1
4,2025-03-15 14:46:55,1439880.0,12,28,Empleado,1800000,400000,113264,95.227787,795.0,4,3,0.0,6084.0,2008.0,0.0,2,2,0,1701446.0,Decreciente,1
4,2025-01-23 14:04:32,753600.0,6,28,Empleado,1400000,100000,112039,95.227787,832.0,1,4,0.0,0.0,0.0,0.0,1,0,0,913677.0,Creciente,1
4,2025-04-24 14:51:21,1845480.0,6,27,Empleado,2000000,0,274353,95.227787,772.0,4,2,0.0,17678.0,17678.0,0.0,1,0,2,856610.0,Creciente,1
4,2025-01-15 15:32:52,1440000.0,12,25,Empleado,2500000,800000,100000,95.227787,780.0,6,4,0.0,16951.0,16951.0,0.0,3,0,1,1350600.0,Estable,1
4,2025-10-20 13:23:09,2124720.0,24,25,Empleado,2610000,238000,99547,95.227787,791.0,4,2,0.0,2166.0,2166.0,0.0,2,0,0,928485.0,Creciente,1
4,2025-04-16 10:54:27,914280.0,6,23,Empleado,2000000,680000,135881,95.227787,785.0,3,2,0.0,9371.0,9371.0,0.0,2,0,0,1864340.0,Creciente,1
4,2025-05-30 12:53:26,1311600.0,8,23,Independiente,3800000,2000000,150494,40.764359,815.0,2,3,0.0,799.0,799.0,0.0,1,0,1,,,0
4,2025-04-25 14:42:33,2751240.0,12,34,Empleado,4000000,1500000,216507,95.227787,814.0,8,5,0.0,99280.0,99280.0,0.0,4,0,0,,,1
4,2025-01-12 18:10:21,1546680.0,6,30,Independiente,8000000,2200000,214817,95.227787,803.0,2,3,0.0,0.0,0.0,0.0,0,0,0,935514.0,Creciente,1
4,2025-05-01 15:22:46,4938885.6,18,30,Empleado,3200000,200000,274046,95.227787,708.0,6,6,0.0,76912.0,76912.0,0.0,4,0,1,3179371.0,Creciente,1
4,2025-12-09 11:39:57,3743281.1999999997,12,31,Empleado,3120000,632000,309321,95.227787,800.0,6,2,0.0,3242.0,3242.0,0.0,3,0,1,2221843.0,Creciente,1
4,2025-06-01 14:08:23,5504400.0,24,29,Empleado,3500000,300000,191125,-4.258677,750.0,11,18,0.0,34365.0,34365.0,0.0,4,3,3,3629547.0,Decreciente,0
4,2025-01-15 15:13:41,4601640.0,12,27,Empleado,2200000,200000,319558,95.227787,818.0,5,6,0.0,36698.0,36698.0,0.0,4,0,0,1165408.0,Creciente,1
4,2025-03-15 17:12:00,3818162.4,6,26,Empleado,2000000,600000,567488,89.2295,748.0,1,5,0.0,734.0,734.0,0.0,0,0,1,1468398.0,Creciente,1
4,2025-01-01 14:04:55,3516841.1999999997,12,34,Empleado,1880000,400000,244225,95.227787,797.0,1,6,0.0,0.0,0.0,0.0,0,0,0,1702660.0,Estable,1
4,2025-01-21 16:27:29,2182080.0,24,36,Empleado,1110000,68000,95055,95.227787,717.0,3,10,0.0,11703.0,11703.0,0.0,0,1,2,1237651.0,Decreciente,1
4,2025-05-04 15:47:59,959994.0,24,25,Empleado,1300000,400000,43248,95.227787,762.0,1,1,0.0,3800.0,3800.0,0.0,1,0,0,941789.0,Creciente,1
4,2025-08-12 16:33:52,8433600.0,6,35,Independiente,1000000,3125000,1269540,95.227787,780.0,5,8,0.0,117867.0,117867.0,0.0,1,1,0,908526.0,Creciente,1
9,2024-12-22 10:12:09,1918309.2,10,30,Empleado,2000000,1000000,162702,84.730786,718.0,31,2,0.0,78969.0,66485.0,0.0,16,1,6,,,1
4,2025-08-07 10:13:41,541266.0,6,32,Empleado,1700000,306000,81471,95.227787,860.0,2,3,0.0,302.0,302.0,0.0,1,1,0,1671388.0,Creciente,1
4,2024-12-03 13:03:47,913080.0,6,37,Empleado,2000000,450000,135525,95.227787,786.0,3,2,0.0,0.0,0.0,0.0,0,0,0,908526.0,Estable,1
4,2025-01-22 16:03:35,909480.0,6,36,Empleado,3200000,1500000,126317,95.227787,843.0,5,2,0.0,70195.0,64036.0,0.0,3,0,1,2714391.0,Creciente,1
4,2025-01-11 16:13:53,1449600.0,10,36,Empleado,1800000,500000,133990,95.227787,769.0,5,0,0.0,26046.0,26046.0,0.0,4,0,0,497715.0,Creciente,1
4,2026-01-03 14:15:34,828000.0,12,36,Empleado,3039000,1135000,69000,95.227787,793.0,8,7,0.0,62564.0,62564.0,0.0,3,0,3,,,1
4,2025-05-07 12:54:00,3125400.0,12,34,Empleado,5000000,1200000,247065,95.227787,852.0,8,4,0.0,184376.0,184376.0,0.0,4,1,0,939017.0,Creciente,1
4,2025-01-20 17:38:29,1869600.0,12,33,Empleado,3000000,200000,146421,95.227787,748.0,4,6,0.0,62407.0,62407.0,0.0,3,0,0,1889222.0,Creciente,1
4,2025-02-12 14:42:19,2253480.0,6,31,Empleado,3200000,1000000,334703,95.227787,720.0,9,2,0.0,11679.0,11679.0,0.0,3,0,1,726821.0,Creciente,1
4,2024-12-28 17:18:47,2271360.0,12,26,Empleado,2500000,650000,157733,95.227787,742.0,4,4,0.0,675.0,675.0,0.0,2,0,0,915107.0,Decreciente,1
4,2025-05-08 11:37:20,1536000.0,8,25,Empleado,1500000,400000,175123,91.028987,796.0,2,1,0.0,248.0,248.0,0.0,1,0,0,941789.0,Creciente,1
4,2025-02-03 11:51:40,4176000.0,12,35,Independiente,2500000,1500000,328085,95.227787,829.0,4,3,0.0,14777.0,14777.0,0.0,3,0,0,,,1
4,2025-09-17 14:43:57,2807881.1999999997,18,34,Empleado,4706000,2257000,162316,95.227787,828.0,5,3,0.0,74703.0,74703.0,0.0,3,0,0,5780555.0,Creciente,1
4,2025-05-23 12:37:00,3890205.5999999996,36,31,Empleado,1500000,0,126778,18.050548,780.0,2,3,0.0,3848.0,3848.0,0.0,2,0,0,933970.0,Creciente,0
4,2024-12-15 15:06:38,6482984.399999999,18,31,Empleado,10000000,1000000,358143,7.98235,753.0,5,10,0.0,13656.0,13656.0,0.0,4,0,1,2150000.0,Estable,0
4,2025-01-11 10:31:38,1170000.0,6,31,Independiente,2000000,700000,173340,-4.491112,762.0,1,10,0.0,0.0,0.0,0.0,0,0,0,908526.0,Creciente,0
4,2025-09-30 12:17:08,1811881.2,6,30,Independiente,1960000,245000,274581,95.227787,742.0,2,8,0.0,3692.0,3692.0,0.0,1,0,0,1000000.0,Estable,1
4,2025-01-07 18:17:57,2311080.0,12,36,Empleado,5500000,3000000,160492,59.32448,778.0,9,6,0.0,122204.0,122204.0,0.0,0,4,3,1358185.0,Decreciente,0
4,2025-04-06 15:31:17,634800.0,6,35,Empleado,2500000,350000,94600,90.562453,763.0,4,10,0.0,3244.0,3244.0,0.0,0,0,3,1135333.0,Creciente,1
4,2024-12-16 08:11:22,5400000.0,18,33,Empleado,1200000,400000,298344,95.227787,849.0,4,3,0.0,9106.0,9106.0,0.0,2,0,0,757105.0,Estable,1
4,2025-03-17 17:58:03,1104000.0,12,32,Empleado,1400000,900000,86843,95.227787,849.0,3,2,0.0,3644.0,3644.0,0.0,3,0,0,1330203.0,Creciente,1
4,2024-12-12 18:41:37,4454400.0,18,31,Empleado,3500000,500000,245808,95.227787,756.0,5,8,0.0,60142.0,60142.0,0.0,4,0,1,908526.0,Estable,1
9,2025-06-29 12:21:04,5623567.2,11,31,Empleado,3500000,1500000,439528,95.227787,788.0,3,8,0.0,61850.0,61850.0,0.0,3,0,0,3354952.0,Creciente,1
9,2026-03-20 09:43:00,2794558.8,10,30,Empleado,6832000,1308000,250909,95.227787,784.0,4,3,0.0,21994.0,21994.0,0.0,4,0,0,1913094.0,Creciente,1
4,2025-05-26 17:23:30,864000.0,6,26,Empleado,1100000,0,128966,95.227787,792.0,3,5,0.0,4357.0,4357.0,0.0,2,1,0,1061416.0,Decreciente,1
9,2025-02-06 15:30:27,1775546.4,10,26,Independiente,2000000,1000000,150594,95.227787,821.0,2,2,0.0,5343.0,5343.0,0.0,1,0,0,925368.0,Creciente,1
4,2025-02-09 15:50:42,1821600.0,10,26,Empleado,1100000,450000,168817,84.730786,748.0,2,2,0.0,9235.0,9235.0,0.0,1,0,0,1048553.0,Creciente,1
4,2025-06-26 16:01:16,444000.0,6,25,Empleado,1450000,100000,66902,95.227787,741.0,1,2,0.0,194.0,194.0,0.0,0,0,1,1414129.0,Decreciente,1
9,2025-07-05 18:00:43,4991040.0,12,35,Empleado,8250000,6000000,346600,95.227787,808.0,5,6,0.0,79135.0,79135.0,0.0,3,0,1,8087269.0,Creciente,1
4,2025-12-15 14:30:52,6466557.6,24,35,Empleado,3712000,746000,309732,95.227787,800.0,5,3,0.0,33630.0,33630.0,0.0,3,0,1,3608952.0,Decreciente,1
4,2024-12-03 13:35:08,3209401.1999999997,6,33,Empleado,15000000,3800000,476358,95.227787,717.0,11,5,0.0,38075.0,38075.0,0.0,5,0,1,3357615.0,Creciente,1
4,2025-01-18 08:06:47,1946280.0,12,32,Independiente,2500000,1000000,135158,95.227787,791.0,7,10,0.0,7632.0,7632.0,0.0,3,0,3,920969.0,Decreciente,1
4,2025-02-04 14:07:03,3230529.6,18,31,Empleado,5000000,1000000,179254,95.227787,795.0,0,3,0.0,0.0,,,0,0,0,3261174.0,Creciente,1
4,2025-01-21 14:45:09,3309840.0,12,35,Independiente,7000000,2000000,229850,95.227787,887.0,4,0,0.0,0.0,0.0,0.0,3,0,0,2552000.0,Estable,1
4,2025-02-28 11:51:17,3512280.0,10,35,Independiente,10000000,200000,325356,91.410695,789.0,9,3,0.0,180306.0,180306.0,0.0,3,0,3,1295219.0,Creciente,1
4,2026-01-23 12:43:18,10200000.0,6,36,Independiente,4222000,1966000,1563882,95.227787,814.0,6,7,0.0,29257.0,25651.0,0.0,2,2,0,1013333.0,Creciente,1
9,2025-03-09 10:53:01,1424126.4,11,32,Empleado,2300000,1000000,110927,95.227787,825.0,3,3,0.0,1188.0,1188.0,0.0,1,0,1,3825352.0,Creciente,1
4,2025-02-02 14:17:06,2291520.0,12,32,Empleado,3000000,800000,180032,95.227787,809.0,4,5,0.0,2401.0,2401.0,0.0,1,0,0,,,1
4,2025-03-20 15:09:38,3859792.8,6,31,Independiente,6000000,1800000,573646,95.227787,837.0,5,3,0.0,84426.0,84426.0,0.0,3,0,0,7519139.0,Creciente,1
9,2025-04-13 17:42:17,647356.7999999999,11,29,Empleado,2100000,900000,50452,95.227787,791.0,2,8,0.0,0.0,0.0,0.0,2,0,0,75711.0,Decreciente,1
4,2025-01-15 11:54:33,1136520.0,6,24,Empleado,1200000,250000,168512,95.227787,763.0,6,2,0.0,14389.0,14389.0,0.0,2,0,3,,,1
4,2025-01-15 16:49:13,2059080.0,12,34,Empleado,5000000,3000000,142992,95.227787,816.0,5,4,0.0,22998.0,22998.0,0.0,4,0,0,4250986.0,Creciente,1
4,2025-06-17 14:04:58,4876320.0,12,29,Empleado,7000000,1600000,384056,95.227787,783.0,7,3,0.0,61660.0,61660.0,0.0,6,0,0,,,1
4,2025-08-25 17:16:47,1199280.0,6,27,Empleado,1844000,1374000,179609,95.227787,721.0,8,8,0.0,14935.0,14935.0,0.0,4,0,2,1083869.0,Creciente,1
9,2025-07-05 17:49:58,3220400.4,10,25,Empleado,3200000,800000,274287,95.227787,789.0,2,2,0.0,20678.0,20678.0,0.0,2,0,0,2846350.0,Creciente,1
4,2025-02-13 10:38:36,817080.0,6,34,Empleado,4000000,1500000,121359,95.227787,724.0,4,3,0.0,4426.0,4426.0,0.0,0,0,2,923771.0,Creciente,1
4,2025-01-09 18:43:11,2744280.0,6,33,Empleado,5200000,2000000,381150,95.227787,788.0,1,4,0.0,8461.0,8461.0,0.0,1,0,0,3397409.0,Creciente,1
4,2025-01-21 14:42:22,2638680.0,12,31,Empleado,4300000,500000,183242,95.227787,791.0,7,3,0.0,32077.0,32077.0,0.0,4,0,2,3028083.0,Creciente,1
4,2025-07-02 16:29:03,3974040.0,18,31,Empleado,2500000,300000,218907,95.227787,856.0,8,7,0.0,45763.0,45763.0,0.0,6,0,0,,,1
4,2024-12-08 11:17:17,827880.0,12,29,Empleado,2120000,450000,64961,13.935151,724.0,7,5,0.0,26731.0,25395.0,0.0,4,0,2,2113576.0,Estable,0
4,2025-02-16 15:06:45,1133037.5999999999,6,29,Independiente,4000000,1500000,168554,95.227787,775.0,8,11,0.0,19250.0,19250.0,0.0,4,0,1,,,1
4,2025-01-21 17:05:52,1840440.0,6,29,Empleado,1800000,500000,255617,95.227787,726.0,7,3,0.0,6788.0,6788.0,0.0,2,0,0,908526.0,Estable,1
4,2025-09-30 18:02:43,4075200.0,36,28,Empleado,1920000,735000,145284,95.227787,773.0,4,3,0.0,10393.0,10393.0,0.0,3,0,0,977500.0,Creciente,1
4,2025-04-08 10:32:11,1690920.0,6,28,Empleado,4000000,1600000,251376,95.227787,759.0,6,8,0.0,49948.0,49948.0,0.0,3,0,1,3510618.0,Creciente,1
4,2025-04-15 12:28:43,7103640.0,24,28,Empleado,3000000,100000,246654,95.227787,754.0,5,9,0.0,20221.0,20221.0,0.0,2,0,1,1741530.0,Creciente,1
4,2025-03-19 12:48:29,2961240.0,12,27,Empleado,3900000,900000,232937,95.227787,760.0,7,4,0.0,120746.0,120746.0,0.0,5,0,0,3113832.0,Creciente,1
4,2024-12-30 13:47:52,1200000.0,6,27,Empleado,2600000,650000,166667,10.073146,815.0,4,6,0.0,1944.0,1944.0,0.0,1,0,1,,,0
4,2025-12-05 18:03:02,5670120.0,36,28,Empleado,2586000,1338000,209452,95.227787,666.0,6,5,0.0,12538.0,12538.0,0.0,4,0,0,1058377.0,Creciente,1
4,2025-01-22 16:05:46,1072560.0,6,27,Empleado,2500000,400000,148967,95.227787,737.0,4,2,0.0,18081.0,18081.0,0.0,3,0,0,1466666.0,Creciente,1
4,2025-06-27 20:22:23,5171038.8,24,26,Empleado,4100000,2000000,225190,95.227787,804.0,5,5,0.0,95732.0,95732.0,0.0,4,0,0,3476479.0,Creciente,1
4,2024-12-29 13:41:44,1680000.0,6,25,Empleado,1117000,360000,249753,95.227787,732.0,1,5,0.0,0.0,0.0,0.0,0,0,0,1265977.0,Creciente,1
4,2024-12-15 15:21:39,4676400.0,6,29,Empleado,4000000,1000000,694072,95.227787,768.0,11,2,0.0,50821.0,50821.0,0.0,7,0,1,1751666.0,Creciente,1
4,2025-01-01 16:16:15,1949580.0,12,28,Empleado,1800000,600000,135388,95.227787,843.0,1,3,0.0,0.0,0.0,0.0,0,0,0,908526.0,Estable,1
4,2025-04-24 16:55:13,2187478.8,18,28,Empleado,2900000,400000,121359,95.227787,769.0,4,2,0.0,32505.0,32505.0,0.0,0,0,3,2117910.0,Creciente,1
4,2025-03-17 12:55:06,1892782.7999999998,6,25,Independiente,10000000,2000000,281307,95.227787,713.0,8,12,0.0,18145.0,18145.0,0.0,2,2,0,33334.0,Decreciente,1
4,2026-01-10 17:24:21,3359880.0,24,26,Empleado,2157000,716000,163202,95.227787,769.0,5,8,0.0,19639.0,19639.0,0.0,2,0,3,2039435.0,Creciente,1
9,2025-08-07 15:36:26,2045724.0,4,35,Empleado,3500000,1000000,411896,95.227787,837.0,6,11,0.0,43598.0,43598.0,0.0,3,0,0,934661.0,Creciente,1
4,2025-02-20 12:21:26,4765920.0,12,36,Empleado,4800000,1000000,374401,88.768094,771.0,6,8,0.0,16460.0,16460.0,0.0,4,0,0,4621296.0,Creciente,1
4,2025-01-12 08:09:39,3443880.0,6,36,Independiente,30000000,7000000,478317,95.227787,803.0,8,3,0.0,131488.0,131488.0,0.0,7,0,0,10172742.0,Creciente,1
9,2025-11-08 11:31:37,3856044.0,10,36,Independiente,6210000,5876000,341617,95.227787,693.0,21,13,0.0,80409.0,80409.0,0.0,10,0,7,,,1
4,2025-04-10 14:27:39,6419760.0,24,35,Empleado,3700000,100000,222908,95.227787,832.0,8,0,0.0,41985.0,41985.0,0.0,6,0,0,3474307.0,Creciente,1
4,2025-12-26 18:25:25,660600.0,6,36,Independiente,4408000,0,101156,95.227787,874.0,3,6,0.0,0.0,0.0,0.0,2,0,0,1388137.0,Decreciente,1
4,2025-03-18 16:28:26,1924441.2,12,34,Empleado,4500000,800000,151380,95.227787,788.0,5,7,0.0,48072.0,48072.0,0.0,3,0,0,5210807.0,Creciente,1
4,2025-03-22 15:32:35,2750160.0,24,34,Empleado,4200000,1500000,120780,95.227787,723.0,12,6,0.0,11600.0,11600.0,0.0,5,0,2,3557838.0,Creciente,1
4,2024-12-02 12:25:08,713880.0,24,34,Empleado,2000000,500000,31208,95.227787,773.0,10,5,0.0,56138.0,56138.0,0.0,1,0,8,2353258.0,Creciente,1
9,2025-12-19 12:18:16,3888000.0,12,34,Empleado,11820000,6738000,270000,95.227787,848.0,7,3,0.0,89894.0,89894.0,0.0,5,0,0,9013220.0,Creciente,1
4,2025-01-13 10:31:11,3443760.0,12,33,Empleado,2300000,600000,269703,95.227787,758.0,1,3,0.0,252.0,252.0,0.0,0,0,1,1521742.0,Creciente,1
4,2025-02-19 16:09:54,1200000.0,12,33,Empleado,3600000,950000,94277,95.227787,852.0,8,0,0.0,111376.0,92545.0,0.0,4,1,2,3255243.0,Creciente,1
9,2025-12-05 11:38:02,952948.7999999999,3,33,Independiente,6250000,5050000,254418,95.227787,856.0,10,1,0.0,91080.0,91080.0,0.0,8,0,1,5024288.0,22363,1
4,2025-01-23 08:08:50,2396280.0,12,32,Empleado,1800000,600000,166408,95.227787,805.0,8,3,0.0,53415.0,53415.0,0.0,3,0,1,931394.0,Creciente,1
9,2025-07-23 14:16:13,978204.0,9,31,Empleado,3000000,1500000,91881,95.227787,820.0,4,2,0.0,12986.0,12986.0,0.0,2,0,0,5718833.0,Creciente,1
4,2024-12-17 16:14:44,1313400.0,10,29,Empleado,2200000,700000,121408,95.227787,750.0,4,5,0.0,4104.0,4104.0,0.0,3,0,0,1092080.0,Creciente,1
4,2024-12-09 16:22:40,3223749.6,12,28,Independiente,4000000,2000000,252114,65.923631,728.0,5,6,0.0,11416.0,11416.0,0.0,1,0,1,1480744.0,Decreciente,1
4,2025-02-20 11:34:01,2391120.0,6,27,Empleado,2000000,500000,355147,95.227787,827.0,4,2,0.0,12339.0,12339.0,0.0,3,0,0,2810239.0,Creciente,1
4,2025-04-08 15:32:54,1560000.0,6,45,Empleado,1500000,450000,231913,95.227787,766.0,2,2,0.0,2625.0,2625.0,0.0,1,0,0,848144.0,Creciente,1
4,2024-12-08 18:55:05,1269480.0,12,24,Empleado,1200000,400000,99612,92.228643,748.0,2,6,0.0,8540.0,337.0,0.0,2,0,0,1229042.0,Creciente,1
4,2025-02-22 18:45:55,1679974.8,6,34,Empleado,1500000,400000,249932,95.227787,810.0,4,2,0.0,2022.0,2022.0,0.0,0,0,2,927250.0,Creciente,1
4,2025-12-02 11:21:23,2410320.0,6,30,Empleado,2834000,0,368110,95.227787,764.0,6,5,0.0,10329.0,10329.0,0.0,2,0,2,1236000.0,Estable,1
4,2025-04-22 17:39:17,2014699.2,12,32,Empleado,2400000,400000,159734,95.227787,839.0,4,6,0.0,45506.0,42492.0,0.0,2,0,1,,,1
4,2026-02-03 17:58:12,2139240.0,24,35,Empleado,2575000,501000,104359,95.227787,708.0,7,2,0.0,5978.0,4563.0,0.0,1,2,3,1425121.0,Creciente,1
9,2025-06-05 14:42:13,2273956.8,10,28,Empleado,5500000,3000000,193576,95.227787,715.0,15,15,0.0,63037.0,61933.0,0.0,6,0,4,,,1
4,2025-02-16 19:11:49,1777920.0,6,27,Empleado,2300000,500000,264070,89.979287,729.0,3,4,0.0,15788.0,15788.0,0.0,2,0,0,1202963.0,Estable,1
4,2025-08-18 11:01:12,5599999.2,6,27,Independiente,2160000,526000,842904,95.227787,730.0,9,9,0.0,4807.0,4807.0,0.0,5,0,3,939017.0,Decreciente,1
4,2025-11-11 09:37:01,1351800.0,6,28,Empleado,2440000,1750000,205556,95.227787,679.0,12,5,0.0,9951.0,9951.0,0.0,1,0,10,1157423.0,Estable,1
4,2025-02-17 11:52:03,2318280.0,8,26,Empleado,2500000,650000,263170,95.227787,778.0,3,2,0.0,41672.0,0.0,0.0,1,1,1,877031.0,Creciente,1
4,2025-04-16 13:22:08,3901020.0,6,23,Independiente,4000000,2800000,579408,-5.102625,702.0,6,3,0.0,17175.0,17175.0,0.0,2,0,1,718169.0,Creciente,0
4,2025-11-09 15:52:06,1065600.0,24,34,Empleado,2630000,484000,51863,95.227787,736.0,3,2,0.0,32316.0,19927.0,0.0,0,2,0,3288862.0,-101368,1
4,2024-12-22 14:16:43,1674000.0,12,30,Independiente,2000000,700000,131408,95.227787,758.0,2,1,0.0,914.0,914.0,0.0,0,0,2,,,1
4,2025-01-10 16:47:11,1897920.0,12,29,Independiente,1500000,400000,148730,95.227787,751.0,3,3,0.0,814.0,814.0,0.0,0,0,3,32650.0,Estable,1
4,2024-12-22 17:43:20,480000.0,6,28,Independiente,1400000,300000,71261,95.227787,714.0,1,3,0.0,110.0,110.0,0.0,0,0,1,862989.0,Creciente,1
4,2024-11-29 13:49:57,480000.0,12,26,Empleado,3500000,1000000,37586,4.018321,734.0,3,11,0.0,4236.0,4236.0,0.0,0,0,1,851322.0,Creciente,0
4,2024-12-15 13:15:19,3600000.0,12,26,Empleado,1200000,500000,282461,95.227787,790.0,3,3,0.0,22832.0,15364.0,0.0,2,0,1,908526.0,0,1
4,2025-03-25 11:52:55,3816000.0,6,25,Independiente,10000000,5000000,567137,95.227787,777.0,5,5,0.0,19471.0,19471.0,0.0,1,0,3,954263.0,Creciente,1
9,2025-04-05 16:18:04,1043443.2,10,32,Empleado,1500000,500000,88639,95.227787,666.0,14,8,0.0,27418.0,21543.0,0.0,6,1,6,1900362.0,Decreciente,1
9,2025-05-21 12:26:22,3361226.4,9,33,Independiente,1600000,800000,314962,95.227787,820.0,5,3,0.0,204524.0,204524.0,0.0,4,0,0,,,1
9,2024-12-12 10:54:16,1978664.4,10,33,Empleado,1350000,700000,167557,95.227787,968.0,5,1,470.0,12844.0,1108.0,470.0,0,1,2,,,1
9,2025-01-16 18:58:36,3363643.1999999997,10,33,Independiente,5000000,1150000,285289,95.227787,723.0,4,1,0.0,66591.0,66591.0,,1,0,3,,,1
9,2026-03-02 10:08:45,2635389.6,10,34,Empleado,6008000,3081000,236256,95.227787,856.0,9,5,0.0,144515.0,144515.0,0.0,7,0,0,,,1
4,2025-01-03 18:35:44,2040000.0,12,33,Empleado,2000000,400000,160537,95.227787,791.0,3,4,0.0,53491.0,2564.0,0.0,3,0,0,2000000.0,Estable,1
4,2024-12-10 11:02:19,1189952.4,6,32,Empleado,1400000,600000,176660,95.227787,775.0,4,3,0.0,66906.0,66906.0,0.0,2,0,1,1329089.0,Creciente,1
4,2025-07-27 17:17:55,833766.0,6,31,Empleado,2200000,300000,125636,95.227787,741.0,8,4,0.0,4567.0,1204.0,0.0,2,0,5,988565.0,Creciente,1
4,2025-02-26 11:38:39,1521720.0,12,30,Independiente,3000000,1500000,119553,95.227787,764.0,8,7,0.0,6572.0,6572.0,0.0,3,0,3,,,1
9,2025-07-20 18:32:50,4484780.399999999,3,30,Empleado,10000000,2500000,1192258,95.227787,836.0,7,7,0.0,195992.0,195992.0,0.0,6,0,0,,,1
4,2024-12-26 10:52:11,1580420.4,12,30,Empleado,1600000,300000,124062,95.227787,780.0,5,3,0.0,45340.0,45340.0,0.0,1,0,3,1602870.0,Creciente,1
9,2025-09-01 12:00:27,2940710.4,11,28,Empleado,4350000,3119000,232335,95.227787,725.0,7,6,0.0,12748.0,12748.0,0.0,2,0,3,2035477.0,Creciente,1
9,2025-03-10 10:22:43,1921018.7999999998,9,27,Independiente,3400000,1400000,179578,84.730786,749.0,6,6,0.0,79058.0,79058.0,0.0,3,1,1,2250191.0,Creciente,1
4,2025-11-04 18:42:11,1200000.0,24,26,Empleado,1590000,324000,58404,95.227787,685.0,6,5,0.0,7696.0,7696.0,0.0,3,0,1,1082819.0,Creciente,1
9,2025-06-06 18:51:54,1035255.6,10,26,Empleado,3000000,1500000,88128,95.227787,684.0,0,3,0.0,0.0,,,0,0,0,881581.0,8315,1
4,2024-12-02 16:41:31,1045320.0,12,25,Independiente,2000000,300000,82057,95.227787,799.0,4,2,0.0,4496.0,4496.0,0.0,0,1,2,,,1
9,2025-02-24 11:23:25,4226908.8,10,25,Independiente,4420000,2700000,358883,95.227787,729.0,2,1,0.0,227.0,227.0,0.0,0,0,1,,,1
4,2025-02-08 10:33:35,2400000.0,8,34,Independiente,2000000,500000,273001,91.410695,743.0,4,4,0.0,3635.0,223.0,0.0,1,1,1,908526.0,Estable,1
4,2025-05-30 18:30:13,1825200.0,12,34,Independiente,3500000,150000,145598,95.227787,755.0,9,7,0.0,98979.0,94808.0,0.0,2,1,2,,,1
9,2025-04-30 16:28:52,3987607.1999999997,11,34,Empleado,3300000,1750000,311132,95.227787,833.0,3,9,0.0,64231.0,64231.0,0.0,1,0,2,2512005.0,Decreciente,1
4,2025-03-25 10:02:51,1612800.0,8,32,Empleado,2650000,1200000,183865,95.227787,765.0,6,3,0.0,28792.0,28792.0,0.0,5,0,1,2821411.0,Creciente,1
4,2025-01-25 14:39:38,2640000.0,24,30,Empleado,2000000,400000,115396,95.227787,787.0,5,2,0.0,67727.0,1936.0,0.0,2,1,1,1169037.0,Creciente,1
4,2025-01-10 12:34:14,2640000.0,24,29,Empleado,2500000,650000,116053,95.227787,766.0,15,10,0.0,36491.0,36491.0,0.0,4,0,9,916148.0,Creciente,1
9,2025-12-03 09:36:25,825886.7999999999,10,29,Empleado,5520000,1499000,72833,95.227787,736.0,9,8,0.0,102712.0,60487.0,0.0,3,4,1,729090.0,Creciente,1
9,2025-02-12 18:19:24,1175266.8,10,28,Empleado,2000000,800000,99681,95.227787,770.0,0,2,0.0,0.0,,,0,0,0,1560292.0,Creciente,1
9,2025-06-06 10:10:01,2233627.1999999997,10,28,Empleado,2675000,1000000,190143,95.227787,768.0,9,20,0.0,45115.0,45115.0,0.0,4,1,4,,,1
9,2025-03-09 11:12:01,933390.0,5,26,Empleado,1850000,700000,151380,95.227787,791.0,4,0,0.0,100.0,100.0,0.0,3,0,1,1573845.0,Creciente,1
4,2025-03-30 10:31:01,512016.0,6,25,Independiente,3800000,500000,76173,-1.791725,734.0,7,5,0.0,35166.0,35166.0,0.0,1,0,3,873194.0,Decreciente,0
4,2024-12-25 17:23:49,1557600.0,12,25,Empleado,1600000,700000,122287,95.227787,730.0,5,4,0.0,17624.0,4946.0,0.0,1,0,3,1534740.0,Creciente,1
4,2025-08-28 11:00:30,3120000.0,12,35,Independiente,6070000,3804000,255031,95.227787,732.0,8,4,0.0,159252.0,159252.0,0.0,5,0,0,972557.0,Creciente,1
9,2025-01-01 15:33:29,754216.7999999999,6,30,Empleado,1350000,1000000,102812,95.227787,760.0,9,4,0.0,6126.0,6126.0,0.0,2,1,6,1337700.0,Estable,1
4,2025-07-28 10:32:04,573600.0,6,24,Empleado,1500000,1000000,86431,88.229786,751.0,1,8,0.0,2069.0,2069.0,0.0,1,0,0,1358556.0,Creciente,1
4,2025-06-05 11:53:11,1200000.0,12,34,Empleado,2000000,350000,96359,95.227787,766.0,8,6,0.0,52119.0,16932.0,0.0,1,3,4,1567266.0,Creciente,1
9,2025-07-07 11:26:55,5883861.6,10,30,Independiente,7500000,4500000,501139,91.410695,804.0,9,3,0.0,187323.0,187323.0,0.0,8,0,0,1100000.0,Estable,1
9,2025-03-16 16:45:37,1991748.0,10,30,Empleado,2140000,500000,169197,38.130411,736.0,5,3,0.0,23127.0,23127.0,0.0,2,0,1,1498413.0,Estable,0
4,2025-07-12 10:43:06,756000.0,6,26,Empleado,1100000,75000,113918,95.227787,748.0,2,2,0.0,4569.0,4569.0,0.0,0,1,1,1181608.0,Creciente,1
9,2025-02-09 10:46:54,538680.0,6,34,Empleado,3000000,1400000,73431,95.227787,814.0,1,5,0.0,3332.0,3332.0,0.0,1,0,0,2083256.0,Decreciente,1
4,2025-09-13 15:09:15,1078800.0,8,33,Empleado,1940000,734000,125926,95.227787,724.0,6,9,0.0,5888.0,5888.0,0.0,1,0,4,1126150.0,Creciente,1
4,2025-05-30 16:57:51,4800000.0,10,33,Empleado,1500000,800000,452517,95.227787,812.0,2,2,0.0,8632.0,8632.0,0.0,0,1,1,1275429.0,Estable,1
9,2025-01-31 18:35:11,3871216.8,10,31,Empleado,5000000,2500000,328339,95.227787,794.0,7,2,0.0,13769.0,13769.0,0.0,2,3,0,7984375.0,Decreciente,1
4,2026-02-22 08:17:43,3048000.0,12,31,Independiente,2876000,6205000,257923,95.227787,796.0,5,0,0.0,29082.0,15703.0,0.0,2,2,0,,,1
4,2024-12-11 08:20:49,1440000.0,24,28,Empleado,2400000,1000000,62800,95.227787,755.0,7,3,0.0,16869.0,16869.0,0.0,3,1,1,905965.0,Creciente,1
4,2024-12-28 10:05:13,5046240.0,36,27,Independiente,1900000,600000,163396,92.228643,731.0,6,3,0.0,23163.0,23163.0,0.0,1,1,2,905965.0,Creciente,1
4,2025-01-16 19:03:03,552000.0,6,26,Empleado,1300000,400000,82062,95.227787,831.0,1,5,0.0,0.0,0.0,0.0,1,0,0,1161258.0,Decreciente,1
4,2025-02-22 18:03:40,1764000.0,10,23,Empleado,1600000,50000,163650,95.227787,775.0,4,9,0.0,6660.0,6660.0,0.0,1,0,1,1252888.0,Creciente,1
9,2025-04-07 09:29:46,4143940.8,11,23,Empleado,3000000,1500000,322962,95.227787,705.0,4,5,0.0,19833.0,19833.0,0.0,0,0,2,931394.0,Creciente,1
9,2025-01-04 11:41:39,1049580.0,2,29,Independiente,2000000,700000,413720,95.227787,757.0,2,2,0.0,20286.0,0.0,0.0,1,1,0,905965.0,Creciente,1
4,2025-01-23 12:58:04,2760000.0,6,36,Empleado,3000000,600000,410332,95.227787,791.0,6,5,0.0,18394.0,18394.0,0.0,3,0,2,1716525.0,Estable,1
4,2025-01-11 12:09:34,1369200.0,6,36,Empleado,3800000,1500000,203217,95.227787,774.0,7,5,0.0,102160.0,63622.0,0.0,2,3,2,908526.0,Estable,1
4,2025-09-24 17:12:24,1138650.0,6,37,Empleado,2620000,1568000,172845,95.227787,750.0,7,3,0.0,3429.0,3429.0,0.0,3,0,3,977131.0,Creciente,1
4,2025-01-22 14:30:19,1683600.0,12,36,Empleado,1400000,200,131942,95.227787,819.0,3,7,0.0,93673.0,681.0,0.0,2,0,0,1593588.0,Creciente,1
4,2025-04-28 16:38:18,806400.0,6,36,Empleado,1200000,500000,120770,95.227787,796.0,3,2,0.0,360.0,360.0,0.0,1,0,2,940000.0,Creciente,1
9,2025-07-31 15:08:49,2110166.4,11,35,Empleado,3300000,1500000,165303,95.227787,804.0,8,3,0.0,54668.0,52936.0,0.0,1,1,3,6242973.0,Creciente,1
9,2025-05-28 16:28:50,2127872.4,10,34,Empleado,1200000,200000,181140,95.227787,777.0,2,4,0.0,447.0,447.0,0.0,1,0,0,,,1
9,2025-05-18 17:29:29,2931267.6,10,34,Independiente,2500000,1200000,249531,95.227787,739.0,11,4,0.0,41085.0,41085.0,0.0,5,0,4,1270000.0,Estable,1
4,2025-03-26 11:41:45,1464000.0,8,34,Empleado,3300000,1000000,166901,95.227787,748.0,11,8,0.0,65877.0,65877.0,0.0,7,1,2,5531945.0,Creciente,1
9,2024-12-29 16:09:13,1513604.4,10,34,Empleado,3000000,1600000,128377,95.227787,794.0,14,8,0.0,178650.0,178650.0,0.0,9,1,1,1397131.0,Estable,1
9,2025-01-24 12:30:38,1528744.8,11,34,Empleado,3100000,1500000,118940,95.227787,763.0,3,0,0.0,67020.0,4748.0,0.0,0,2,0,1422698.0,Creciente,1
10,2025-12-22 18:03:51,3115440.0,36,34,Empleado,2668000,279000,115083,95.227787,738.0,9,7,0.0,44021.0,44021.0,0.0,5,0,3,3111556.0,Creciente,1
4,2025-10-23 15:35:47,5214480.0,24,33,Empleado,1850000,253000,242641,95.227787,839.0,3,2,0.0,1094.0,1094.0,0.0,1,0,1,1000000.0,Creciente,1
4,2025-02-10 10:17:44,3387600.0,12,32,Empleado,5000000,450000,266145,95.227787,810.0,3,6,0.0,664.0,664.0,0.0,2,0,1,2991250.0,Creciente,1
9,2024-12-28 10:19:01,1519334.4,9,32,Empleado,1800000,1100000,141893,95.227787,767.0,6,8,0.0,34406.0,34406.0,0.0,4,0,2,1833731.0,Creciente,1
4,2025-12-09 11:46:57,2634000.0,6,32,Empleado,4605000,3737000,404887,95.227787,753.0,8,5,0.0,95265.0,95265.0,0.0,5,0,1,3558833.0,Creciente,1
4,2025-01-15 14:05:54,618000.0,12,31,Empleado,1919000,100000,48519,95.227787,759.0,4,11,0.0,3146.0,3146.0,0.0,0,1,2,1973123.0,Creciente,1
9,2025-09-07 17:54:36,1439146.8,10,31,Independiente,2680000,1493000,123798,95.227787,797.0,5,2,0.0,66474.0,66474.0,0.0,2,2,0,745323.0,Decreciente,1
4,2024-12-09 15:00:45,3180000.0,24,30,Empleado,1000000,200000,138526,95.227787,785.0,3,1,0.0,678.0,678.0,0.0,0,0,2,,,1
9,2025-01-14 11:51:13,926888.4,10,32,Empleado,1500000,700000,78614,86.230357,670.0,2,0,0.0,0.0,0.0,,0,0,2,,,1
9,2025-01-26 13:32:35,1309190.4,10,31,Empleado,3500000,800000,111039,95.227787,712.0,6,5,0.0,18034.0,18034.0,0.0,1,0,2,908526.0,Estable,1
4,2025-02-27 09:07:10,2520000.0,12,30,Empleado,2000000,800000,199208,95.227787,763.0,2,0,0.0,197.0,197.0,0.0,0,0,1,916148.0,Creciente,1
4,2025-10-19 19:18:28,4372320.0,6,30,Empleado,8470000,5715000,661230,95.227787,670.0,18,11,0.0,169242.0,169242.0,0.0,8,0,7,6365586.0,Decreciente,1
4,2025-05-13 17:57:40,2198280.0,12,30,Empleado,2900000,500000,173776,95.227787,866.0,4,6,0.0,5005.0,5005.0,0.0,2,1,0,3220435.0,Creciente,1
4,2025-01-23 17:40:24,1157514.0,6,29,Empleado,1300000,500000,172079,95.227787,782.0,3,3,0.0,449.0,449.0,0.0,0,0,2,1064582.0,Creciente,1
4,2025-10-14 17:33:28,2264547.6,6,29,Empleado,5730000,2982000,344922,95.227787,678.0,6,11,0.0,88322.0,88322.0,0.0,3,0,2,4091513.0,Creciente,1
9,2025-08-28 12:13:24,996260.3999999999,10,29,Empleado,1767728,102000,85700,95.227787,811.0,2,8,0.0,275.0,275.0,0.0,0,0,2,1713820.0,Creciente,1
4,2025-01-23 14:15:06,995215.2,6,29,Empleado,3000000,1000000,147760,95.227787,770.0,6,7,0.0,6092.0,6092.0,0.0,3,1,1,856217.0,Estable,1
9,2025-05-09 15:23:13,1371393.5999999999,10,29,Empleado,2000000,800000,116621,95.227787,739.0,8,3,0.0,30195.0,25448.0,0.0,2,2,2,,,1
9,2025-06-01 09:52:27,1865176.8,10,28,Empleado,3500000,1000000,158777,95.227787,791.0,4,4,0.0,28588.0,28588.0,0.0,2,0,1,1500000.0,Estable,1
9,2025-10-24 09:03:52,1368028.8,10,28,Empleado,2120000,497000,120023,95.227787,777.0,6,8,0.0,11772.0,11772.0,0.0,4,0,1,1937064.0,Creciente,1
4,2025-05-23 11:03:45,550030.7999999999,10,27,Empleado,1400000,300000,51166,88.229786,856.0,6,1,0.0,21856.0,21856.0,0.0,5,0,1,1280749.0,Creciente,1
9,2025-07-10 17:20:31,2288337.6,4,27,Independiente,1200000,600000,460298,95.227787,769.0,1,2,0.0,0.0,0.0,0.0,0,0,0,,,1
9,2025-05-21 16:54:41,3934958.4,9,27,Empleado,3200000,1500000,368723,87.593604,749.0,1,1,0.0,2034.0,2034.0,0.0,1,0,0,1000000.0,Estable,1
4,2025-11-11 15:07:45,1728000.0,12,27,Empleado,3770000,869000,143803,95.227787,741.0,5,7,0.0,11549.0,11549.0,0.0,3,0,1,2500000.0,Estable,1
4,2025-07-11 10:32:54,4454400.0,36,26,Independiente,1800000,250000,150287,95.227787,797.0,2,3,0.0,0.0,0.0,0.0,2,0,0,1654405.0,Decreciente,1
4,2025-05-15 13:01:48,541080.0,6,26,Independiente,2500000,1000000,80638,95.227787,715.0,4,3,0.0,1665.0,1665.0,0.0,0,0,2,946640.0,Creciente,1
9,2025-02-09 18:47:15,3820347.5999999996,10,25,Empleado,2300000,1300000,324024,95.227787,725.0,5,4,0.0,42366.0,37007.0,0.0,4,0,0,3223282.0,Creciente,1
9,2025-02-19 16:27:49,497760.0,10,24,Empleado,1200000,900000,42262,95.227787,719.0,3,5,0.0,11676.0,11676.0,0.0,2,0,0,1791500.0,Decreciente,1
4,2025-03-28 17:43:06,1234200.0,8,24,Empleado,2200000,800000,140106,95.227787,743.0,5,3,0.0,31183.0,22934.0,0.0,0,2,1,2051363.0,Creciente,1
9,2025-04-16 16:01:51,1367990.4,10,24,Empleado,3800000,1000000,116331,95.227787,739.0,2,2,0.0,3791.0,3791.0,0.0,1,0,0,3450000.0,Creciente,1
4,2025-09-13 13:12:09,584289.6,6,23,Independiente,3810000,1255000,88694,95.227787,716.0,3,7,0.0,8468.0,8468.0,0.0,3,0,0,1055038.0,Decreciente,1
9,2025-07-02 10:44:40,3118370.4,3,36,Independiente,1500000,800000,828358,95.227787,755.0,2,2,0.0,281.0,281.0,0.0,0,0,1,,,1
9,2025-09-25 10:57:23,3858884.4,10,36,Empleado,6110000,1041000,331947,95.227787,799.0,3,3,0.0,42471.0,42471.0,0.0,1,0,2,,,1
4,2025-05-05 15:37:36,1440000.0,12,35,Empleado,2300000,250000,114851,95.227787,736.0,4,3,0.0,8984.0,8984.0,0.0,0,1,0,1609465.0,Creciente,1
9,2025-11-17 13:03:51,4081938.0,5,33,Independiente,1380000,584000,676135,95.227787,866.0,3,2,0.0,18833.0,18833.0,0.0,1,0,1,990852.0,Creciente,1
4,2025-07-28 10:42:45,1447200.0,6,31,Empleado,1420000,700000,218066,95.227787,716.0,6,3,0.0,803.0,803.0,0.0,0,0,6,1256697.0,Creciente,1
4,2025-03-02 12:45:52,1896000.0,6,30,Independiente,6000000,2000000,281800,95.227787,761.0,6,6,0.0,32790.0,32790.0,0.0,3,1,0,925157.0,Creciente,1
68,2025-05-26 12:42:55,2822823.6,48,29,Empleado,2800000,0,49007,95.227787,804.0,6,2,0.0,2573.0,2573.0,0.0,4,0,1,2748150.0,Creciente,1
4,2024-12-27 08:04:30,1770000.0,12,29,Empleado,1000000,100000,138962,95.227787,747.0,5,2,0.0,14478.0,14478.0,0.0,2,1,1,1285432.0,Creciente,1
9,2025-05-18 13:04:23,6796060.8,11,29,Empleado,3100000,1700000,530866,95.227787,764.0,5,7,0.0,720.0,720.0,0.0,0,0,5,941789.0,Creciente,1
4,2025-06-01 17:55:17,960000.0,12,28,Empleado,2200000,500000,77087,95.227787,810.0,8,3,0.0,43612.0,984.0,0.0,2,2,3,2249122.0,Decreciente,1
9,2026-01-08 11:43:49,3409334.4,11,28,Empleado,1800000,179000,278287,95.227787,769.0,3,2,0.0,109.0,109.0,0.0,0,0,0,,,1
4,2024-12-10 14:39:21,1296000.0,12,27,Empleado,1650000,300000,101735,75.691683,725.0,8,2,0.0,8573.0,8573.0,0.0,2,1,2,2110573.0,Decreciente,1
4,2025-06-27 16:52:49,792000.0,6,25,Empleado,6000000,2500000,118613,89.979287,759.0,6,8,0.0,27056.0,27056.0,0.0,0,2,3,3060277.0,Decreciente,1
4,2025-05-06 11:43:05,3600000.0,6,36,Empleado,6000000,500000,535184,95.227787,845.0,10,2,0.0,17651.0,17651.0,0.0,5,0,1,7673437.0,Decreciente,1
4,2025-05-10 15:16:49,2244000.0,18,34,Empleado,3000000,50000,126937,95.227787,823.0,1,2,0.0,17024.0,17024.0,0.0,1,0,0,946640.0,Creciente,1
4,2025-01-15 10:01:48,3600000.0,24,34,Empleado,2500000,800000,158254,95.227787,794.0,0,5,0.0,0.0,,,0,0,0,916148.0,Creciente,1
4,2025-10-20 17:43:40,1020000.0,6,30,Independiente,2010000,656000,155360,95.227787,751.0,3,7,0.0,4162.0,4162.0,0.0,0,0,2,,,1
4,2025-07-08 18:19:43,1124528.4,6,35,Empleado,2000000,600000,169445,95.227787,776.0,6,3,0.0,11550.0,11550.0,0.0,0,1,2,1992102.0,Decreciente,1
4,2025-04-01 16:06:58,2413920.0,12,34,Empleado,3500000,1000000,191367,95.227787,777.0,6,2,0.0,4572.0,4572.0,0.0,3,0,2,1000000.0,Estable,1
9,2025-03-14 10:19:52,3296649.6,10,29,Empleado,3500000,1000000,279900,95.227787,775.0,5,9,0.0,1785.0,1785.0,0.0,2,0,0,923771.0,Creciente,1
4,2025-07-31 16:09:03,2418000.0,6,36,Empleado,4184615,0,365212,95.227787,840.0,2,4,0.0,84170.0,41382.0,0.0,1,1,0,4184615.0,Creciente,1
9,2025-02-08 19:06:09,3471369.6,11,30,Empleado,7700000,3900000,270082,95.227787,808.0,12,12,0.0,179224.0,179224.0,0.0,8,0,3,5266854.0,Creciente,1
4,2025-06-13 15:52:29,1166400.0,12,30,Empleado,1200000,0,93661,95.227787,710.0,2,10,0.0,6042.0,607.0,0.0,0,1,1,1010300.0,Creciente,1
4,2025-02-28 11:53:03,819600.0,10,33,Empleado,1232000,700000,76242,95.227787,756.0,8,11,0.0,22172.0,9775.0,0.0,0,1,6,1307369.0,Decreciente,1
4,2025-02-17 10:36:17,2014699.2,10,31,Empleado,2500000,1000000,186892,95.227787,757.0,3,3,0.0,17480.0,17480.0,0.0,1,0,2,1105256.0,Decreciente,1
9,2025-06-14 12:38:52,3026337.6,11,31,Empleado,4000000,1000000,236399,95.227787,750.0,9,21,0.0,77280.0,77280.0,0.0,4,1,4,,,1
9,2024-12-13 12:01:27,4161981.5999999996,10,35,Independiente,3000000,1500000,352444,95.227787,681.0,8,2,0.0,111419.0,111419.0,,2,0,3,,,1
9,2025-03-07 10:08:04,1372640.4,10,26,Independiente,3000000,1200000,116543,86.830187,799.0,2,4,0.0,1510.0,1510.0,0.0,1,0,0,954263.0,Creciente,1
9,2025-05-15 15:18:34,2214200.4,10,36,Empleado,3900000,1200000,190338,95.227787,925.0,8,3,0.0,49802.0,49802.0,0.0,7,0,0,3453174.0,Decreciente,1
4,2025-01-12 14:43:18,2460000.0,12,36,Empleado,3000000,2500000,193588,95.227787,824.0,8,3,0.0,137478.0,0.0,0.0,2,0,3,1993370.0,Creciente,1
9,2025-07-06 09:52:59,2167654.8,9,36,Empleado,2800000,1500000,203216,95.227787,820.0,3,2,0.0,26773.0,26773.0,0.0,2,0,0,3566208.0,Creciente,1
9,2025-02-23 11:11:09,2973762.0,9,36,Independiente,15000000,6000000,277990,95.227787,772.0,7,8,0.0,524761.0,219333.0,0.0,5,0,1,939017.0,Creciente,1
4,2025-03-27 10:01:12,2835538.8,24,35,Empleado,1700000,400000,124244,95.227787,783.0,6,8,0.0,1894.0,1894.0,0.0,2,0,2,1497318.0,Creciente,1
4,2025-05-21 10:58:35,1260000.0,10,35,Empleado,2400000,800000,118103,95.227787,710.0,6,3,0.0,8251.0,8251.0,0.0,5,0,1,936597.0,Creciente,1
9,2025-10-09 16:53:07,1042684.7999999999,10,35,Empleado,4630000,1271000,90396,95.227787,793.0,5,10,0.0,3541.0,3541.0,0.0,4,0,1,,,1
9,2025-07-16 18:49:30,2670470.4,10,35,Empleado,4000000,1500000,227926,95.227787,840.0,4,2,0.0,997.0,997.0,0.0,3,0,0,9303013.0,Creciente,1
4,2024-12-27 14:17:25,909024.0,8,65,Empleado,5200000,2300000,102952,95.227787,739.0,16,2,0.0,6797.0,6797.0,0.0,12,0,0,227132.0,Creciente,1
9,2025-02-01 08:37:19,2815064.4,9,35,Independiente,3500000,2000000,268618,95.227787,809.0,4,2,0.0,13029.0,13029.0,0.0,2,0,0,827768.0,Estable,1
4,2025-07-17 13:06:52,818220.0,6,34,Empleado,8000000,3000000,122540,95.227787,769.0,5,5,0.0,2502.0,2502.0,0.0,2,0,3,2729066.0,Creciente,1
4,2025-05-20 16:56:53,1101600.0,12,34,Independiente,3500000,1800000,86699,95.227787,730.0,4,3,0.0,57145.0,48469.0,0.0,1,0,1,933473.0,Creciente,1
9,2025-05-24 09:41:00,1712686.8,10,34,Empleado,2800000,1500000,145796,95.227787,761.0,4,0,0.0,9589.0,9589.0,0.0,2,0,1,4471189.0,Decreciente,1
9,2025-11-19 14:47:55,788794.7999999999,4,33,Empleado,3760000,1590000,161255,95.227787,784.0,10,3,0.0,60606.0,60606.0,0.0,7,0,0,4034204.0,Creciente,1
9,2025-04-04 10:09:15,1590805.2,10,33,Empleado,5000000,1500000,135137,95.227787,679.0,5,13,0.0,183.0,183.0,0.0,0,0,1,3869775.0,Creciente,1
4,2025-01-07 09:00:35,1190400.0,12,33,Independiente,4000000,1300000,93458,95.227787,749.0,6,2,0.0,37664.0,23402.0,0.0,1,4,0,,,1
9,2025-07-26 12:00:21,3044310.0,10,33,Empleado,5000000,1500000,259833,95.227787,850.0,6,4,0.0,113110.0,113110.0,0.0,5,0,0,3248378.0,Decreciente,1
4,2025-12-31 15:29:07,5506980.0,18,34,Independiente,2633000,719000,328932,95.227787,804.0,7,2,0.0,33101.0,6524.0,0.0,2,1,1,1865454.0,Decreciente,1
9,2025-11-30 09:42:21,2990180.4,10,32,Empleado,5280000,3702000,263698,88.229786,773.0,12,8,0.0,74410.0,74410.0,0.0,10,0,0,5506398.0,Creciente,1
9,2025-02-03 09:59:08,4938714.0,9,33,Independiente,8000000,2000000,461233,-5.102625,757.0,1,9,0.0,4151.0,4151.0,0.0,1,0,0,1133333.0,Decreciente,0
4,2025-05-18 12:10:58,360000.0,6,32,Empleado,1600000,300000,53915,95.227787,830.0,2,3,0.0,16266.0,16266.0,0.0,2,0,0,1651350.0,Creciente,1
9,2024-11-27 11:10:45,2078536.7999999998,10,30,Independiente,3000000,2000000,176014,95.227787,720.0,12,10,0.0,29786.0,29786.0,0.0,6,0,4,1818877.0,Creciente,1
4,2025-12-28 16:29:50,825356.4,6,32,Empleado,1948000,548000,126539,95.227787,746.0,2,2,0.0,14299.0,14299.0,0.0,2,0,0,2350990.0,Creciente,1
4,2025-03-17 14:04:46,2211000.0,6,31,Empleado,10000000,6000000,329510,28.201487,793.0,4,10,0.0,91693.0,91693.0,0.0,2,0,1,,,0
4,2025-02-02 15:10:17,1708800.0,12,31,Independiente,1500000,400000,134084,95.227787,796.0,10,2,0.0,6393.0,6393.0,0.0,5,0,1,,,1
4,2026-02-21 18:43:27,3600000.0,36,31,Empleado,2285000,407000,141133,95.227787,774.0,6,3,0.0,6812.0,6812.0,0.0,0,3,0,2350946.0,Decreciente,1
9,2024-12-20 17:19:39,2457858.0,11,29,Empleado,2800000,1500000,191228,95.227787,749.0,4,5,0.0,29280.0,29280.0,0.0,2,0,1,3724490.0,Creciente,1
4,2025-01-07 11:32:08,4456441.2,12,29,Independiente,6000000,2000000,309475,95.227787,803.0,5,11,0.0,428565.0,101605.0,0.0,5,0,0,4789451.0,Decreciente,1
9,2025-08-15 11:07:30,1761702.0,5,29,Empleado,4685833,861000,286549,95.227787,887.0,5,5,0.0,34083.0,34083.0,0.0,4,0,1,6425333.0,Creciente,1
4,2025-08-12 16:58:14,1869298.8,6,29,Empleado,2260000,796000,279953,95.227787,787.0,6,5,0.0,4695.0,4695.0,0.0,2,0,3,1958965.0,Creciente,1
4,2024-12-26 13:34:07,1884840.0,10,29,Empleado,1200000,300000,174231,95.227787,714.0,7,8,0.0,16996.0,11017.0,0.0,4,1,1,1117465.0,Creciente,1
9,2025-07-02 17:11:38,6382232.399999999,9,29,Empleado,3000000,2000000,598330,95.227787,764.0,1,2,0.0,0.0,0.0,0.0,0,0,0,950105.0,Creciente,1
9,2025-02-14 16:14:43,3785090.4,11,29,Empleado,4000000,2500000,294826,95.227787,897.0,4,7,0.0,115115.0,35011.0,0.0,4,0,0,2997643.0,Creciente,1
4,2025-10-19 15:49:33,852000.0,12,29,Empleado,2350000,1199000,70064,95.227787,741.0,12,7,0.0,12585.0,12585.0,0.0,3,1,7,2012799.0,Decreciente,1
4,2024-12-02 15:08:11,3444000.0,24,28,Empleado,2400000,600000,150711,81.231786,749.0,2,4,0.0,10001.0,10001.0,0.0,1,0,1,2290029.0,Creciente,1
9,2025-06-27 12:03:26,3929058.0,9,28,Independiente,4000000,2000000,368346,95.227787,765.0,4,3,0.0,1552.0,1552.0,0.0,3,0,0,1600000.0,Estable,1
9,2025-09-06 17:50:04,3098746.8,11,28,Independiente,4206000,1714000,250143,95.227787,732.0,5,3,0.0,86098.0,71035.0,0.0,3,1,0,3220915.0,Creciente,1
4,2025-05-22 18:04:37,900000.0,6,28,Empleado,1400000,350000,134347,95.227787,792.0,1,2,0.0,5173.0,5173.0,0.0,0,1,0,1047274.0,Creciente,1
9,2025-01-03 13:01:30,3087764.4,11,28,Empleado,20000000,18000000,240236,95.227787,743.0,7,15,0.0,466234.0,466234.0,0.0,5,0,1,908526.0,Estable,1
4,2024-12-25 14:45:05,4320000.0,24,28,Independiente,4000000,2500000,188830,89.2295,815.0,4,3,0.0,3420.0,3420.0,0.0,4,0,0,227132.0,Decreciente,1
4,2025-06-24 08:18:06,2793360.0,12,28,Empleado,3500000,1000000,219981,95.227787,794.0,2,2,0.0,23992.0,23992.0,0.0,1,0,1,2027778.0,Creciente,1
4,2025-04-27 08:03:41,2577034.8,12,28,Empleado,1500000,700000,204319,95.227787,753.0,1,4,0.0,8464.0,8464.0,0.0,0,1,0,939017.0,Creciente,1
9,2025-01-24 18:51:17,3203499.6,10,28,Empleado,1500000,1000000,271706,95.227787,776.0,2,2,0.0,256.0,256.0,0.0,0,0,1,908526.0,Estable,1
4,2025-02-24 08:21:12,4146000.0,30,27,Empleado,2500000,1300000,153235,95.227787,747.0,10,7,0.0,22966.0,22966.0,0.0,4,0,5,2960878.0,Creciente,1
4,2025-10-27 16:48:21,4044000.0,6,27,Empleado,3120000,421000,614896,95.227787,832.0,4,3,0.0,27208.0,8739.0,0.0,1,2,1,2086894.0,Creciente,1
10,2025-09-26 17:26:45,6720000.0,24,27,Empleado,3910000,2188000,314892,95.227787,765.0,2,4,0.0,36827.0,36827.0,0.0,2,0,0,2445509.0,Creciente,1
9,2025-03-06 17:01:47,2033712.0,10,27,Empleado,2500000,1000000,172671,95.227787,797.0,1,2,0.0,627.0,627.0,0.0,1,0,0,6667513.0,Creciente,1
9,2024-12-11 12:02:17,2777064.0,10,26,Empleado,7000000,5000000,235167,89.2295,769.0,4,5,0.0,15948.0,15948.0,0.0,3,0,0,10923637.0,Creciente,1
4,2025-08-24 18:30:36,1260000.0,8,27,Empleado,3630000,0,146127,95.227787,782.0,4,11,0.0,22053.0,22053.0,0.0,3,0,0,1708875.0,Creciente,1
4,2024-12-23 10:24:16,1560000.0,12,26,Independiente,2500000,900000,122459,95.227787,771.0,3,4,0.0,50.0,50.0,0.0,1,0,2,469405.0,Decreciente,1
4,2024-12-27 12:20:52,512016.0,6,26,Independiente,3800000,400000,75994,95.227787,796.0,7,7,0.0,59624.0,37167.0,0.0,3,1,0,,,1
9,2025-04-05 10:40:10,3300210.0,11,26,Empleado,2600000,900000,257205,95.227787,797.0,5,4,0.0,32267.0,32267.0,0.0,4,0,1,1200000.0,Creciente,1
4,2025-04-07 16:12:19,2323322.4,6,26,Empleado,3000000,1300000,345077,95.227787,726.0,7,14,0.0,128666.0,128666.0,0.0,4,0,0,1924928.0,Creciente,1
9,2025-06-15 12:37:15,2888496.0,9,25,Independiente,3200000,1500000,270665,95.227787,737.0,2,7,0.0,6147.0,6147.0,0.0,2,0,0,1030353.0,Creciente,1
4,2025-04-24 12:49:35,1083600.0,6,25,Independiente,1200000,300000,161753,95.227787,765.0,2,3,0.0,6096.0,6096.0,0.0,0,1,0,872184.0,Decreciente,1
9,2025-02-23 18:47:00,2194630.8,10,25,Empleado,1610000,800000,186334,95.227787,827.0,3,4,0.0,16673.0,16673.0,0.0,0,1,2,1554441.0,Creciente,1
9,2024-11-29 15:22:33,946150.7999999999,10,24,Empleado,1300000,700000,80122,91.728786,714.0,4,1,0.0,0.0,0.0,,0,0,3,,,1
4,2025-12-10 18:06:59,3600000.0,36,25,Independiente,1670000,89000,136947,95.227787,749.0,2,1,0.0,3972.0,3972.0,0.0,2,0,0,821212.0,Creciente,1
4,2025-03-11 17:49:54,3231420.0,12,24,Independiente,2500000,0,253854,95.227787,824.0,5,4,0.0,1638.0,1638.0,0.0,2,0,2,,,1
9,2025-05-16 16:20:40,670760.4,10,24,Independiente,2000000,500000,57100,95.227787,768.0,5,6,0.0,19848.0,19848.0,0.0,4,0,1,,,1
4,2025-07-14 13:49:17,1200000.0,12,23,Empleado,3000000,500000,95709,90.562453,746.0,9,6,0.0,51566.0,51566.0,0.0,5,0,2,908526.0,Creciente,1
4,2025-12-29 12:54:45,4170433.1999999997,12,24,Empleado,2876000,0,346231,95.227787,736.0,2,2,0.0,2665.0,2665.0,0.0,2,0,0,4721790.0,Creciente,1
9,2025-03-08 10:29:37,2223369.6,10,30,Independiente,3000000,2800000,188774,95.227787,746.0,4,2,0.0,66956.0,62706.0,0.0,1,0,1,,,1
4,2025-02-12 13:06:33,5107380.0,24,25,Empleado,1600000,300000,223275,95.227787,738.0,1,2,0.0,7799.0,7799.0,0.0,0,1,0,1728692.0,Decreciente,1
4,2024-12-04 15:35:59,539880.0,12,35,Empleado,1200000,400000,42363,95.227787,772.0,3,3,0.0,11933.0,11933.0,0.0,1,0,2,,,1
4,2025-02-22 16:45:58,5166000.0,36,34,Empleado,1710000,500000,168897,95.227787,889.0,6,4,0.0,22033.0,22033.0,0.0,2,0,2,1775670.0,Creciente,1
9,2025-03-22 08:47:21,3196298.4,10,31,Empleado,2819000,1400000,271522,95.227787,753.0,5,6,0.0,27803.0,27803.0,0.0,3,1,0,2623113.0,Estable,1
4,2025-08-30 16:32:29,1636706.4,6,29,Independiente,908526,1327000,247206,95.227787,722.0,9,9,0.0,27211.0,13704.0,0.0,1,0,5,908526.0,Estable,1
4,2025-01-14 18:36:06,2177880.0,12,35,Empleado,1900000,500000,171387,95.227787,796.0,5,3,0.0,13146.0,13146.0,0.0,1,2,2,1176479.0,Creciente,1
9,2025-02-06 16:30:47,6705002.399999999,10,33,Independiente,8000000,4000000,568687,95.227787,682.0,5,6,0.0,127659.0,127659.0,0.0,3,0,1,,,1
4,2026-02-13 18:17:35,2400000.0,12,28,Empleado,1763000,0,200924,95.227787,808.0,1,1,0.0,0.0,0.0,0.0,0,0,1,2225507.0,Decreciente,1
4,2025-03-20 14:31:35,1808743.2,12,34,Empleado,1800000,500000,142983,95.227787,819.0,5,4,0.0,10545.0,10545.0,0.0,2,1,1,666591.0,Decreciente,1
9,2025-09-04 08:40:48,950182.7999999999,11,25,Empleado,2652000,1303000,81598,95.227787,632.0,8,4,0.0,19623.0,19623.0,0.0,2,1,4,880000.0,Creciente,1
9,2025-05-07 10:31:48,4664594.399999999,11,31,Independiente,2000000,1000000,363954,95.227787,774.0,4,4,0.0,6864.0,6864.0,0.0,0,0,3,939017.0,Creciente,1
4,2025-01-19 18:15:29,2862000.0,12,28,Empleado,4000000,1300000,224291,95.227787,732.0,5,8,0.0,14314.0,14314.0,0.0,2,0,1,926820.0,Creciente,1
4,2024-12-09 17:57:01,702000.0,12,28,Empleado,1588000,0,55106,95.227787,760.0,3,3,0.0,10172.0,6864.0,0.0,0,1,2,1208221.0,Creciente,1
4,2025-02-27 11:15:30,1892520.0,12,28,Empleado,2800000,1120000,148869,95.227787,775.0,9,12,0.0,9834.0,9834.0,0.0,4,0,2,925157.0,Creciente,1
4,2025-07-25 13:43:44,819600.0,12,26,Empleado,1408672,435000,66101,95.227787,784.0,4,2,0.0,5865.0,5865.0,0.0,3,0,1,1235261.0,Creciente,1
4,2024-12-30 11:01:37,2412000.0,12,25,Empleado,1500000,400000,189340,95.227787,800.0,3,0,0.0,3414.0,3414.0,0.0,1,0,1,1280913.0,Creciente,1
4,2025-08-21 14:10:11,474000.0,6,24,Empleado,1280000,179000,71592,95.227787,743.0,1,5,0.0,1345.0,1345.0,0.0,0,1,0,966666.0,Decreciente,1
4,2025-04-24 17:53:51,1368207.5999999999,6,24,Independiente,6000000,1000000,204238,95.227787,787.0,4,5,0.0,5984.0,5984.0,0.0,1,0,2,,,1
4,2025-11-24 10:28:15,2133600.0,6,35,Independiente,2530000,646000,324977,95.227787,719.0,5,2,0.0,11420.0,11420.0,0.0,3,0,1,,,1
9,2025-01-12 15:34:36,1709907.5999999999,10,30,Empleado,3107583,1495000,145026,95.227787,797.0,4,2,0.0,21624.0,21624.0,0.0,1,1,0,908526.0,Estable,1
4,2024-12-31 18:36:26,2760000.0,18,35,Empleado,2000000,500000,152472,89.979287,724.0,3,5,0.0,19539.0,19539.0,0.0,1,0,1,1449875.0,Creciente,1
4,2024-11-28 07:49:50,1086420.0,18,28,Empleado,1600000,380000,59701,95.227787,727.0,8,9,0.0,1126.0,1126.0,0.0,3,0,3,1098417.0,Creciente,1
4,2025-01-23 16:03:44,4735464.0,24,31,Empleado,4700000,2000000,206285,95.227787,839.0,4,8,0.0,5289.0,5289.0,0.0,0,2,0,5081580.0,Creciente,1
4,2025-10-17 19:26:51,3828480.0,24,27,Empleado,2170000,274000,181391,95.227787,755.0,5,5,0.0,2290.0,2290.0,0.0,2,0,1,1656576.0,Decreciente,1
9,2025-07-18 10:10:45,1665388.8,5,34,Independiente,5000000,4000000,270883,95.227787,748.0,14,4,0.0,54716.0,54716.0,0.0,14,0,0,963410.0,Creciente,1
9,2025-06-26 09:42:01,7657010.399999999,4,24,Empleado,3000000,1400000,1540204,95.227787,775.0,3,3,0.0,226462.0,226462.0,0.0,2,0,0,874159.0,Decreciente,1
4,2025-05-17 15:46:00,2098800.0,6,33,Empleado,4200000,1500000,314324,95.227787,874.0,3,5,0.0,559.0,559.0,0.0,2,0,0,3463569.0,Decreciente,1
9,2025-05-17 09:41:45,3063524.4,10,33,Empleado,4000000,2000000,260516,95.227787,848.0,3,5,0.0,12211.0,12211.0,0.0,1,0,1,3569564.0,Creciente,1
9,2025-01-09 15:28:54,1913685.5999999999,9,32,Empleado,1000000,0,178722,95.227787,835.0,4,2,0.0,8620.0,8620.0,0.0,3,0,0,4358706.0,Creciente,1
4,2024-12-23 08:05:56,1700281.2,6,31,Empleado,4000000,400000,252366,95.227787,766.0,3,3,0.0,18000.0,18000.0,0.0,2,0,0,1293750.0,Estable,1
4,2025-01-28 16:19:46,3826800.0,12,31,Independiente,2500000,300000,301180,95.227787,721.0,6,3,0.0,15928.0,15928.0,0.0,4,0,0,916148.0,Creciente,1
4,2025-01-02 18:51:25,2718960.0,12,30,Empleado,4500000,500000,188817,95.227787,833.0,4,3,0.0,49224.0,49224.0,0.0,2,1,0,964727.0,Creciente,1
9,2025-06-13 12:51:00,2562301.1999999997,11,29,Empleado,5760000,4650000,200151,95.227787,835.0,1,3,0.0,1763.0,1763.0,0.0,1,0,0,5730978.0,Creciente,1
4,2025-04-25 10:04:13,1746840.0,12,29,Empleado,2400000,600000,138497,95.227787,765.0,4,3,0.0,11898.0,11898.0,0.0,0,1,1,1896836.0,Creciente,1
4,2024-11-26 18:58:57,516000.0,6,28,Empleado,2000000,700000,76533,95.227787,729.0,2,7,0.0,18926.0,18926.0,0.0,0,1,1,1497947.0,Creciente,1
9,2025-03-07 17:38:24,976638.0,10,28,Empleado,2000000,1000000,82921,95.227787,747.0,5,2,0.0,39659.0,16965.0,0.0,0,3,2,1658310.0,Creciente,1
4,2025-02-16 12:54:57,1710720.0,10,27,Empleado,2000000,700000,158136,95.227787,723.0,4,5,0.0,3828.0,3828.0,0.0,1,0,2,,,1
9,2025-04-23 16:40:06,3871393.1999999997,11,25,Empleado,4130000,2000000,302065,95.227787,740.0,4,6,0.0,49856.0,49856.0,0.0,2,0,2,3570985.0,Creciente,1
4,2025-12-15 15:05:53,1224000.0,6,24,Empleado,3108000,463000,188148,95.227787,758.0,6,4,0.0,7950.0,7950.0,0.0,3,0,0,1000000.0,Creciente,1
4,2025-11-30 17:37:18,876000.0,8,30,Empleado,2630000,408000,103555,95.227787,776.0,5,7,0.0,432.0,432.0,0.0,0,0,2,946300.0,Creciente,1
4,2025-03-25 14:08:59,3600000.0,12,24,Empleado,1850000,360000,283156,95.227787,705.0,7,3,0.0,22856.0,16282.0,0.0,2,2,3,925157.0,Creciente,1
4,2024-12-11 16:46:37,409200.0,6,31,Empleado,1815000,550000,60750,95.227787,780.0,10,4,0.0,40078.0,40078.0,0.0,6,0,2,,,1
9,2025-07-03 10:05:21,2364860.4,9,36,Empleado,3100000,2200000,221704,95.227787,802.0,1,2,0.0,87549.0,87549.0,0.0,1,0,0,1326666.0,Creciente,1
9,2025-01-29 14:50:08,3822528.0,10,31,Empleado,4000000,800000,324209,95.227787,733.0,7,7,0.0,30186.0,30186.0,0.0,3,0,2,,,1
4,2025-03-20 14:43:22,1474800.0,12,30,Independiente,3500000,300000,116202,95.227787,753.0,7,2,0.0,45681.0,421.0,0.0,1,2,2,,,1
4,2025-02-04 16:28:17,1080000.0,6,30,Empleado,4321000,1500000,160409,95.227787,775.0,2,4,0.0,2440.0,2440.0,0.0,0,0,0,1686000.0,Estable,1
4,2025-05-23 15:10:21,1525081.2,6,35,Empleado,3000000,1000000,227272,95.227787,815.0,4,6,0.0,112836.0,112836.0,0.0,3,0,0,,,1
4,2025-02-08 17:43:02,1428000.0,10,34,Empleado,1200000,100000,132467,91.728786,810.0,2,3,0.0,3179.0,3179.0,0.0,1,1,0,1093546.0,Creciente,1
4,2025-07-14 18:29:05,1500000.0,12,33,Independiente,1500000,300000,120970,95.227787,791.0,2,3,0.0,747.0,747.0,0.0,0,0,1,2667705.0,Decreciente,1
4,2025-02-09 13:37:24,2313600.0,12,33,Empleado,3000000,1700000,181766,95.227787,815.0,6,2,0.0,95489.0,95489.0,0.0,5,0,1,946692.0,Decreciente,1
4,2025-09-09 12:14:40,531590.4,6,28,Empleado,1670000,0,80694,95.227787,758.0,1,5,0.0,0.0,0.0,0.0,0,0,0,,,1
4,2025-06-12 14:17:23,438230.39999999997,6,27,Independiente,1500000,250000,65876,95.227787,738.0,2,4,0.0,7999.0,3507.0,0.0,0,2,0,,,1
9,2025-02-07 11:41:38,2158993.1999999997,10,27,Empleado,2100000,600000,183116,95.227787,694.0,5,9,0.0,22778.0,22778.0,0.0,1,1,2,1049416.0,Creciente,1
4,2025-04-25 17:23:03,1650000.0,12,23,Empleado,1300000,500000,130819,95.227787,765.0,1,1,0.0,2298.0,2298.0,0.0,0,1,0,1053660.0,Creciente,1
4,2025-10-10 11:04:05,2178000.0,6,34,Empleado,1940000,358000,331740,95.227787,799.0,5,2,0.0,3952.0,3952.0,0.0,4,0,0,1200000.0,Decreciente,1
4,2024-12-28 17:30:12,3756260.4,12,30,Empleado,2600000,250000,295597,53.356379,848.0,5,2,0.0,1256.0,1256.0,0.0,3,0,1,1080674.0,Decreciente,0
4,2024-12-10 18:05:38,2544000.0,8,34,Empleado,2000000,600000,288155,95.227787,818.0,2,2,0.0,27.0,27.0,0.0,1,0,0,2003386.0,Creciente,1
4,2026-02-25 13:52:24,2639880.0,12,35,Empleado,7250000,4644000,222292,95.227787,803.0,7,2,0.0,23451.0,23451.0,0.0,6,0,0,1277733.0,Creciente,1
9,2025-05-01 11:28:38,3298494.0,9,27,Independiente,3000000,2000000,312145,95.227787,756.0,2,4,0.0,170.0,170.0,0.0,0,0,1,912121.0,Decreciente,1
4,2025-02-02 10:42:59,835080.0,6,33,Empleado,1200000,200000,124032,95.227787,725.0,4,7,0.0,364.0,364.0,0.0,1,0,3,1142204.0,Creciente,1
4,2025-04-27 18:37:44,838140.0,6,32,Empleado,2000000,500000,124481,95.227787,760.0,3,2,0.0,3224.0,595.0,0.0,1,0,0,,,1
4,2025-02-23 16:04:28,1058895.5999999999,10,32,Empleado,3000000,1800000,98228,95.227787,781.0,3,3,0.0,22781.0,22781.0,0.0,1,0,0,1825761.0,Decreciente,1
10,2025-03-15 13:24:49,657600.0,6,36,Empleado,1500000,550000,97667,95.227787,806.0,8,6,0.0,19868.0,19868.0,0.0,5,0,1,923771.0,Creciente,1
9,2025-11-10 11:35:26,791157.6,5,35,Empleado,6200000,4707000,130672,95.227787,750.0,11,4,0.0,89435.0,89435.0,0.0,6,0,1,984754.0,Creciente,1
4,2025-06-07 14:17:08,420000.0,6,34,Independiente,1500000,500000,62466,95.227787,813.0,8,3,0.0,5500.0,5500.0,0.0,3,0,4,,,1
4,2025-11-14 08:20:01,2640000.0,36,32,Empleado,1820000,331000,99249,95.227787,861.0,2,1,0.0,2397.0,2397.0,0.0,1,1,0,1146250.0,Creciente,1
4,2025-01-16 13:26:17,1699479.5999999999,12,31,Empleado,1400000,500000,133740,95.227787,821.0,4,6,0.0,360.0,360.0,0.0,3,0,1,30285.0,Creciente,1
4,2025-02-11 18:27:39,5184720.0,12,31,Empleado,6000000,3000000,406827,95.227787,803.0,3,5,0.0,20696.0,20696.0,0.0,2,0,0,2500000.0,Estable,1
4,2025-05-16 09:18:23,1311600.0,12,30,Empleado,6444000,1500000,104627,95.227787,742.0,5,3,0.0,33356.0,33356.0,0.0,0,4,1,2583183.0,Creciente,1
9,2025-04-24 08:46:49,4456075.2,10,29,Empleado,3500000,1000000,378936,95.227787,734.0,10,12,0.0,8890.0,7369.0,0.0,5,0,2,1017424.0,Creciente,1
4,2025-01-13 08:16:15,699300.0,6,23,Empleado,2000000,300000,103723,95.227787,741.0,3,2,0.0,4393.0,4393.0,0.0,1,0,1,2300302.0,Creciente,1
9,2025-05-31 17:33:24,1539927.5999999999,10,23,Empleado,2000000,800000,131090,95.227787,733.0,1,3,0.0,112.0,112.0,0.0,0,0,1,946640.0,Creciente,1
4,2025-04-25 11:36:30,4206159.6,8,32,Empleado,5600000,0,480549,95.227787,811.0,2,5,0.0,0.0,0.0,0.0,1,0,0,1450000.0,Creciente,1
4,2025-01-03 18:46:17,589380.0,6,33,Empleado,4000000,2000000,87419,95.227787,784.0,1,6,0.0,11936.0,11936.0,0.0,0,1,0,853762.0,Estable,1
9,2025-02-13 17:23:25,1504638.0,11,34,Empleado,3100000,1600000,117199,95.227787,783.0,5,2,0.0,32648.0,32648.0,0.0,0,0,3,916148.0,Creciente,1
4,2026-02-15 17:18:33,1350000.0,18,32,Empleado,1832000,396000,83049,95.227787,759.0,2,1,0.0,10201.0,10201.0,0.0,0,2,0,677778.0,Creciente,1
9,2025-03-14 18:33:43,1979887.2,10,27,Empleado,2500000,1000000,168101,95.227787,751.0,7,4,0.0,73116.0,59767.0,0.0,0,4,0,2225649.0,Creciente,1
4,2024-12-02 16:02:29,3763144.8,36,31,Empleado,2000000,0,121808,6.795375,749.0,3,7,0.0,2208.0,2208.0,0.0,1,0,2,1023587.0,Creciente,0
9,2025-04-30 08:40:41,2483206.8,10,34,Empleado,4000000,1800000,211167,95.227787,805.0,5,7,0.0,37217.0,37217.0,0.0,3,0,0,2193599.0,Decreciente,1
4,2025-02-28 14:18:56,828000.0,6,29,Empleado,1500000,400000,123398,95.227787,770.0,8,2,0.0,10003.0,10003.0,0.0,2,0,4,874611.0,Creciente,1
4,2025-04-01 14:32:55,1612800.0,6,24,Empleado,1400000,400000,239545,95.227787,755.0,2,10,0.0,11914.0,11914.0,0.0,1,0,1,30285.0,Estable,1
4,2025-01-26 17:18:05,6720000.0,8,31,Independiente,4000000,2000000,762852,95.227787,785.0,6,5,0.0,92435.0,92435.0,0.0,2,2,1,916841.0,Creciente,1
4,2025-05-15 16:55:44,991200.0,12,30,Empleado,2400000,1000000,78355,95.227787,753.0,9,9,0.0,34872.0,34872.0,0.0,4,0,1,3048487.0,Creciente,1
4,2026-01-27 11:19:13,476320.8,6,30,Empleado,1774000,43000,73639,95.227787,772.0,2,4,0.0,0.0,0.0,0.0,0,0,1,1999775.0,Creciente,1
10,2025-01-06 17:28:12,8640000.0,36,28,Empleado,1300000,400000,279360,95.227787,795.0,1,2,0.0,0.0,0.0,0.0,1,0,0,738934.0,Creciente,1
9,2025-10-14 11:54:56,4158232.8,10,28,Empleado,3330000,3196000,360500,95.227787,826.0,2,2,0.0,2901.0,2901.0,0.0,1,0,1,9963000.0,Creciente,1
4,2024-12-13 08:14:04,2295600.0,12,30,Empleado,2000000,400000,179894,87.355037,752.0,5,3,0.0,5147.0,5147.0,0.0,1,0,3,1214793.0,Creciente,1
9,2025-03-17 09:40:40,1736228.4,11,30,Empleado,1000000,500000,135315,95.227787,792.0,0,1,0.0,0.0,,,0,0,0,917673.0,Creciente,1
4,2025-03-08 15:21:14,2182320.0,12,33,Independiente,5000000,2000000,171438,95.227787,707.0,4,4,0.0,1297.0,1297.0,0.0,1,0,1,908526.0,Estable,1
4,2025-05-25 14:35:12,6098400.0,36,37,Empleado,6000000,3000000,205841,95.227787,744.0,7,9,0.0,11300.0,11300.0,0.0,3,0,2,1800000.0,Creciente,1
4,2025-05-10 10:13:57,1259974.8,8,30,Empleado,3200000,500000,144554,95.227787,745.0,13,10,0.0,18856.0,18856.0,0.0,5,0,6,941789.0,Decreciente,1
4,2025-01-23 13:13:27,2220000.0,12,37,Empleado,2000000,450000,174291,95.227787,733.0,11,7,0.0,9198.0,9198.0,0.0,2,0,9,908526.0,Estable,1
4,2025-09-10 15:33:36,3179136.0,12,32,Empleado,4160000,1568000,255180,95.227787,802.0,4,5,0.0,98120.0,98120.0,0.0,3,0,0,,,1
4,2025-03-30 15:49:11,2851920.0,8,32,Empleado,3000000,250000,323730,95.227787,767.0,4,2,0.0,157.0,157.0,0.0,2,0,1,931394.0,Creciente,1
4,2025-02-08 11:31:21,1440000.0,12,32,Independiente,3000000,1000000,113472,95.227787,774.0,7,5,0.0,137790.0,137790.0,0.0,5,0,1,2393255.0,65988,1
4,2024-11-28 14:04:49,1920000.0,12,28,Empleado,2100000,400000,150718,4.018321,751.0,5,9,0.0,3813.0,3813.0,0.0,3,0,1,1424779.0,Decreciente,0
4,2025-06-19 10:17:39,1836900.0,6,28,Empleado,2400000,520000,273202,95.227787,759.0,1,4,0.0,343.0,343.0,0.0,1,0,0,3644351.0,Creciente,1
4,2025-04-10 15:18:50,904800.0,8,26,Empleado,1500000,400000,103365,95.227787,729.0,1,3,0.0,3053.0,3053.0,0.0,1,0,0,868454.0,77975,1
4,2025-05-09 15:29:30,492000.0,6,26,Empleado,1200000,350000,73684,95.227787,727.0,4,9,0.0,847.0,847.0,0.0,0,0,2,1291295.0,Decreciente,1
9,2025-02-13 11:39:49,7713753.6,9,24,Empleado,6000000,3000000,721088,95.227787,731.0,5,4,0.0,83852.0,83852.0,0.0,4,0,0,908526.0,Creciente,1
9,2025-01-27 12:27:27,3122368.8,10,32,Empleado,4500000,2500000,264825,95.227787,666.0,9,12,0.0,47559.0,47559.0,0.0,4,0,4,,,1
4,2025-11-24 10:58:55,1009200.0,6,24,Independiente,1930000,1325000,154732,95.227787,674.0,11,2,0.0,5601.0,5601.0,0.0,2,0,9,347974.0,Creciente,1
4,2025-02-21 13:33:19,7440000.0,12,36,Independiente,9000000,3500000,584519,95.227787,736.0,4,3,0.0,3248.0,3248.0,0.0,0,0,2,908526.0,Estable,1
4,2025-07-21 16:26:49,2400000.0,20,31,Empleado,2500000,600000,121740,95.227787,743.0,7,7,0.0,38468.0,38468.0,0.0,3,1,1,2550751.0,Creciente,1
4,2025-05-25 18:34:08,4010400.0,6,35,Empleado,2500000,700000,596231,95.227787,821.0,10,5,0.0,51827.0,51827.0,0.0,7,0,2,,,1
4,2025-06-09 15:24:57,1703100.0,6,24,Empleado,1100000,200000,253287,95.227787,711.0,5,3,0.0,992.0,992.0,0.0,2,0,1,949181.0,Creciente,1
4,2025-05-25 12:03:42,4587300.0,10,28,Empleado,6000000,1950000,425128,95.227787,735.0,10,6,0.0,143466.0,143466.0,0.0,5,0,3,5599949.0,Decreciente,1
9,2025-07-20 19:03:21,3568904.4,10,36,Empleado,4000000,2000000,304607,95.227787,822.0,3,0,0.0,564.0,564.0,0.0,2,0,0,,,1
4,2024-12-10 11:40:10,3600000.0,24,27,Empleado,1500000,650000,157358,95.227787,784.0,0,2,0.0,0.0,,,0,0,0,908526.0,Estable,1
9,2025-01-13 15:51:38,2671850.4,9,36,Empleado,5500000,4500000,249528,95.227787,805.0,8,6,0.0,29456.0,29456.0,0.0,4,2,1,,,1
4,2024-11-30 16:29:52,612000.0,6,27,Empleado,1000000,200000,90857,95.227787,734.0,4,6,0.0,70554.0,70554.0,0.0,3,0,1,2000000.0,Estable,1
4,2025-05-23 10:11:43,3705780.0,8,31,Independiente,3500000,500000,421168,95.227787,727.0,14,9,0.0,1605.0,1605.0,0.0,2,0,11,473320.0,Creciente,1
4,2024-12-28 08:02:14,2537650.8,36,29,Empleado,4600000,1000000,82169,95.227787,789.0,5,9,0.0,66412.0,66412.0,0.0,4,0,0,3671414.0,Creciente,1
4,2025-01-22 16:19:47,2739888.0,12,34,Empleado,1580000,320000,214722,95.227787,784.0,5,2,0.0,0.0,0.0,0.0,0,1,0,1135051.0,Creciente,1
4,2025-02-05 16:01:56,3610320.0,18,33,Empleado,2500000,700000,199466,95.227787,790.0,7,7,0.0,14786.0,14786.0,0.0,2,2,1,919960.0,Creciente,1
4,2025-03-13 11:42:29,1872000.0,6,33,Independiente,15000000,4000000,278233,95.227787,719.0,5,5,0.0,43265.0,43265.0,0.0,2,0,1,1485241.0,Decreciente,1
4,2026-02-25 14:39:15,3585960.0,12,31,Empleado,3375000,0,299805,95.227787,767.0,4,7,0.0,296.0,296.0,0.0,3,0,0,2340752.0,Creciente,1
4,2024-12-10 17:47:05,1401481.2,6,29,Empleado,2000000,700000,208016,95.227787,858.0,4,2,0.0,21759.0,21759.0,0.0,2,1,0,2568670.0,Creciente,1
4,2025-10-09 14:24:26,2120400.0,6,28,Empleado,2040000,513000,320670,95.227787,768.0,5,6,0.0,1670.0,1670.0,0.0,2,0,2,2471046.0,Creciente,1
4,2025-03-29 12:40:00,1920000.0,10,28,Empleado,1900000,500000,177669,95.227787,720.0,4,5,0.0,3582.0,3364.0,0.0,2,2,0,1315841.0,Creciente,1
4,2025-03-30 16:48:25,2919586.8,6,27,Empleado,2000000,0,433912,85.897119,726.0,3,3,0.0,16997.0,16997.0,0.0,2,0,0,814308.0,Decreciente,1
4,2025-01-19 17:49:38,840000.0,12,27,Empleado,3000000,1800000,58333,95.227787,789.0,4,4,0.0,6559.0,6559.0,0.0,3,0,0,1506646.0,Decreciente,1
4,2025-07-18 13:23:33,1634040.0,24,27,Empleado,4500000,2500000,73614,95.227787,733.0,9,12,0.0,22845.0,22845.0,0.0,5,1,1,961885.0,Creciente,1
4,2025-11-06 18:24:57,1740438.0,6,26,Empleado,1630000,459000,264653,95.227787,716.0,6,4,0.0,1697.0,1697.0,0.0,4,0,0,991684.0,1000000,1
4,2025-05-15 09:59:35,508800.0,6,25,Independiente,2000000,800000,75823,-5.665257,751.0,4,4,0.0,3286.0,3286.0,0.0,1,0,1,333126.0,Decreciente,0
4,2025-01-13 16:15:40,452400.0,6,36,Independiente,1500000,300000,67255,95.227787,739.0,2,6,0.0,2156.0,835.0,0.0,0,0,2,,,1
4,2025-08-05 16:38:10,5047422.0,6,32,Independiente,20000000,8000000,755989,95.227787,686.0,5,5,0.0,50027.0,50027.0,0.0,2,0,1,1000000.0,Estable,1
4,2025-01-16 15:51:48,4800000.0,24,32,Independiente,15000000,5000000,209354,95.227787,739.0,7,3,0.0,120593.0,120593.0,0.0,2,0,3,8534399.0,Creciente,1
4,2025-01-12 16:32:08,1649280.0,6,29,Empleado,1400000,300000,244538,95.227787,811.0,2,5,0.0,1331.0,1331.0,0.0,2,0,0,1322508.0,Decreciente,1
4,2025-01-10 11:27:39,5058660.0,18,28,Empleado,2900000,600000,278720,95.227787,723.0,6,4,0.0,3679.0,3679.0,0.0,5,0,1,908526.0,Estable,1
4,2025-01-09 08:11:09,2252280.0,12,33,Empleado,6000000,2500000,156408,92.228643,716.0,9,3,0.0,29905.0,11001.0,0.0,0,2,1,908526.0,Estable,1
4,2025-02-12 15:55:45,1470960.0,12,26,Empleado,1200000,150000,115413,95.227787,805.0,2,1,0.0,135.0,135.0,0.0,1,0,0,,,1
4,2024-12-28 10:13:44,2135761.1999999997,12,35,Empleado,2600000,600000,148317,95.227787,880.0,4,0,0.0,2451.0,2451.0,0.0,2,0,0,2474712.0,Decreciente,1
4,2025-02-14 10:38:47,2523480.0,12,34,Independiente,3500000,1500000,198256,95.227787,804.0,9,4,0.0,4421.0,4421.0,0.0,5,0,0,,,1
4,2025-04-15 12:44:34,662112.0,6,26,Empleado,3000000,500000,98342,95.227787,783.0,4,2,0.0,2324.0,2324.0,0.0,2,0,1,3377840.0,Creciente,1
9,2025-04-23 14:31:03,1269000.0,5,36,Independiente,5000000,2000000,205990,95.227787,819.0,6,6,0.0,89079.0,79079.0,0.0,4,0,1,945115.0,Creciente,1
4,2025-03-26 15:37:10,2161080.0,6,29,Empleado,2700000,700000,321182,95.227787,799.0,1,4,0.0,0.0,0.0,0.0,0,0,0,908526.0,Estable,1
4,2024-12-01 14:29:42,720000.0,12,35,Empleado,2500000,500000,56527,95.227787,757.0,7,3,0.0,33752.0,33752.0,0.0,2,0,4,908526.0,Estable,1
4,2025-03-03 16:12:34,6600840.0,12,34,Empleado,4000000,2000000,518548,95.227787,788.0,2,8,0.0,16890.0,16890.0,0.0,2,0,0,3337695.0,Creciente,1
4,2025-09-26 12:58:11,2781000.0,24,33,Empleado,6820000,9733000,126732,95.227787,766.0,9,8,0.0,150881.0,150881.0,0.0,5,1,2,7796981.0,Creciente,1
4,2025-07-31 10:42:03,2616000.0,6,33,Empleado,3001000,1322000,393757,95.227787,822.0,4,4,0.0,64003.0,64003.0,0.0,3,0,0,2917368.0,Creciente,1
4,2025-01-08 12:55:39,1199880.0,6,33,Empleado,3700000,1200000,166650,95.227787,757.0,5,4,0.0,5204.0,5204.0,0.0,2,0,2,882568.0,Creciente,1
4,2025-04-09 17:20:07,1554240.0,6,33,Independiente,6000000,2000000,230837,95.227787,754.0,3,2,0.0,855.0,855.0,0.0,1,0,0,933473.0,Creciente,1
4,2025-09-09 15:36:15,1963200.0,6,32,Empleado,1500000,0,295032,95.227787,755.0,1,3,0.0,126.0,126.0,0.0,0,0,1,1613163.0,Creciente,1
4,2025-08-09 11:25:45,2492400.0,6,30,Empleado,2599000,0,373271,95.227787,706.0,5,5,0.0,1625.0,1625.0,0.0,2,0,1,1558400.0,Creciente,1
4,2026-01-02 11:54:28,1646400.0,12,30,Empleado,1809000,0,137200,95.227787,768.0,1,11,0.0,32.0,32.0,0.0,0,0,0,2226810.0,Creciente,1
4,2025-02-08 11:17:24,2849280.0,12,29,Empleado,6400000,2000000,223283,95.227787,723.0,9,10,0.0,73871.0,73871.0,0.0,6,0,1,3437040.0,Creciente,1
4,2025-09-30 17:26:37,960000.0,24,28,Empleado,2710000,1659000,45226,95.227787,758.0,6,9,0.0,48311.0,48311.0,0.0,2,0,1,6143865.0,Creciente,1
4,2024-12-30 16:53:23,1972440.0,12,28,Empleado,2400000,1500000,136975,95.227787,726.0,11,6,0.0,15667.0,11131.0,0.0,6,0,4,1069989.0,Creciente,1
4,2025-06-12 09:46:10,744000.0,6,26,Empleado,2500000,0,110873,95.227787,783.0,6,14,0.0,41569.0,41569.0,0.0,4,0,1,2008077.0,Creciente,1
4,2025-04-09 11:44:12,2867760.0,12,36,Independiente,3200000,950000,225677,95.227787,811.0,4,2,0.0,36777.0,35490.0,0.0,2,0,0,,,1
9,2024-12-04 13:21:21,5582598.0,10,35,Independiente,4000000,1000000,472745,95.227787,786.0,7,3,0.0,673.0,673.0,0.0,4,1,2,,,1
4,2025-03-24 14:17:37,3420720.0,8,31,Empleado,4000000,1500000,388297,95.227787,813.0,3,6,0.0,133418.0,133418.0,0.0,3,0,0,,,1
4,2024-12-30 10:53:42,780000.0,12,24,Empleado,2300000,700000,61382,95.227787,721.0,5,8,0.0,21774.0,21774.0,0.0,2,0,1,,,1
4,2025-06-10 14:17:58,3501033.6,8,38,Independiente,20000000,8000000,399990,95.227787,804.0,14,12,0.0,278465.0,278465.0,0.0,11,0,1,950105.0,Creciente,1
4,2025-11-06 16:09:23,1200000.0,12,25,Empleado,2280000,812000,98682,95.227787,690.0,6,7,0.0,10879.0,10879.0,0.0,3,0,0,1716461.0,Creciente,1
4,2025-05-12 18:29:28,2448000.0,6,25,Empleado,3500000,700000,363925,95.227787,794.0,2,7,0.0,814.0,814.0,0.0,1,0,0,908526.0,Estable,1
4,2025-06-04 13:11:19,840000.0,8,25,Empleado,1200000,600000,95516,95.227787,722.0,6,2,0.0,87220.0,87220.0,0.0,1,0,5,1609200.0,Creciente,1
4,2025-01-11 16:03:29,2090760.0,12,28,Empleado,1500000,400000,163741,95.227787,721.0,6,2,0.0,19763.0,19763.0,0.0,2,0,1,1949111.0,Creciente,1
9,2025-03-24 10:15:26,976651.2,11,37,Empleado,2000000,800000,82735,83.231214,706.0,8,5,0.0,58535.0,57293.0,0.0,1,0,6,2938275.0,Creciente,1
4,2025-03-30 14:11:36,1027200.0,12,32,Independiente,35000000,10000000,80835,95.227787,784.0,3,9,0.0,40999.0,40999.0,0.0,2,0,0,1137808.0,Creciente,1
9,2025-03-09 16:02:59,667800.0,8,34,Empleado,1700000,400000,69589,91.028987,769.0,7,3,0.0,24999.0,24999.0,0.0,6,0,0,1513470.0,Creciente,1
4,2025-07-29 15:16:36,3360000.0,6,24,Empleado,1000000,229000,505742,95.227787,701.0,3,5,0.0,6273.0,4599.0,0.0,1,0,2,1358333.0,Creciente,1
4,2024-12-30 10:48:34,14716800.0,12,35,Independiente,14000000,3000000,1151149,74.296247,734.0,11,4,0.0,56178.0,34696.0,0.0,6,0,4,877803.0,Creciente,1
4,2025-02-27 12:32:28,1649280.0,6,33,Independiente,4100000,0,244963,95.227787,785.0,2,0,0.0,14049.0,14049.0,0.0,1,0,0,,,1
4,2025-11-17 13:23:56,2244660.0,6,28,Empleado,2890000,1522000,341325,95.227787,776.0,2,6,0.0,6000.0,6000.0,0.0,1,0,0,1433800.0,Creciente,1
4,2025-02-26 11:24:46,2984940.0,6,23,Independiente,8000000,3000000,443345,95.227787,795.0,1,4,0.0,0.0,0.0,0.0,0,0,0,,,1
9,2025-11-13 15:02:10,2175774.0,10,33,Empleado,2979000,2279000,190890,95.227787,756.0,12,13,0.0,92594.0,92594.0,0.0,6,0,3,,,1
4,2025-01-23 16:16:34,3191760.0,12,36,Empleado,1000000,400000,221650,95.227787,726.0,2,4,0.0,9741.0,9741.0,0.0,0,0,2,908526.0,Estable,1
4,2025-08-19 16:09:57,1656360.0,6,35,Empleado,6250000,2538000,248063,95.227787,827.0,6,4,0.0,6596.0,6596.0,0.0,5,1,0,4402800.0,Creciente,1
4,2025-05-05 16:23:37,2492400.0,6,25,Empleado,2500000,1000000,370526,95.227787,778.0,4,3,0.0,3088.0,3088.0,0.0,2,0,0,1390344.0,Creciente,1
4,2025-08-22 16:39:58,2559480.0,6,38,Empleado,2020000,267000,385249,85.897119,751.0,4,2,0.0,602.0,602.0,0.0,1,0,2,,,1
4,2025-01-20 18:22:12,1051081.2,12,30,Empleado,2000000,350000,72992,95.227787,808.0,2,2,0.0,676.0,676.0,0.0,0,0,1,1716274.0,Creciente,1
4,2025-04-04 14:50:55,3649999.1999999997,12,33,Independiente,7000000,1000000,287235,95.227787,794.0,8,4,0.0,61860.0,61860.0,0.0,3,0,2,939017.0,Creciente,1
4,2025-09-03 15:24:54,1710721.2,12,36,Empleado,2120000,151000,138555,95.227787,754.0,2,6,0.0,5061.0,5061.0,0.0,1,0,1,1014633.0,Creciente,1
4,2025-02-27 13:37:14,1412280.0,12,36,Empleado,1100000,350000,111093,95.227787,776.0,8,3,0.0,4597.0,4597.0,0.0,4,0,2,902469.0,Creciente,1
4,2025-06-24 18:52:02,677880.0,6,32,Independiente,1500000,500000,101190,95.227787,746.0,3,4,0.0,5191.0,5191.0,0.0,1,0,2,,,1
4,2025-01-10 18:41:11,3631332.0,24,30,Empleado,3900000,1500000,158367,95.227787,765.0,15,3,0.0,38144.0,38144.0,0.0,6,0,6,2181818.0,Creciente,1
4,2025-01-15 15:15:03,1696681.2,6,36,Empleado,1100000,450000,235650,95.227787,843.0,3,0,0.0,24746.0,24746.0,0.0,1,1,0,,,1
4,2025-07-25 17:05:43,7467600.0,36,33,Independiente,2500000,1000000,259292,6.795375,789.0,5,8,0.0,15432.0,15432.0,0.0,2,1,1,,,0
4,2025-01-10 14:43:34,959880.0,12,28,Independiente,1000000,400000,66658,95.227787,783.0,5,2,0.0,2231.0,2231.0,0.0,1,0,2,916352.0,Creciente,1
4,2025-03-30 09:41:58,2492400.0,24,34,Empleado,2000000,700000,109192,95.227787,732.0,6,9,0.0,780.0,780.0,0.0,1,0,3,713700.0,Decreciente,1
4,2025-05-02 14:13:58,1792080.0,6,37,Independiente,12000000,5000000,266415,89.2295,812.0,9,5,0.0,153888.0,147857.0,0.0,4,0,2,,,1
4,2025-03-06 11:13:38,2240101.1999999997,18,34,Empleado,1000000,600000,123984,95.227787,808.0,2,5,0.0,4778.0,1665.0,0.0,2,0,0,,,1
4,2025-03-01 16:04:37,1174080.0,8,34,Empleado,4000000,2000000,133281,95.227787,725.0,13,8,0.0,42999.0,42999.0,0.0,2,0,7,911111.0,Creciente,1
4,2025-10-06 17:21:20,1829760.0,6,34,Empleado,3300000,1682000,277303,95.227787,764.0,3,3,0.0,1897.0,1897.0,0.0,1,0,1,,,1
4,2025-01-19 18:17:58,776640.0,6,33,Empleado,2000000,500000,115152,95.227787,793.0,2,1,0.0,943.0,943.0,0.0,0,0,1,1960121.0,Decreciente,1
4,2025-01-03 10:48:49,3107748.0,12,31,Empleado,6600000,1000000,215816,95.227787,751.0,7,5,0.0,17219.0,17219.0,0.0,3,0,1,917673.0,Creciente,1
9,2025-04-25 11:55:04,1302892.8,10,30,Empleado,2700000,1700000,110795,95.227787,792.0,2,3,0.0,507.0,507.0,0.0,1,0,0,1396543.0,Decreciente,1
4,2025-01-09 18:39:32,2696282.4,12,26,Empleado,2000000,800000,187242,95.227787,754.0,3,6,0.0,55364.0,55364.0,0.0,1,1,0,1493250.0,Creciente,1
4,2024-11-28 15:35:21,2986800.0,12,26,Independiente,2700000,1000000,233877,95.227787,758.0,6,3,0.0,10498.0,10498.0,0.0,3,0,2,700000.0,Creciente,1
9,2025-03-06 17:01:35,1269000.0,8,25,Independiente,5000000,2000000,132239,65.923631,717.0,8,7,0.0,41970.0,41970.0,0.0,4,0,2,925157.0,Creciente,1
4,2025-01-24 12:39:59,1852800.0,12,25,Empleado,3000000,1200000,145105,92.428587,762.0,2,2,0.0,3848.0,3848.0,0.0,1,0,0,,,1
4,2024-12-23 15:51:49,4939200.0,8,36,Empleado,4000000,1800000,558898,90.562453,781.0,3,5,0.0,42729.0,42729.0,0.0,0,0,3,,,1
4,2025-04-14 08:48:16,3960000.0,24,29,Empleado,2500000,0,137500,-18.471029,781.0,7,7,0.0,11478.0,11478.0,0.0,5,0,0,1519351.0,Creciente,0
9,2025-05-16 14:30:38,2307183.6,9,34,Empleado,2000000,1000000,215987,95.227787,776.0,2,2,0.0,0.0,0.0,0.0,0,0,0,908526.0,Estable,1
4,2025-03-25 17:57:19,2400000.0,6,33,Empleado,2500000,300000,356709,95.227787,783.0,7,8,0.0,3246.0,3246.0,0.0,4,0,2,2101826.0,Creciente,1
4,2025-06-22 15:17:52,1459380.0,10,32,Empleado,3500000,2500000,135319,95.227787,828.0,8,5,0.0,67930.0,67930.0,0.0,5,0,1,1261217.0,Creciente,1
4,2025-01-07 15:19:28,3360721.1999999997,12,33,Independiente,7000000,3000000,233383,95.227787,792.0,13,7,0.0,142672.0,105051.0,0.0,7,0,2,844592.0,Decreciente,1
4,2025-06-11 16:52:41,2367360.0,8,26,Empleado,3000000,300000,269887,95.227787,751.0,3,1,0.0,16633.0,16633.0,0.0,0,0,1,,,1
4,2025-01-16 15:14:30,1895880.0,12,36,Independiente,2500000,600000,131658,95.227787,791.0,3,2,0.0,31.0,31.0,0.0,1,0,0,908526.0,Estable,1
4,2025-03-21 08:17:07,4383000.0,12,33,Empleado,3200000,1200000,344348,95.227787,810.0,7,6,0.0,66627.0,66627.0,0.0,4,0,1,3063595.0,Decreciente,1
4,2025-03-25 09:24:22,1560000.0,10,32,Independiente,2000000,700000,144509,91.99794,748.0,6,4,0.0,7960.0,6717.0,0.0,2,0,4,,,1
4,2025-01-06 13:22:03,1967880.0,12,30,Empleado,4500000,1500000,136658,95.227787,746.0,4,8,0.0,6523.0,6523.0,0.0,2,0,0,3940740.0,Creciente,1
4,2025-02-06 15:42:41,1560000.0,6,31,Empleado,2000000,500000,232071,95.227787,748.0,2,2,0.0,22816.0,22816.0,0.0,1,0,0,2673025.0,Creciente,1
4,2025-06-30 12:35:22,687360.0,6,33,Empleado,2000000,750000,102942,95.227787,778.0,5,7,0.0,59014.0,59014.0,0.0,3,0,0,,,1
4,2025-01-10 13:33:38,600000.0,12,23,Independiente,2500000,500000,47077,95.227787,745.0,4,4,0.0,4528.0,4528.0,0.0,0,0,2,,,1
4,2025-04-14 14:55:14,540000.0,6,36,Empleado,2600000,450000,80278,95.227787,716.0,5,4,0.0,59664.0,59664.0,0.0,3,0,0,737660.0,Creciente,1
4,2025-02-21 10:35:33,1097136.0,12,36,Empleado,2300000,600000,86445,95.227787,732.0,7,3,0.0,11306.0,11306.0,0.0,3,0,2,1008015.0,Creciente,1
4,2025-02-28 09:24:10,4938255.6,36,36,Empleado,2300000,150000,160158,95.227787,739.0,3,3,0.0,2049.0,902.0,0.0,1,0,1,1000000.0,Creciente,1
4,2025-04-25 11:39:39,924000.0,18,44,Empleado,2235000,800000,51806,95.227787,829.0,6,0,0.0,78719.0,4013.0,0.0,4,0,1,,,1
4,2025-01-13 15:13:35,720000.0,6,33,Empleado,3500000,1500000,107037,95.227787,787.0,1,2,0.0,0.0,0.0,0.0,0,0,1,1208077.0,Decreciente,1
4,2025-01-03 13:00:59,1863480.0,12,33,Empleado,2100000,150000,129408,90.562453,746.0,5,6,0.0,32483.0,32483.0,0.0,2,1,2,2269803.0,Creciente,1
4,2025-03-25 11:41:31,2159791.1999999997,8,29,Empleado,7600000,2000000,245376,67.308656,702.0,10,17,0.0,200973.0,200646.0,0.0,8,1,1,,,1
4,2025-05-12 19:14:29,1103760.0,6,28,Empleado,2000000,500000,164496,95.227787,744.0,10,2,0.0,17262.0,17262.0,0.0,3,0,1,1264278.0,Creciente,1
9,2025-02-26 11:37:40,1620428.4,9,28,Empleado,3500000,2500000,151479,95.227787,760.0,5,4,0.0,34155.0,34155.0,0.0,3,1,0,1161471.0,Creciente,1
4,2025-03-05 11:11:14,951900.0,6,27,Independiente,2000000,900000,141383,81.231786,742.0,7,2,0.0,68748.0,68748.0,0.0,5,0,0,925157.0,Creciente,1
4,2025-01-08 15:08:48,1952280.0,12,27,Independiente,2500000,520000,135575,95.227787,736.0,7,4,0.0,27131.0,27131.0,0.0,6,0,1,1848000.0,Creciente,1
4,2025-01-22 15:38:36,839880.0,12,26,Empleado,1700000,600000,58325,95.227787,718.0,4,5,0.0,2308.0,2308.0,0.0,2,0,1,954022.0,Creciente,1
4,2025-01-02 15:22:41,3340980.0,12,22,Empleado,1500000,510000,262155,95.227787,762.0,3,5,0.0,2678.0,2678.0,0.0,2,1,0,1168424.0,Decreciente,1
4,2024-11-27 18:39:07,2328480.0,24,27,Empleado,1300000,700000,101086,95.227787,719.0,4,2,0.0,10662.0,10662.0,0.0,2,0,1,1538974.0,Creciente,1
9,2025-03-07 10:56:55,2410774.8,9,34,Independiente,3000000,1500000,225361,95.227787,803.0,7,5,0.0,19043.0,17225.0,0.0,2,1,2,196847.0,Creciente,1
4,2025-09-24 14:14:49,1295880.0,6,37,Empleado,1450000,37000,195727,95.227787,836.0,1,3,0.0,37.0,37.0,0.0,1,0,0,,,1
9,2024-12-05 15:00:16,1084186.8,2,30,Independiente,5000000,2000000,427173,95.227787,670.0,8,2,0.0,181378.0,181378.0,,2,0,5,,,1
4,2025-11-06 18:44:57,2358000.0,12,28,Empleado,2440000,1418000,193328,95.227787,805.0,5,0,0.0,84578.0,84578.0,0.0,2,0,0,,,1
9,2025-04-04 18:16:37,969582.0,10,24,Empleado,2000000,0,82365,95.227787,830.0,1,6,0.0,0.0,0.0,0.0,1,0,0,2247015.0,Estable,1
9,2025-07-05 16:15:07,1371650.4,10,33,Empleado,2100000,1000000,116826,95.227787,747.0,5,3,0.0,29366.0,29366.0,0.0,3,0,0,3500000.0,Creciente,1
4,2025-01-29 15:38:07,2063640.0,18,30,Empleado,1990000,300000,114217,95.227787,786.0,9,0,0.0,27639.0,27639.0,0.0,4,1,2,2382462.0,Creciente,1
4,2024-12-29 12:31:55,3808320.0,12,29,Empleado,1200000,200000,264467,95.227787,769.0,1,3,0.0,0.0,0.0,0.0,0,0,0,1316977.0,Creciente,1
4,2025-09-01 17:22:11,2493240.0,6,28,Empleado,4200000,1978000,374709,95.227787,754.0,13,7,0.0,43767.0,43767.0,0.0,5,0,0,975052.0,Creciente,1
4,2025-01-15 14:09:56,1784280.0,12,27,Empleado,2200000,500000,123908,95.227787,800.0,1,5,0.0,2227.0,2227.0,0.0,0,1,0,923771.0,Creciente,1
4,2024-12-03 16:12:51,1251478.8,6,24,Empleado,5500000,500000,185752,95.227787,740.0,2,3,0.0,546.0,546.0,0.0,1,0,1,1028140.0,Creciente,1
4,2025-01-17 16:48:09,4423921.2,12,34,Empleado,4000000,1200000,346697,95.227787,761.0,4,1,0.0,12980.0,12980.0,0.0,2,0,1,1567948.0,Decreciente,1
4,2024-12-09 18:29:06,1542840.0,12,36,Empleado,1500000,500000,120810,95.227787,755.0,3,11,0.0,1908.0,1908.0,0.0,0,0,2,1458766.0,Creciente,1
4,2025-01-29 16:05:08,819360.0,6,32,Empleado,1200000,400000,121614,95.227787,739.0,6,3,0.0,327.0,327.0,0.0,1,0,3,618933.0,Creciente,1
4,2025-02-26 11:54:47,4943040.0,24,35,Empleado,3200000,800000,217085,95.227787,827.0,4,2,0.0,2701.0,2701.0,0.0,2,0,0,925157.0,Creciente,1
9,2025-09-30 10:56:04,626400.0,12,35,Empleado,7490000,5357000,43500,95.227787,776.0,9,10,0.0,285304.0,205427.0,0.0,8,0,0,5798154.0,Creciente,1
4,2025-01-14 15:45:43,659760.0,12,33,Empleado,2000000,150000,45817,95.227787,784.0,3,4,0.0,100178.0,100178.0,0.0,2,0,0,1971880.0,Creciente,1
4,2024-12-05 11:43:19,770280.0,8,31,Empleado,1500000,700000,87366,95.227787,734.0,7,2,0.0,13449.0,13449.0,0.0,2,1,3,1014485.0,Creciente,1
4,2025-03-25 17:30:49,480000.0,6,30,Empleado,2200000,600000,71342,90.562453,810.0,3,5,0.0,16339.0,16339.0,0.0,2,0,0,1905742.0,Creciente,1
4,2025-01-23 10:59:22,1871880.0,12,30,Empleado,1000000,600000,129992,95.227787,737.0,3,3,0.0,0.0,0.0,0.0,1,0,1,1214013.0,Creciente,1
4,2025-08-03 14:33:26,459600.0,6,29,Independiente,1000000,4799000,69178,95.227787,742.0,8,11,0.0,16892.0,16892.0,0.0,2,2,0,972557.0,Creciente,1
4,2025-09-30 16:08:58,1418160.0,6,29,Empleado,3320000,1376000,214197,95.227787,805.0,4,0,0.0,67666.0,67666.0,0.0,3,0,0,2567848.0,Creciente,1
4,2025-01-07 16:49:38,1689480.0,12,27,Empleado,1600000,700000,117325,95.227787,817.0,3,3,0.0,74155.0,74155.0,0.0,2,0,1,1439365.0,Decreciente,1
6,2025-01-11 16:13:36,1581060.0,6,31,Empleado,1400000,600000,234027,95.227787,757.0,2,3,0.0,30.0,30.0,0.0,0,0,0,1150000.0,Creciente,1
4,2025-03-13 14:06:51,7872000.0,8,35,Independiente,15000000,7000000,894406,95.227787,772.0,5,4,0.0,29703.0,3235.0,0.0,2,2,1,920115.0,Creciente,1
4,2024-12-29 17:27:36,6828866.399999999,12,32,Independiente,2800000,1300000,534155,25.395492,791.0,6,3,0.0,46581.0,23426.0,0.0,2,3,1,,,0
4,2024-12-13 18:42:06,2645760.0,12,24,Empleado,2200000,600000,206824,95.227787,757.0,8,4,0.0,26913.0,26913.0,0.0,1,0,4,1850743.0,Creciente,1
4,2025-04-25 19:54:41,1080000.0,6,28,Empleado,3150000,1000000,160555,95.227787,782.0,3,1,0.0,89.0,89.0,0.0,2,0,0,1190710.0,Creciente,1
4,2025-09-02 17:22:13,514080.0,6,32,Empleado,3140000,1166000,77910,95.227787,735.0,10,9,0.0,20340.0,20340.0,0.0,2,1,1,1924302.0,Creciente,1
6,2025-01-23 14:16:54,3269893.1999999997,36,23,Empleado,1500000,0,107223,-4.258677,773.0,1,5,0.0,0.0,0.0,0.0,1,0,0,832815.0,Creciente,0
4,2025-12-05 14:05:34,3549121.1999999997,18,32,Empleado,2958000,1330000,211063,95.227787,796.0,5,5,0.0,24570.0,24570.0,0.0,5,0,0,1408511.0,Creciente,1
4,2025-04-14 16:04:16,2099340.0,10,36,Independiente,11000000,7000000,194265,91.728786,775.0,6,6,0.0,157769.0,157769.0,0.0,5,0,1,2240000.0,Creciente,1
9,2025-04-25 15:40:50,878880.0,3,30,Independiente,5000000,2000000,233328,84.730786,719.0,4,10,0.0,473.0,473.0,0.0,0,0,1,30285.0,Estable,1
4,2025-03-04 15:53:16,1902000.0,10,29,Independiente,3000000,1000000,175991,95.227787,756.0,5,3,0.0,74178.0,74178.0,0.0,1,0,3,1287078.0,Decreciente,1
4,2025-05-06 11:30:05,1024560.0,10,34,Empleado,1253000,120000,95309,95.227787,836.0,4,4,0.0,271.0,271.0,0.0,1,0,1,1171276.0,Creciente,1
4,2025-02-02 11:56:22,5919600.0,12,35,Independiente,12000000,6000000,463032,95.227787,829.0,7,4,0.0,84855.0,84855.0,0.0,3,0,1,3786252.0,Creciente,1
4,2025-01-21 14:54:38,1199880.0,6,34,Empleado,9000000,3500000,166650,95.227787,865.0,5,4,0.0,179841.0,177095.0,0.0,3,0,0,11047055.0,Creciente,1
4,2025-06-26 13:46:22,4923720.0,6,33,Independiente,12000000,5000000,737395,95.227787,765.0,11,3,0.0,269741.0,269741.0,0.0,7,0,2,977131.0,Creciente,1
4,2025-01-09 13:45:23,5450880.0,12,31,Independiente,4500000,1600000,378533,95.227787,760.0,6,11,0.0,25901.0,25901.0,0.0,2,0,1,1784754.0,Decreciente,1
4,2025-02-22 17:05:10,2739540.0,18,30,Empleado,1500000,300000,151609,95.227787,824.0,3,2,0.0,0.0,0.0,0.0,1,0,0,1050520.0,Estable,1
4,2025-06-13 14:10:02,1728000.0,6,31,Independiente,3000000,1500000,257931,95.227787,790.0,3,8,0.0,51488.0,51488.0,0.0,3,0,0,,,1
4,2025-05-30 10:54:15,1802400.0,12,28,Independiente,4000000,3000000,142888,95.227787,802.0,4,7,0.0,10387.0,10387.0,0.0,3,0,1,2051044.0,Creciente,1
4,2025-01-06 15:32:51,1655760.0,12,35,Empleado,1200000,200000,114983,95.227787,740.0,2,2,0.0,655.0,655.0,0.0,0,0,1,1399734.0,Decreciente,1
4,2025-01-28 15:26:32,2448000.0,6,30,Independiente,3000000,1500000,363578,95.227787,834.0,5,4,0.0,10853.0,10853.0,0.0,4,0,0,863410.0,Estable,1
4,2025-03-17 16:23:20,871080.0,8,29,Independiente,1000000,200000,98971,95.227787,780.0,3,6,0.0,5154.0,5154.0,0.0,2,0,1,,,1
4,2026-02-17 15:27:29,2591880.0,12,26,Independiente,4582000,2407000,216988,95.227787,782.0,6,10,0.0,42830.0,42830.0,0.0,2,2,1,2252261.0,Decreciente,1
4,2024-12-17 16:19:59,2563078.8,12,23,Empleado,1600000,300000,201102,95.227787,814.0,5,1,0.0,2100.0,2100.0,0.0,1,0,2,1697342.0,Creciente,1
4,2025-10-11 17:50:24,1710000.0,12,34,Independiente,2320000,475000,139340,95.227787,740.0,6,6,0.0,10622.0,10622.0,0.0,2,1,1,1221048.0,Creciente,1
4,2024-12-28 16:54:14,3153624.0,36,34,Empleado,1500000,0,102745,95.227787,739.0,7,4,0.0,23282.0,23282.0,0.0,3,0,2,1183410.0,Estable,1
4,2025-04-21 10:33:53,1195200.0,6,31,Independiente,3000000,1000000,177681,74.233787,752.0,5,14,0.0,3138.0,3138.0,0.0,3,0,0,423979.0,Estable,1
4,2025-06-05 10:57:39,4273680.0,24,31,Empleado,5200000,1000000,190400,95.227787,797.0,2,5,0.0,132383.0,94321.0,0.0,2,0,0,3187500.0,Creciente,1
4,2025-01-02 17:31:18,3574999.1999999997,8,30,Independiente,3000000,1500000,404531,95.227787,774.0,2,7,0.0,38960.0,38960.0,0.0,1,0,0,,,1
9,2025-05-22 11:05:53,878880.0,2,26,Independiente,5000000,2000000,346790,95.227787,694.0,4,7,0.0,2591.0,2591.0,0.0,2,0,1,2583814.0,Creciente,1
4,2024-12-21 11:35:25,764450.4,6,36,Independiente,2500000,0,113490,95.227787,773.0,10,10,0.0,5209.0,5209.0,0.0,2,0,2,,,1
4,2025-06-11 18:12:38,2019600.0,6,38,Empleado,3000000,1000000,300375,95.227787,790.0,9,3,0.0,31916.0,31916.0,0.0,4,0,2,,,1
4,2025-08-07 07:01:37,2448000.0,12,27,Empleado,1000001,147000,195247,95.227787,777.0,6,8,0.0,3467.0,3467.0,0.0,2,0,2,1069739.0,Creciente,1
4,2025-04-07 12:35:02,8012499.6,12,28,Independiente,25000000,8000000,630539,95.227787,730.0,14,7,0.0,235496.0,235496.0,0.0,10,0,1,,,1
4,2026-01-18 16:09:43,1872000.0,12,27,Empleado,1751000,281000,155773,95.227787,685.0,4,2,0.0,2337.0,2337.0,0.0,2,0,1,1115666.0,Creciente,1
4,2024-12-27 12:28:04,1780800.0,6,34,Independiente,2000000,300000,263833,88.229786,732.0,3,4,0.0,2374.0,2374.0,0.0,1,0,1,47548.0,Estable,1
4,2024-12-25 15:53:39,2108280.0,12,32,Empleado,1100000,300000,165418,95.227787,749.0,2,11,0.0,614.0,614.0,0.0,0,0,2,1073239.0,Decreciente,1
4,2025-01-11 18:53:02,6078722.399999999,12,28,Empleado,2800000,1000000,422134,95.227787,783.0,7,4,0.0,11610.0,11610.0,0.0,6,0,0,2033378.0,Decreciente,1
4,2025-01-05 16:00:27,2015880.0,12,34,Empleado,1300000,650000,139992,95.227787,734.0,5,4,0.0,5441.0,5441.0,0.0,2,1,2,1283936.0,Creciente,1
4,2025-01-11 18:40:24,3504000.0,8,34,Independiente,5000000,1500000,396550,67.308656,755.0,4,3,0.0,13523.0,13523.0,0.0,1,0,2,,,1
4,2025-01-21 11:44:28,2160000.0,6,36,Empleado,2900000,450000,320380,95.227787,810.0,6,2,0.0,43378.0,43378.0,0.0,4,0,0,3387149.0,Creciente,1
4,2025-03-21 12:12:14,2237760.0,6,36,Independiente,1200000,400000,332578,95.227787,817.0,3,2,0.0,1205.0,1205.0,0.0,2,1,0,,,1
4,2025-03-06 19:01:38,2399880.0,12,34,Independiente,3500000,1000000,188779,95.227787,793.0,6,5,0.0,65725.0,65725.0,0.0,4,0,0,925157.0,Creciente,1
4,2025-01-10 08:19:39,2435880.0,12,34,Empleado,1600000,600000,169158,95.227787,730.0,7,9,0.0,4386.0,4386.0,0.0,4,0,1,916148.0,Creciente,1
4,2024-12-23 17:08:57,3076800.0,6,34,Independiente,7000000,4000000,455888,95.227787,731.0,8,7,0.0,14392.0,14392.0,0.0,1,2,2,688965.0,Decreciente,1
4,2024-12-17 09:47:25,3594000.0,10,33,Independiente,12000000,5000000,331333,95.227787,792.0,8,2,0.0,39899.0,39899.0,0.0,5,0,0,,,1
4,2025-08-10 15:08:57,858384.0,6,32,Empleado,1504479,562000,128566,95.227787,805.0,1,3,0.0,24927.0,24927.0,0.0,1,0,0,1509975.0,Creciente,1
4,2025-07-11 13:21:57,2346720.0,24,32,Empleado,6500000,1000000,105720,95.227787,810.0,6,7,0.0,68189.0,68189.0,0.0,3,0,2,,,1
4,2025-04-24 12:01:55,6043980.0,36,32,Empleado,5000000,800000,196019,95.227787,747.0,5,5,0.0,16095.0,16095.0,0.0,4,0,0,1697488.0,Creciente,1
4,2025-08-30 16:53:37,1412400.0,12,31,Empleado,1560000,694000,112668,95.227787,709.0,8,0,0.0,6362.0,6362.0,0.0,1,0,3,922222.0,Creciente,1
9,2025-01-24 18:37:57,6586976.399999999,10,29,Empleado,4000000,1500000,558677,91.99794,795.0,21,13,0.0,257142.0,257142.0,0.0,8,1,8,1333333.0,Creciente,1
4,2025-01-20 15:36:14,2120160.0,12,29,Empleado,2500000,1000000,147233,95.227787,792.0,1,5,0.0,0.0,0.0,0.0,1,0,0,916148.0,Creciente,1
4,2025-02-08 12:44:21,1695480.0,24,29,Empleado,2200000,800000,74290,95.227787,760.0,6,8,0.0,11663.0,11663.0,0.0,3,0,1,2257105.0,Decreciente,1
4,2025-02-05 16:11:20,2206561.1999999997,12,29,Empleado,5000000,2500000,173357,95.227787,781.0,3,4,0.0,165.0,165.0,0.0,0,0,1,1016066.0,Creciente,1
4,2025-04-06 17:55:38,2778000.0,10,29,Empleado,2600000,500000,257065,95.227787,783.0,8,5,0.0,30404.0,30404.0,0.0,7,0,1,2570276.0,Creciente,1
4,2025-03-23 15:25:19,1917600.0,6,27,Independiente,15000000,6200000,285010,65.923631,714.0,10,7,0.0,37841.0,37841.0,0.0,6,0,1,994552.0,Creciente,1
4,2025-11-28 13:28:30,1119180.0,6,27,Empleado,1410000,0,170173,95.227787,803.0,2,5,0.0,0.0,0.0,0.0,2,0,0,3000000.0,Estable,1
4,2025-01-22 17:27:37,3269640.0,12,26,Empleado,2000000,800000,227058,95.227787,710.0,4,2,0.0,165.0,165.0,0.0,0,0,2,1887918.0,Creciente,1
9,2025-08-10 09:57:51,4493617.2,6,29,Independiente,1000000,196000,621726,95.227787,811.0,4,2,0.0,91997.0,80013.0,0.0,1,1,1,972557.0,Creciente,1
4,2025-06-08 15:45:36,7728000.0,6,29,Independiente,8000000,3000000,1153527,89.979287,748.0,6,5,0.0,16839.0,16839.0,0.0,3,0,2,1000000.0,Estable,1
4,2024-11-28 18:54:46,2160000.0,18,23,Empleado,1500000,200000,119011,95.227787,717.0,5,7,0.0,6036.0,6036.0,0.0,2,0,1,908526.0,Decreciente,1
4,2025-01-04 12:54:10,3236043.6,12,33,Empleado,3046000,900000,224725,95.227787,764.0,3,5,0.0,100273.0,100273.0,0.0,2,1,0,3123876.0,Creciente,1
4,2025-03-26 18:49:29,1823761.2,24,25,Empleado,1050000,480000,80081,95.227787,745.0,5,5,0.0,1541.0,1541.0,0.0,3,0,2,1121331.0,Creciente,1
4,2025-02-03 17:25:38,1391880.0,24,23,Empleado,1250000,300000,60988,95.227787,765.0,4,5,0.0,2208.0,2208.0,0.0,2,0,0,1244753.0,Creciente,1
9,2025-05-10 10:43:10,821208.0,3,34,Independiente,5000000,2000000,218017,95.227787,768.0,12,13,0.0,60543.0,60543.0,0.0,8,0,2,1651752.0,Creciente,1
4,2024-12-05 15:59:27,1437480.0,18,31,Empleado,1100000,500000,79419,95.227787,761.0,5,5,0.0,31785.0,1317.0,0.0,1,1,2,963377.0,Creciente,1
4,2025-03-17 11:15:52,1290000.0,12,31,Independiente,3000000,1200000,101474,95.227787,704.0,3,8,0.0,2663.0,2663.0,0.0,1,0,0,,,1
4,2025-02-04 11:14:42,2234280.0,12,31,Empleado,3700000,1000000,175535,95.227787,778.0,3,4,0.0,4866.0,4866.0,0.0,2,1,0,908526.0,Creciente,1
9,2025-03-13 14:46:18,821208.0,5,27,Independiente,5000000,2000000,133186,95.227787,729.0,6,3,0.0,61304.0,61304.0,0.0,4,0,1,923771.0,Creciente,1
4,2025-04-25 15:23:06,732000.0,10,36,Empleado,1500000,400000,67832,95.227787,746.0,4,2,0.0,2000.0,2000.0,0.0,0,0,0,1040008.0,Creciente,1
4,2025-01-06 13:56:09,2898842.4,12,35,Empleado,7200000,2900000,201309,95.227787,811.0,13,9,0.0,188162.0,188162.0,0.0,5,3,1,4280000.0,Decreciente,1
4,2025-02-25 10:10:14,3686598.0,6,35,Independiente,8000000,2000000,547934,95.227787,815.0,5,5,0.0,28050.0,28050.0,0.0,2,1,1,30285.0,Creciente,1
4,2025-02-09 12:00:10,1088659.2,6,29,Independiente,2000000,1000000,161696,95.227787,774.0,6,2,0.0,10261.0,10261.0,0.0,1,2,0,,,1
4,2025-07-30 12:36:55,2231880.0,6,27,Empleado,908527,962000,335939,95.227787,748.0,5,6,0.0,4474.0,4474.0,0.0,2,0,2,837596.0,Creciente,1
9,2025-02-27 14:38:00,3120753.6,11,35,Empleado,4180000,2000000,243080,95.227787,790.0,4,1,0.0,20889.0,20889.0,0.0,0,0,2,1864210.0,Decreciente,1
4,2025-11-24 14:49:29,4347000.0,12,28,Empleado,3520000,249000,361755,95.227787,707.0,6,9,0.0,1260.0,1260.0,0.0,2,0,2,2839545.0,Creciente,1
9,2025-05-18 11:05:20,2409705.6,10,26,Empleado,2000000,625000,205132,95.227787,730.0,4,3,0.0,15893.0,15893.0,0.0,1,0,1,922222.0,Creciente,1
4,2025-02-22 08:39:42,4156700.4,12,30,Independiente,6000000,1000000,326568,-4.727537,762.0,4,3,0.0,24770.0,24770.0,0.0,2,1,0,939017.0,Creciente,0
4,2025-05-25 12:02:43,1325880.0,6,28,Empleado,1500000,500000,197586,95.227787,838.0,4,3,0.0,1847.0,1847.0,0.0,1,0,0,1352706.0,Creciente,1
4,2025-03-05 12:59:25,3364947.6,6,26,Independiente,6000000,1000000,500102,84.730786,735.0,7,3,0.0,42683.0,42683.0,0.0,3,0,4,,,1
4,2024-12-26 17:43:31,3095640.0,12,26,Empleado,1300000,180000,242904,95.227787,761.0,2,5,0.0,511.0,511.0,0.0,0,0,2,658429.0,Creciente,1
4,2025-01-06 17:17:38,1199760.0,12,37,Empleado,3000000,1000000,83317,95.227787,729.0,4,7,0.0,9752.0,324.0,0.0,1,0,1,,,1
4,2025-05-10 17:19:02,6798960.0,6,36,Independiente,8000000,900000,1010809,-16.250449,893.0,5,5,0.0,186002.0,186002.0,0.0,3,0,1,,,0
4,2025-03-05 16:01:11,2092322.4,12,31,Empleado,2000000,600000,164586,95.227787,770.0,3,0,0.0,5163.0,0.0,0.0,0,1,1,2790561.0,Creciente,1
4,2025-12-02 16:30:50,1552501.2,6,34,Independiente,2969000,9946000,236859,95.227787,801.0,4,1,0.0,14795.0,14795.0,0.0,2,0,1,,,1
4,2025-06-12 18:57:42,1920961.2,6,31,Empleado,2000000,200000,286734,95.227787,811.0,1,3,0.0,0.0,0.0,0.0,1,0,0,2091000.0,Creciente,1
4,2024-12-07 10:26:20,3116400.0,12,28,Empleado,3400000,1500000,244025,95.227787,767.0,5,3,0.0,36399.0,31714.0,0.0,3,1,0,2772750.0,Creciente,1
4,2025-10-07 18:12:14,3646320.0,6,32,Empleado,3510000,381000,551436,95.227787,827.0,7,3,0.0,6094.0,6094.0,0.0,4,0,0,4689421.0,Creciente,1
4,2025-01-11 08:17:27,2797680.0,6,32,Empleado,2900000,500000,414963,95.227787,760.0,3,5,0.0,3922.0,3922.0,0.0,1,0,0,1582452.0,Decreciente,1
4,2025-05-06 17:36:41,780778.7999999999,6,27,Empleado,2200000,600000,116072,95.227787,737.0,2,13,0.0,364.0,364.0,0.0,1,0,0,2170982.0,Decreciente,1
4,2025-08-28 18:31:50,2856360.0,8,26,Empleado,1840000,520000,327704,95.227787,801.0,1,6,0.0,344.0,344.0,0.0,1,0,0,1800000.0,Estable,1
4,2025-04-01 17:24:59,4671121.2,24,36,Empleado,13000000,4000000,205299,95.227787,789.0,13,7,0.0,194229.0,194229.0,0.0,9,0,0,9507321.0,Creciente,1
4,2025-02-17 18:38:52,1404831.5999999999,12,36,Empleado,2500000,1000000,110370,95.227787,756.0,4,5,0.0,3812.0,3812.0,0.0,1,0,3,869760.0,Creciente,1
4,2025-03-15 09:51:00,2136000.0,6,29,Independiente,4000000,1000000,317471,95.227787,717.0,8,11,0.0,53246.0,53246.0,0.0,5,0,1,445185.0,Decreciente,1
4,2025-02-15 11:30:56,1199880.0,12,35,Independiente,1100000,300000,94268,95.227787,741.0,5,4,0.0,7001.0,7001.0,0.0,0,1,4,,,1
4,2025-03-11 18:37:11,2570160.0,18,31,Empleado,2500000,500000,142505,95.227787,711.0,6,7,0.0,1579.0,1579.0,0.0,2,0,2,925157.0,Creciente,1
4,2025-01-22 15:21:44,3051660.0,12,36,Empleado,5000000,2000000,238995,95.227787,774.0,2,3,0.0,57308.0,57308.0,0.0,1,0,0,6038669.0,Creciente,1
4,2025-05-27 17:01:42,1823760.0,24,34,Empleado,2000000,750000,81252,95.227787,793.0,7,6,0.0,13598.0,13598.0,0.0,5,0,0,,,1
4,2025-05-17 16:34:30,816000.0,6,34,Empleado,2001000,0,121801,95.227787,796.0,1,7,0.0,544.0,544.0,0.0,0,0,1,2141177.0,Creciente,1
9,2024-11-29 17:24:06,1084186.8,2,32,Independiente,5000000,2000000,427173,95.227787,847.0,4,0,0.0,4636.0,4636.0,,1,0,3,,,1
4,2025-01-14 17:09:25,7196640.0,12,32,Empleado,4500000,1000000,499767,95.227787,828.0,5,2,0.0,1233.0,1233.0,0.0,2,0,0,3000000.0,Estable,1
4,2024-12-15 14:56:37,1729080.0,12,31,Independiente,1100000,250000,135675,95.227787,780.0,2,1,0.0,0.0,0.0,0.0,0,0,1,,,1
4,2025-05-25 15:28:32,372000.0,6,30,Empleado,1500000,0,55527,95.227787,788.0,4,2,0.0,2121.0,2121.0,0.0,2,0,2,1663580.0,Creciente,1
4,2025-05-03 17:58:46,3347640.0,10,30,Independiente,1900000,400000,311411,95.227787,843.0,4,2,0.0,209.0,209.0,0.0,2,0,0,,,1
4,2025-08-14 17:11:48,2400000.0,6,28,Empleado,2280000,666000,362024,95.227787,846.0,4,6,0.0,26247.0,26247.0,0.0,2,0,0,,,1
4,2025-04-21 13:59:59,2135760.0,6,25,Independiente,3000000,7000000,317507,95.227787,773.0,3,2,0.0,5506.0,5506.0,0.0,2,0,0,939017.0,Creciente,1
4,2025-07-16 14:39:12,1290480.0,6,34,Independiente,10000000,4500000,191322,95.227787,719.0,8,6,0.0,44078.0,30203.0,0.0,1,1,3,,,1
4,2025-01-21 14:08:30,1572000.0,12,31,Independiente,3000000,500000,122939,95.227787,759.0,3,8,0.0,8651.0,8651.0,0.0,2,1,0,,,1
4,2025-05-18 12:48:41,2592000.0,6,35,Independiente,3000000,0,386897,95.227787,829.0,7,14,0.0,31434.0,31434.0,0.0,4,0,0,,,1
4,2024-12-15 13:28:07,622214.4,6,35,Independiente,3000000,400000,92374,95.227787,748.0,2,2,0.0,235.0,235.0,0.0,0,0,1,,,1
4,2025-06-03 12:10:05,1451760.0,6,30,Empleado,3500000,1000000,216698,95.227787,757.0,4,3,0.0,72701.0,72701.0,0.0,1,1,0,3640085.0,Decreciente,1
4,2025-01-20 08:19:56,3962460.0,12,33,Empleado,3000000,700000,310533,62.323624,720.0,7,9,0.0,23805.0,23805.0,0.0,2,0,2,908526.0,Estable,0
4,2025-01-02 11:59:36,1103880.0,6,34,Empleado,4600000,1000000,153317,95.227787,810.0,4,4,0.0,5627.0,35.0,0.0,1,0,1,4482369.0,Creciente,1
4,2025-02-27 17:48:25,3447360.0,6,32,Independiente,6000000,2000000,512027,95.227787,730.0,6,6,0.0,7258.0,7258.0,0.0,3,0,3,1300000.0,Estable,1
4,2025-12-15 09:31:53,923520.0,12,28,Empleado,3329000,1006000,76680,95.227787,772.0,5,7,0.0,18441.0,18441.0,0.0,2,0,3,1648976.0,Creciente,1
4,2025-03-24 14:58:16,1415880.0,6,27,Empleado,1800000,0,210440,95.227787,786.0,2,2,0.0,856.0,856.0,0.0,0,0,1,,,1
4,2026-01-08 15:57:52,1236000.0,12,36,Empleado,0,0,103000,95.227787,912.0,5,2,0.0,4165.0,4165.0,,1,0,2,1350222.0,,1
4,2025-01-23 19:06:40,1832280.0,12,34,Independiente,2500000,300000,127242,95.227787,756.0,6,3,0.0,8208.0,8208.0,0.0,3,0,0,916841.0,Creciente,1
4,2025-05-24 16:40:05,4441920.0,12,34,Empleado,5000000,4000000,351137,95.227787,785.0,27,8,0.0,5116066.0,498637.0,0.0,19,0,4,4500000.0,Estable,1
4,2025-03-11 11:29:11,3276840.0,36,32,Empleado,4750000,2000000,106298,95.227787,732.0,8,8,0.0,39730.0,39730.0,0.0,3,0,1,3675000.0,Creciente,1
4,2025-06-23 16:13:26,3840000.0,6,32,Independiente,6000000,4000000,573181,79.482286,718.0,4,5,0.0,28292.0,28292.0,0.0,3,0,0,946666.0,Creciente,1
4,2025-03-07 08:15:32,2492400.0,6,30,Empleado,30000000,6000000,370189,95.227787,777.0,6,3,0.0,36095.0,36095.0,0.0,6,0,0,933473.0,Creciente,1
4,2024-12-09 19:05:53,1873080.0,24,29,Empleado,3000000,0,81884,88.229786,750.0,4,5,0.0,14638.0,14638.0,0.0,2,0,2,1218449.0,Decreciente,1
4,2025-02-04 09:05:03,2392560.0,18,28,Empleado,2000000,790000,132186,95.227787,843.0,1,1,0.0,803.0,803.0,0.0,1,0,0,2188251.0,Creciente,1
4,2026-03-25 13:18:21,3197880.0,12,28,Empleado,2250000,483000,267359,95.227787,795.0,7,1,0.0,11667.0,11667.0,0.0,3,0,3,1565045.0,Creciente,1
4,2025-07-01 18:13:32,3632400.0,8,27,Empleado,3300000,1100000,411388,95.227787,787.0,2,10,0.0,2399.0,2399.0,0.0,0,0,1,,,1
4,2025-01-06 16:52:08,1318980.0,18,32,Independiente,2000000,120000,72742,72.892484,780.0,3,5,0.0,4541.0,4541.0,0.0,2,0,0,,,1
4,2025-03-08 18:44:50,2992080.0,12,31,Empleado,3000000,1200000,235052,92.228643,763.0,10,3,0.0,2547.0,2547.0,0.0,1,0,6,2952911.0,Creciente,1
4,2025-01-18 08:08:25,1960680.0,12,25,Empleado,2500000,600000,136158,95.227787,740.0,3,4,0.0,17987.0,17987.0,0.0,0,0,1,939017.0,Creciente,1
4,2025-01-20 10:36:30,3343500.0,36,32,Empleado,5200000,2000000,107565,95.227787,721.0,13,8,0.0,217520.0,217520.0,0.0,8,0,2,5533245.0,Decreciente,1
4,2025-04-23 09:51:02,2708278.8,8,35,Empleado,8000000,3500000,307800,95.227787,825.0,8,6,0.0,37119.0,37119.0,0.0,8,0,0,7250000.0,Creciente,1
4,2024-12-26 10:30:43,4855200.0,6,35,Independiente,8000000,6000000,719318,8.591441,805.0,3,2,0.0,34996.0,34996.0,0.0,1,0,0,,,0
4,2026-01-20 11:01:52,444000.0,6,35,Independiente,2215000,836000,68072,95.227787,684.0,10,7,0.0,6568.0,4242.0,0.0,4,0,2,780000.0,Decreciente,1
4,2025-05-22 16:49:36,3090600.0,6,32,Empleado,7000000,2000000,459456,95.227787,867.0,3,4,0.0,2003.0,2003.0,0.0,3,0,0,9385072.0,Creciente,1
4,2025-09-18 12:00:12,1200000.0,6,32,Independiente,1830000,165000,181245,95.227787,774.0,2,5,0.0,407.0,407.0,0.0,1,0,0,,,1
4,2025-05-09 12:26:37,887880.0,6,31,Independiente,1200000,500000,132322,95.227787,839.0,5,2,0.0,45.0,45.0,0.0,4,0,0,,,1
4,2025-03-28 16:05:13,3745200.0,36,31,Empleado,3500000,250000,122018,95.227787,797.0,4,2,0.0,70.0,70.0,0.0,3,0,0,736666.0,Creciente,1
4,2025-06-22 12:37:57,6000000.0,6,31,Empleado,13000000,5000000,895644,95.227787,781.0,4,3,0.0,313851.0,64134.0,0.0,3,0,0,7636364.0,Estable,1
4,2025-05-21 16:55:33,838800.0,6,23,Empleado,1500000,500000,124698,95.227787,780.0,3,2,0.0,938.0,938.0,0.0,0,1,0,1000000.0,Creciente,1
4,2025-12-05 14:56:31,600000.0,6,36,Independiente,3538000,511000,91634,95.227787,816.0,3,2,0.0,18230.0,18230.0,0.0,0,2,0,1437657.0,Estable,1
4,2025-03-07 09:11:46,1500000.0,6,36,Independiente,4000000,1000000,222943,95.227787,776.0,2,0,0.0,21461.0,21461.0,0.0,0,1,0,,,1
4,2025-08-30 16:00:39,1392000.0,6,31,Independiente,3410000,668000,210244,95.227787,771.0,6,3,0.0,41519.0,27680.0,0.0,2,2,1,,,1
4,2025-07-22 16:27:03,2121600.0,12,35,Empleado,3660000,980000,170362,95.227787,782.0,8,5,0.0,58998.0,58998.0,0.0,5,0,1,,,1
4,2024-12-09 11:07:25,1542840.0,12,27,Empleado,1200000,400000,120810,95.227787,740.0,2,3,0.0,288.0,288.0,0.0,1,0,1,908526.0,Estable,1
4,2025-05-26 13:22:31,2417760.0,6,24,Empleado,2000000,600000,360301,95.227787,744.0,4,3,0.0,28329.0,28329.0,0.0,3,0,1,666253.0,Creciente,1
4,2025-01-27 14:49:48,1526400.0,12,30,Empleado,2000000,1200000,119921,95.227787,733.0,3,2,0.0,22136.0,22136.0,0.0,2,0,0,258467.0,Decreciente,1
4,2025-06-26 09:42:18,7080000.0,36,28,Empleado,2000000,0,243085,-18.471029,753.0,6,7,0.0,6974.0,6974.0,0.0,3,0,1,917604.0,Creciente,0
4,2024-12-07 16:08:46,2696640.0,12,27,Empleado,1900000,800000,211156,81.231786,772.0,2,2,0.0,8624.0,8624.0,0.0,1,0,1,933011.0,Decreciente,1
4,2024-12-17 09:05:24,4747796.399999999,36,36,Independiente,3000000,0,153680,-18.471029,432.0,15,8,576.0,61288.0,61288.0,0.0,6,0,5,918689.0,Creciente,0
9,2025-05-09 16:58:15,1269000.0,2,34,Independiente,5000000,2000000,500578,95.227787,777.0,7,8,0.0,67906.0,25521.0,0.0,2,4,0,1067087.0,Creciente,1
4,2025-09-27 13:26:37,1967760.0,6,36,Independiente,2970000,2580000,298217,95.227787,762.0,21,7,0.0,23388.0,23388.0,0.0,6,1,11,1000000.0,Creciente,1
4,2025-07-30 14:45:58,4637400.0,36,34,Empleado,1000000,536000,160193,95.227787,764.0,3,9,0.0,22510.0,22510.0,0.0,3,0,0,966736.0,Creciente,1
9,2025-05-08 18:52:24,1543287.5999999999,9,34,Independiente,8000000,3000000,147616,95.227787,831.0,5,2,0.0,26076.0,26076.0,0.0,3,0,0,12600223.0,Creciente,1
4,2025-09-15 11:09:57,9892800.0,6,34,Independiente,5810000,3987000,1494184,95.227787,717.0,7,7,0.0,211751.0,211751.0,0.0,2,1,1,977131.0,Creciente,1
4,2024-12-02 15:30:04,1603200.0,12,30,Independiente,1500000,500000,125798,95.227787,769.0,2,7,0.0,610.0,610.0,0.0,0,0,2,,,1
4,2025-04-25 15:17:09,1571880.0,10,30,Empleado,2200000,850000,145674,95.227787,809.0,4,7,0.0,536.0,536.0,0.0,1,0,1,2995394.0,Creciente,1
4,2025-06-27 15:02:48,1556280.0,6,30,Empleado,3500000,900000,233074,95.227787,718.0,5,6,0.0,44365.0,44365.0,0.0,1,0,3,4525521.0,Creciente,1
9,2026-03-14 15:44:16,4093780.8,10,32,Empleado,10266000,8641000,366997,95.227787,777.0,9,11,0.0,366939.0,366939.0,0.0,4,0,1,1431181.0,Creciente,1
4,2025-11-24 12:57:08,1927200.0,6,28,Empleado,1490000,121000,293052,95.227787,756.0,2,2,0.0,3064.0,3064.0,0.0,0,0,2,1337500.0,Creciente,1
4,2024-12-23 13:59:13,1298400.0,12,23,Empleado,2500000,500000,101937,95.227787,777.0,2,7,0.0,25560.0,25560.0,0.0,1,0,0,,,1
4,2025-03-20 15:32:37,7360824.0,12,33,Independiente,10000000,2000000,578962,95.227787,757.0,3,3,0.0,1631.0,1631.0,0.0,2,0,1,,,1
4,2024-12-25 12:52:32,1333081.2,12,32,Empleado,2000000,400000,104602,95.227787,743.0,9,5,0.0,36352.0,36352.0,0.0,4,3,2,1566753.0,Creciente,1
9,2025-03-17 14:27:58,1777957.2,12,30,Empleado,1700000,700000,123469,95.227787,732.0,8,15,0.0,11984.0,11984.0,0.0,7,0,0,469405.0,Creciente,1
9,2025-04-16 16:46:09,878880.0,5,30,Independiente,5000000,2000000,142664,95.227787,810.0,23,10,0.0,158098.0,126698.0,0.0,8,6,7,908526.0,Estable,1
4,2025-06-17 11:09:40,8448000.0,8,27,Independiente,35000000,10000000,965108,91.028987,838.0,8,6,0.0,90695.0,90695.0,0.0,6,0,0,1300000.0,Estable,1
4,2025-05-11 18:52:42,1578360.0,12,27,Empleado,2100000,600000,124222,95.227787,744.0,10,4,0.0,13714.0,13714.0,0.0,4,0,2,802530.0,Decreciente,1
4,2025-03-23 17:40:00,841200.0,8,29,Empleado,2800000,1000000,95576,95.227787,866.0,8,0,0.0,3726.0,3726.0,,1,0,5,,,1
4,2025-07-26 13:06:32,4345620.0,12,27,Empleado,2946860,1780000,340277,95.227787,770.0,3,7,0.0,57044.0,57044.0,0.0,2,0,0,3005552.0,Decreciente,1
4,2025-04-26 16:37:32,4152000.0,6,31,Independiente,15000000,6000000,618781,95.227787,791.0,7,2,0.0,19157.0,19157.0,0.0,2,0,4,2447600.0,Creciente,1
4,2025-06-06 12:20:26,894370.7999999999,12,30,Empleado,1240000,0,70903,95.227787,800.0,1,2,0.0,0.0,0.0,0.0,0,0,1,1164752.0,Creciente,1
4,2025-01-15 17:34:29,1307520.0,12,26,Empleado,3000000,1200000,102400,75.691683,716.0,9,5,0.0,4313.0,4313.0,0.0,2,1,5,955555.0,Creciente,1
4,2025-07-22 10:12:35,1182000.0,6,29,Empleado,2630000,1448000,177021,95.227787,772.0,5,10,0.0,97721.0,97721.0,0.0,3,0,1,,,1
4,2024-12-24 14:21:37,1799880.0,18,30,Empleado,3000000,100000,99519,95.227787,742.0,3,4,0.0,50079.0,50079.0,0.0,2,0,1,,,1
4,2024-12-26 14:17:58,1189999.2,12,26,Independiente,4000000,2000000,93064,95.227787,719.0,3,7,0.0,4403.0,4403.0,0.0,2,0,1,1112685.0,Decreciente,1
9,2025-05-16 18:43:33,4732624.8,10,35,Empleado,3500000,1500000,402875,95.227787,795.0,4,2,0.0,4902.0,4902.0,0.0,1,0,0,1000000.0,Creciente,1
4,2025-02-17 11:35:22,2089894.7999999998,10,37,Independiente,1800000,500000,193186,95.227787,794.0,4,3,0.0,2246.0,2246.0,0.0,2,0,2,,,1
4,2025-05-23 13:01:38,2961480.0,24,35,Independiente,3500000,1000000,131248,95.227787,797.0,9,7,0.0,50363.0,50363.0,0.0,4,0,2,1500710.0,Decreciente,1
9,2024-11-28 12:06:56,901382.4,10,33,Empleado,1300000,400000,76331,95.227787,703.0,14,0,0.0,56837.0,56837.0,,2,0,9,,,1
4,2025-08-06 12:08:01,1979818.7999999998,12,33,Empleado,2278397,1081000,159353,95.227787,813.0,12,6,0.0,17698.0,17698.0,0.0,2,2,1,2208915.0,Creciente,1
4,2025-11-22 15:54:36,4505640.0,6,33,Empleado,2920000,0,686272,95.227787,806.0,1,5,0.0,0.0,0.0,0.0,1,0,0,908526.0,Decreciente,1
4,2025-10-20 16:59:36,1200000.0,12,33,Independiente,2000000,1000000,97192,95.227787,727.0,3,4,0.0,359.0,359.0,0.0,1,0,2,,,1
4,2024-12-12 18:28:00,1295880.0,12,32,Empleado,2000000,600000,101683,95.227787,776.0,3,6,0.0,9718.0,9718.0,0.0,3,0,0,1987364.0,Creciente,1
9,2025-03-17 15:55:52,679606.7999999999,12,31,Empleado,8000000,6000000,47195,95.227787,828.0,6,8,0.0,328712.0,107196.0,0.0,6,0,0,4230555.0,Creciente,1
4,2025-01-22 14:07:58,529320.0,6,31,Independiente,7000000,3000000,78511,95.227787,715.0,9,5,0.0,45559.0,44962.0,0.0,1,2,5,,,1
9,2025-07-07 14:23:11,671040.0,12,29,Independiente,3500000,2000000,46600,95.227787,787.0,2,5,0.0,1601.0,1601.0,0.0,1,0,0,1090000.0,Estable,1
4,2025-03-18 14:56:50,2834040.0,20,30,Independiente,3500000,800000,144037,95.227787,836.0,8,5,0.0,4147.0,4147.0,0.0,6,0,1,1769458.0,Decreciente,1
9,2025-04-21 10:47:00,1498992.0,8,28,Independiente,5000000,2000000,156408,95.227787,704.0,20,9,0.0,114167.0,64167.0,0.0,4,2,9,1100000.0,Creciente,1
4,2024-12-22 11:56:29,3935520.0,12,28,Empleado,2500000,1000000,308807,95.227787,784.0,6,2,0.0,10467.0,10467.0,0.0,5,0,0,1175000.0,Creciente,1
4,2025-01-10 15:32:44,3186720.0,12,28,Empleado,3000000,500000,249573,95.227787,813.0,6,3,0.0,540.0,540.0,0.0,2,0,1,2218110.0,Creciente,1
4,2025-04-19 11:21:17,2245200.0,10,27,Empleado,1600000,500000,207762,95.227787,751.0,8,7,0.0,13656.0,13656.0,0.0,4,0,4,1355041.0,Creciente,1
4,2025-01-10 14:19:40,4099999.1999999997,6,27,Independiente,5000000,1000000,607495,95.227787,726.0,8,9,0.0,9330.0,9330.0,0.0,2,0,5,1088488.0,Creciente,1
4,2025-01-23 12:18:18,1473360.0,12,24,Empleado,1700000,1000000,115602,95.227787,786.0,5,3,0.0,11823.0,11823.0,0.0,2,0,2,1196182.0,Creciente,1
4,2025-04-26 11:11:43,1727880.0,8,23,Empleado,3000000,1800000,196376,95.227787,741.0,6,7,0.0,3148.0,3148.0,0.0,0,0,2,939017.0,Creciente,1
4,2025-01-31 08:16:02,3801000.0,10,23,Independiente,9000000,4000000,351357,85.538247,782.0,3,5,0.0,9403.0,9403.0,0.0,1,0,2,908526.0,Estable,1
4,2025-04-29 17:45:22,2582580.0,24,23,Empleado,2700000,1200000,113506,95.227787,731.0,5,3,0.0,13615.0,13615.0,0.0,3,0,1,1239618.0,Creciente,1
4,2025-05-04 18:36:04,1200000.0,6,37,Independiente,3500000,950000,178838,95.227787,854.0,3,3,0.0,4362.0,4362.0,0.0,2,0,0,,,1
4,2024-12-24 13:08:08,1619880.0,6,27,Empleado,2100000,300000,240432,95.227787,751.0,1,3,0.0,7850.0,7850.0,0.0,0,0,1,1102510.0,Creciente,1
9,2024-12-13 16:29:34,579206.4,2,28,Independiente,5000000,2000000,228209,78.432586,708.0,6,0,0.0,185318.0,177541.0,0.0,1,0,2,,,1
4,2025-03-30 15:53:29,673200.0,6,29,Independiente,9000000,3000000,99989,95.227787,724.0,17,5,0.0,19996.0,19996.0,0.0,2,0,13,,,1
9,2024-11-30 11:38:41,465460.8,2,29,Independiente,3000000,1000000,183393,86.830187,678.0,7,2,0.0,4158.0,4158.0,,0,0,4,,,1
4,2025-03-28 16:07:34,2016000.0,12,33,Independiente,6000000,2000000,159822,91.99794,760.0,4,5,0.0,24968.0,24968.0,0.0,1,0,2,,,1
9,2025-05-11 14:22:00,2797383.6,9,25,Independiente,2000000,1200000,261877,95.227787,700.0,4,4,0.0,3374.0,3374.0,0.0,2,0,1,,,1
9,2025-04-10 15:06:59,1680000.0,4,33,Independiente,5000000,2000000,337521,95.227787,746.0,10,8,0.0,190725.0,190725.0,0.0,6,0,3,931394.0,Creciente,1
4,2025-03-10 09:21:45,2052000.0,6,28,Independiente,3000000,1300000,304970,95.227787,732.0,4,3,0.0,6744.0,6744.0,0.0,0,2,2,1524887.0,Creciente,1
9,2024-12-28 17:49:47,1882200.0,5,24,Empleado,4000000,2000000,305083,89.979287,703.0,11,3,0.0,108191.0,85259.0,0.0,2,0,7,,,1
4,2025-11-17 12:04:54,3689401.1999999997,6,36,Empleado,2220000,67000,561014,95.227787,800.0,5,3,0.0,2765.0,0.0,0.0,1,0,2,3534752.0,Estable,1
4,2025-08-06 13:27:03,2454720.0,18,31,Empleado,1076667,149000,140644,95.227787,793.0,2,6,0.0,500.0,500.0,0.0,1,0,0,33334.0,Creciente,1
4,2025-01-08 13:50:10,1313760.0,12,33,Empleado,2900000,500000,91233,95.227787,774.0,11,1,0.0,16726.0,1268.0,0.0,2,0,2,3025591.0,Creciente,1
4,2025-05-20 16:10:50,3081241.1999999997,10,28,Independiente,3000000,1700000,286629,95.227787,816.0,9,4,0.0,12644.0,12644.0,0.0,3,0,4,,,1
4,2025-06-29 15:32:13,720000.0,12,27,Empleado,1200000,200000,57815,2.130041,698.0,4,10,0.0,3445.0,3445.0,0.0,1,0,2,,,0
4,2026-01-11 10:35:25,382680.0,6,33,Independiente,1763000,509000,58440,95.227787,801.0,4,4,0.0,39416.0,39416.0,0.0,1,1,1,1533204.0,Decreciente,1
4,2025-10-06 13:50:24,1585680.0,12,33,Empleado,2000000,83000,126491,95.227787,776.0,9,4,0.0,914.0,914.0,0.0,2,0,4,977131.0,Creciente,1
4,2025-10-21 12:02:33,1200000.0,24,26,Empleado,2900000,893000,56532,95.227787,723.0,6,5,0.0,43238.0,43238.0,0.0,3,0,1,,,1
4,2025-01-17 16:07:08,1661520.0,12,28,Empleado,1200000,400000,130124,95.227787,783.0,6,3,0.0,56477.0,56477.0,0.0,4,0,2,1100000.0,Estable,1
4,2024-12-26 11:20:12,1624800.0,6,24,Independiente,6000000,400000,240721,86.830187,750.0,5,7,0.0,8455.0,8455.0,0.0,2,0,2,,,1
4,2025-10-22 14:21:52,2160000.0,12,31,Empleado,1510000,69000,175349,95.227787,781.0,2,4,0.0,739.0,739.0,0.0,1,0,0,958333.0,Estable,1
4,2025-01-23 13:29:57,2009880.0,12,31,Empleado,1100000,450000,139575,95.227787,790.0,1,4,0.0,0.0,0.0,0.0,1,0,0,924166.0,Creciente,1
4,2025-08-22 18:51:01,1475880.0,6,29,Empleado,1680000,266000,222147,95.227787,795.0,5,2,0.0,7076.0,7076.0,0.0,2,0,2,1681182.0,Creciente,1
4,2025-08-15 17:42:20,3118081.1999999997,36,26,Empleado,1310000,255000,107760,95.227787,727.0,8,7,0.0,717.0,717.0,0.0,2,0,5,1170833.0,Creciente,1
9,2025-05-13 12:59:45,821208.0,8,26,Independiente,5000000,2000000,85687,95.227787,768.0,3,2,0.0,86.0,86.0,0.0,0,0,1,921593.0,Decreciente,1
4,2026-02-12 10:28:12,1247880.0,6,25,Empleado,2111000,713000,191972,95.227787,727.0,5,3,0.0,3073.0,3073.0,0.0,3,0,2,1372727.0,Creciente,1
4,2025-04-09 14:31:06,1845480.0,24,36,Empleado,1300000,400000,81110,95.227787,795.0,6,8,0.0,28503.0,13986.0,0.0,4,2,0,1167190.0,Creciente,1
4,2025-03-03 16:33:05,676800.0,6,32,Independiente,2500000,800000,100592,89.2295,717.0,4,2,0.0,5416.0,4552.0,0.0,1,0,2,,,1
4,2025-08-25 17:15:02,778560.0,6,29,Empleado,1435000,184000,117199,95.227787,774.0,5,4,0.0,1288.0,1288.0,0.0,2,0,1,1324743.0,Creciente,1
4,2025-04-09 17:23:02,11808000.0,6,36,Independiente,12000000,6000000,1755508,84.730786,822.0,6,2,0.0,41113.0,41113.0,0.0,2,0,0,,,1
4,2025-01-22 12:17:25,1187880.0,12,36,Empleado,5000000,450000,82492,95.227787,902.0,4,2,0.0,35305.0,35305.0,0.0,1,0,1,11278003.0,Decreciente,1
4,2025-03-16 12:42:17,1497600.0,12,36,Empleado,1500000,700000,117804,95.227787,727.0,6,6,0.0,5369.0,5369.0,0.0,1,0,1,870670.0,Creciente,1
4,2025-03-10 17:22:29,1643878.8,12,30,Empleado,3500000,1500000,129299,35.432309,799.0,5,8,0.0,28514.0,28514.0,0.0,4,0,0,1765668.0,Creciente,0
4,2025-06-13 18:05:37,448800.0,6,29,Independiente,1500000,600000,66991,40.818275,773.0,4,6,0.0,35397.0,14037.0,0.0,2,0,0,950105.0,Creciente,0
4,2025-02-20 15:13:06,1884000.0,8,31,Independiente,8000000,6000000,213871,-3.6986,474.0,4,7,582.0,50244.0,50244.0,0.0,2,0,1,1691666.0,Estable,0
4,2025-03-11 17:08:33,2778360.0,6,32,Empleado,4000000,900000,412662,25.419455,787.0,3,4,0.0,6810.0,6810.0,0.0,1,0,1,1726210.0,Creciente,0
4,2025-03-27 14:57:24,556680.0,6,30,Independiente,2000000,700000,82757,18.451409,738.0,0,4,0.0,0.0,,,0,0,0,955038.0,Creciente,0
4,2025-08-25 11:17:32,1638000.0,10,31,Empleado,1871000,1133000,155561,44.043534,790.0,9,11,0.0,72130.0,72130.0,0.0,6,0,3,,,0
4,2025-01-23 08:14:36,5552040.0,12,32,Independiente,5000000,500000,385558,53.342788,761.0,4,5,0.0,47594.0,47594.0,0.0,2,0,1,,,0
6,2025-01-10 12:50:09,1074500.4,10,33,Empleado,877803,0,98643,-16.250449,442.0,7,9,234.0,2421.0,2421.0,0.0,0,0,5,981833.0,Creciente,0
4,2025-01-23 10:39:51,2170440.0,6,30,Empleado,1800000,300000,322137,25.419455,718.0,5,8,0.0,31252.0,31252.0,0.0,2,0,3,1347058.0,Creciente,0
4,2024-12-08 14:10:11,977040.0,10,26,Independiente,1800000,900000,90348,4.182999,740.0,3,4,0.0,6031.0,5632.0,0.0,0,0,3,,,0
4,2025-05-08 15:03:19,1776000.0,24,29,Empleado,1600000,200000,79138,47.613894,789.0,1,2,0.0,0.0,0.0,0.0,0,0,0,999392.0,Decreciente,0
9,2025-06-27 10:59:05,851641.2,10,26,Empleado,1500000,500000,72536,38.111878,739.0,3,4,0.0,13149.0,10800.0,0.0,0,1,1,719249.0,Creciente,0
9,2025-12-04 14:54:20,4272915.6,11,25,Empleado,1228000,0,346834,47.613894,747.0,2,4,0.0,5206.0,5206.0,0.0,0,0,1,3244490.0,Decreciente,0
9,2025-01-12 10:36:12,2522097.6,10,25,Empleado,4000000,1500000,216238,42.181932,708.0,8,3,0.0,42225.0,42225.0,0.0,2,0,4,996568.0,Decreciente,0
4,2025-08-30 18:10:28,1368000.0,24,23,Empleado,1055324,166000,63389,-4.727537,715.0,2,2,0.0,5248.0,5248.0,0.0,0,0,1,1064314.0,Creciente,0
6,2025-02-23 15:55:14,6769875.6,36,30,Empleado,1800000,0,222468,5.474216,736.0,3,6,0.0,10552.0,10552.0,0.0,0,0,3,1073379.0,Creciente,0
4,2025-05-08 16:07:50,2400000.0,8,29,Independiente,1500000,250000,275347,16.693413,782.0,4,3,0.0,16405.0,16405.0,0.0,3,0,1,516667.0,Creciente,0
4,2025-08-04 12:41:31,3744000.0,36,26,Empleado,2500000,15,130000,47.613894,720.0,2,3,0.0,5221.0,5221.0,0.0,1,1,0,30285.0,Creciente,0
4,2025-06-19 14:28:47,4249200.0,36,24,Empleado,2000000,500000,140042,47.613894,807.0,2,2,0.0,1603.0,1603.0,0.0,1,0,0,998859.0,Creciente,0
